"EG0Date","EG0Close","EG0_hpft","EG0_hpfc"
2018-12-11,5541,5404.94989771327,136.050102286735
2018-12-12,5544,5396.79624122056,147.203758779443
2018-12-13,5591,5388.64264096549,202.357359034509
2018-12-14,5606,5380.48921403382,225.510785966178
2018-12-17,5618,5372.3361611577,245.663838842297
2018-12-18,5627,5364.18377628638,262.816223713625
2018-12-19,5620,5356.03245491663,263.967545083368
2018-12-20,5576,5347.88270118293,228.117298817073
2018-12-21,5418,5339.73512833328,78.2648716667224
2018-12-24,5332,5331.59044391021,0.409556089788199
2018-12-25,5174,5323.44938780783,-149.449387807829
2018-12-26,5152,5315.31270008953,-163.312700089527
2018-12-27,5135,5307.18105904231,-172.181059042313
2018-12-28,5134,5299.05507544631,-165.055075446308
2019-01-04,5152,5290.93528890889,-138.935288908894
2019-01-07,5133,5282.82217081034,-149.822170810343
2019-01-08,5080,5274.71613510064,-194.716135100635
2019-01-09,5122,5266.61753379931,-144.617533799311
2019-01-10,5092,5258.52663843808,-166.526638438075
2019-01-11,5117,5250.44366076958,-133.443660769579
2019-01-14,5143,5242.36874371105,-99.3687437110512
2019-01-15,5221,5234.30197501946,-13.3019750194556
2019-01-16,5226,5226.24340137675,-0.243401376745234
2019-01-17,5159,5218.19306396636,-59.1930639663571
2019-01-18,5156,5210.15100387111,-54.1510038711057
2019-01-21,5273,5202.11723770578,70.8827622942199
2019-01-23,5254,5194.09175970133,59.9082402986653
2019-01-25,5234,5186.07459338881,47.9254066111911
2019-01-29,5157,5178.06578706287,-21.0657870628746
2019-01-30,5207,5170.06540882868,36.9345911713239
2019-01-31,5279,5162.07351808355,116.926481916449
2019-02-01,5322,5154.09018949218,167.909810507821
2019-02-11,5223,5146.11554605188,76.8844539481168
2019-02-12,5234,5138.14978016719,95.8502198328074
2019-02-13,5162,5130.19311602357,31.8068839764266
2019-02-14,5170,5122.2458174271,47.7541825729011
2019-02-15,5131,5114.30816133156,16.6918386684383
2019-02-18,5039,5106.38044443037,-67.3804444303739
2019-02-19,5064,5098.4629703167,-34.4629703166975
2019-02-20,5054,5090.55601473134,-36.5560147313414
2019-02-21,5123,5082.65983916952,40.3401608304838
2019-02-25,5135,5074.77469001562,60.2253099843776
2019-02-26,5158,5066.90083032904,91.0991696709562
2019-02-27,5153,5059.03854806394,93.9614519360588
2019-02-28,5175,5051.18816883116,123.811831168843
2019-03-01,5290,5043.35005708143,246.649942918572
2019-03-04,5351,5035.52462844435,315.475371555654
2019-03-05,5333,5027.71240050469,305.287599495312
2019-03-06,5432,5019.91402125199,412.085978748009
2019-03-07,5336,5012.13026486948,323.869735130516
2019-03-08,5298,5004.36207588011,293.63792411989
2019-03-11,5267,4996.61053268156,270.389467318436
2019-03-12,5270,4988.87683504967,281.123164950327
2019-03-13,5241,4981.16229452837,259.83770547163
2019-03-14,5221,4973.4683388666,247.531661133403
2019-03-15,5137,4965.79650321979,171.203496780208
2019-03-18,5127,4958.148425063,168.851574936995
2019-03-19,5107,4950.52581263989,156.474187360113
2019-03-20,5147,4942.93044399063,204.069556009373
2019-03-21,5157,4935.36416183544,221.635838164556
2019-03-22,5126,4927.82889324875,198.171106751246
2019-03-25,5113,4920.32665692037,192.67334307963
2019-03-26,5063,4912.85955345606,150.140446543937
2019-03-27,4983,4905.42976310457,77.5702368954271
2019-03-28,4814,4898.03952817743,-84.0395281774348
2019-03-29,4842,4890.69112305013,-48.6911230501337
2019-04-01,4875,4883.38678735975,-8.38678735975078
2019-04-02,4843,4876.12874061637,-33.128740616367
2019-04-03,4853,4868.91919886336,-15.9191988633617
2019-04-04,4898,4861.76036444993,36.239635550073
2019-04-08,4857,4854.6544331449,2.34556685510183
2019-04-09,4873,4847.60361569715,25.3963843028504
2019-04-10,4871,4840.61012382515,30.3898761748483
2019-04-11,4827,4833.67617974512,-6.67617974512336
2019-04-12,4828,4826.80401823529,1.19598176470657
2019-04-15,4772,4819.99587131434,-47.9958713143422
2019-04-16,4707,4813.25397149505,-106.253971495046
2019-04-17,4704,4806.58053145092,-102.580531450917
2019-04-18,4707,4799.97771993415,-92.9777199341519
2019-04-19,4730,4793.44766329448,-63.4476632944789
2019-04-22,4736,4786.99244944824,-50.992449448237
2019-04-23,4733,4780.61414008494,-47.6141400849446
2019-04-24,4679,4774.314775816,-95.3147758160052
2019-04-25,4627,4768.09637757114,-141.096377571143
2019-04-26,4549,4761.96092688066,-212.960926880656
2019-04-29,4644,4755.91034695134,-111.910346951345
2019-04-30,4617,4749.94647296051,-132.946472960505
2019-05-06,4696,4744.07109382594,-48.0710938259426
2019-05-07,4712,4738.2859435111,-26.2859435111052
2019-05-08,4734,4732.59273610849,1.40726389151187
2019-05-09,4702,4726.99317484541,-24.9931748454072
2019-05-10,4718,4721.48896353066,-3.48896353065893
2019-05-13,4582,4716.08179564183,-134.081795641828
2019-05-14,4437,4710.77336321447,-273.773363214468
2019-05-15,4455,4705.56530285986,-250.565302859864
2019-05-16,4483,4700.45913802253,-217.459138022533
2019-05-17,4404,4695.45628857348,-291.456288573482
2019-05-20,4420,4690.5580844947,-270.558084494698
2019-05-21,4447,4685.76573529195,-238.765735291952
2019-05-22,4407,4681.08033863298,-274.080338632979
2019-05-23,4403,4676.50289348978,-273.502893489777
2019-05-24,4524,4672.03428554025,-148.034285540248
2019-05-27,4503,4667.67528740708,-164.675287407077
2019-05-28,4458,4663.4266105218,-205.426610521797
2019-05-29,4489,4659.28889824567,-170.288898245674
2019-05-30,4485,4655.26270902496,-170.262709024961
2019-05-31,4492,4651.3485309151,-159.348530915097
2019-06-03,4415,4647.54678159188,-232.546781591878
2019-06-04,4445,4643.85781286317,-198.857812863165
2019-06-05,4343,4640.28188041102,-297.281880411019
2019-06-06,4369,4636.81915771754,-267.819157717536
2019-06-10,4387,4633.46969538074,-246.469695380743
2019-06-11,4408,4630.23343329291,-222.233433292913
2019-06-12,4384,4627.1102094655,-243.110209465497
2019-06-13,4403,4624.09977004744,-221.099770047439
2019-06-14,4370,4621.20176069618,-251.201760696185
2019-06-17,4370,4618.41573567523,-248.415735675227
2019-06-18,4417,4615.74114541127,-198.741145411272
2019-06-19,4459,4613.17733764577,-154.177337645773
2019-06-20,4487,4610.72357796905,-123.723577969049
2019-06-21,4437,4608.3790682404,-171.379068240398
2019-06-24,4567,4606.14295917688,-39.142959176885
2019-06-25,4531,4604.01433065426,-73.0143306542587
2019-06-26,4542,4601.99224636818,-59.9922463681784
2019-06-27,4491,4600.07573983335,-109.07573983335
2019-06-28,4408,4598.26381976552,-190.263819765524
2019-07-01,4442,4596.55544979349,-154.55544979349
2019-07-02,4502,4594.94951489816,-92.9495148981587
2019-07-03,4437,4593.44483617384,-156.444836173837
2019-07-04,4477,4592.04019629305,-115.040196293053
2019-07-05,4488,4590.73431326055,-102.734313260548
2019-07-08,4435,4589.52585752763,-154.525857527631
2019-07-09,4242,4588.41345707983,-346.413457079829
2019-07-10,4265,4587.39567602774,-322.39567602774
2019-07-11,4281,4586.47093528844,-305.470935288436
2019-07-12,4274,4585.63752251356,-311.637522513558
2019-07-15,4296,4584.89359908558,-288.893599085579
2019-07-16,4278,4584.23719756838,-306.237197568383
2019-07-17,4360,4583.66623110886,-223.666231108863
2019-07-18,4370,4583.17848626775,-213.178486267751
2019-07-19,4497,4582.77165715139,-85.771657151392
2019-07-22,4486,4582.44334974648,-96.4433497464773
2019-07-23,4393,4582.19113458523,-189.191134585235
2019-07-24,4429,4582.01254233407,-153.012542334074
2019-07-25,4445,4581.90502545526,-136.90502545526
2019-07-26,4464,4581.86597316198,-117.865973161981
2019-07-29,4561,4581.8927180764,-20.8927180764025
2019-07-30,4523,4581.98254409962,-58.9825440996209
2019-07-31,4495,4582.1327264964,-87.1327264963959
2019-08-01,4445,4582.34051615069,-137.340516150693
2019-08-02,4409,4582.60312792912,-173.60312792912
2019-08-05,4287,4582.91771992735,-295.917719927349
2019-08-06,4359,4583.28137848048,-224.281378480478
2019-08-07,4353,4583.69106760313,-230.69106760313
2019-08-08,4373,4584.14365860089,-211.14365860089
2019-08-09,4440,4584.63592742111,-144.635927421109
2019-08-12,4466,4585.16456273275,-119.16456273275
2019-08-13,4457,4585.7261934181,-128.726193418104
2019-08-14,4455,4586.31739910164,-131.317399101645
2019-08-15,4513,4586.9347061976,-73.9347061975991
2019-08-16,4558,4587.57458683891,-29.5745868389078
2019-08-19,4553,4588.23348259685,-35.2334825968511
2019-08-20,4564,4588.90782281779,-24.9078228177888
2019-08-21,4568,4589.59402228388,-21.5940222838798
2019-08-22,4551,4590.28848548149,-39.2884854814874
2019-08-23,4545,4590.98760797083,-45.98760797083
2019-08-26,4622,4591.68776907186,30.3122309281377
2019-08-27,4574,4592.3853290951,-18.3853290950979
2019-08-28,4615,4593.07666088093,21.9233391190728
2019-08-29,4583,4593.75812966995,-10.7581296699469
2019-08-30,4576,4594.42610976501,-18.4261097650099
2019-09-02,4620,4595.07697102203,24.9230289779678
2019-09-03,4582,4595.70707568023,-13.7070756802327
2019-09-04,4587,4596.31279628104,-9.31279628104296
2019-09-05,4637,4596.89049969998,40.1095003000176
2019-09-06,4677,4597.43654896298,79.5634510370202
2019-09-09,4767,4597.94732367563,169.052676324372
2019-09-10,4746,4598.41923633192,147.58076366808
2019-09-11,4780,4598.84876930532,181.151230694679
2019-09-12,4754,4599.23246597332,154.767534026676
2019-09-16,4993,4599.56694459405,393.43305540595
2019-09-17,5322,4599.84888740021,722.151112599792
2019-09-18,5083,4600.07513925389,482.924860746113
2019-09-19,5062,4600.24284352562,461.757156474377
2019-09-20,5009,4600.34934320744,408.650656792561
2019-09-23,5072,4600.39217216346,471.607827836538
2019-09-24,5080,4600.36903317738,479.630966822615
2019-09-25,5173,4600.27782397652,572.722176023476
2019-09-26,4982,4600.11664054853,381.88335945147
2019-09-27,4970,4599.88381562125,370.116184378752
2019-09-30,4983,4599.57783977794,383.422160222058
2019-10-08,4979,4599.19735659272,379.802643407282
2019-10-09,4975,4598.74116813117,376.258831868834
2019-10-10,4814,4598.20823345414,215.791766545864
2019-10-11,4773,4597.59766715232,175.402332847678
2019-10-14,4686,4596.90867301656,89.0913269834392
2019-10-15,4656,4596.1405273418,59.859472658195
2019-10-16,4584,4595.29254324975,-11.2925432497544
2019-10-17,4553,4594.36405860553,-41.3640586055324
2019-10-18,4567,4593.35440660631,-26.3544066063046
2019-10-21,4515,4592.26290335124,-77.2629033512452
2019-10-22,4529,4591.08885404557,-62.0888540455709
2019-10-23,4530,4589.83153195703,-59.8315319570295
2019-10-24,4588,4588.49018468834,-0.490184688337436
2019-10-25,4579,4587.06403511041,-8.06403511041065
2019-10-28,4621,4585.55230589153,35.4476941084659
2019-10-29,4556,4583.95421636653,-27.9542163665344
2019-10-30,4588,4582.26900052268,5.73099947731688
2019-10-31,4575,4580.49588079242,-5.49588079242422
2019-11-01,4566,4578.63408197714,-12.6340819771423
2019-11-04,4543,4576.68282660641,-33.6828266064066
2019-11-05,4554,4574.64133198756,-20.6413319875644
2019-11-06,4472,4572.50880150431,-100.508801504312
2019-11-07,4456,4570.2844300086,-114.284430008597
2019-11-08,4438,4567.96737080567,-129.967370805667
2019-11-11,4451,4565.55672996052,-114.556729960523
2019-11-12,4516,4563.05155981436,-47.0515598143582
2019-11-13,4537,4560.45086535575,-23.4508653557528
2019-11-14,4599,4557.75363212394,41.2463678760632
2019-11-15,4571,4554.95883596452,16.041164035482
2019-11-18,4581,4552.06546977247,28.9345302275308
2019-11-19,4593,4549.07253307375,43.9274669262485
2019-11-20,4602,4545.97903735463,56.0209626453675
2019-11-21,4550,4542.78401225917,7.21598774083283
2019-11-22,4503,4539.48651058838,-36.4865105883844
2019-11-25,4520,4536.08558812603,-16.0855881260305
2019-11-26,4490,4532.5802855738,-42.580285573799
2019-11-27,4544,4528.96963698397,15.0303630160302
2019-11-28,4639,4525.25265880828,113.747341191717
2019-11-29,4600,4521.42837371116,78.5716262888387
2019-12-02,4649,4517.4958513757,131.504148624298
2019-12-03,4752,4513.45419396343,238.545806036566
2019-12-04,4720,4509.30255799423,210.697442005773
2019-12-05,4634,4505.04019859325,128.959801406752
2019-12-06,4552,4500.66645797953,51.3335420204735
2019-12-09,4619,4496.18073167887,122.819268321133
2019-12-10,4645,4491.58243643644,153.417563563561
2019-12-11,4636,4486.87103976587,149.128960234131
2019-12-12,4708,4482.04607259739,225.953927402609
2019-12-13,4589,4477.1071275052,111.892872494796
2019-12-16,4619,4472.05389046376,146.946109536245
2019-12-17,4684,4466.88609369963,217.113906300367
2019-12-18,4644,4461.6035301808,182.3964698192
2019-12-19,4644,4456.20608262138,187.793917378617
2019-12-20,4612,4450.69370913094,161.306290869064
2019-12-23,4572,4445.06644544571,126.933554554294
2019-12-24,4618,4439.32439397913,178.675606020874
2019-12-25,4556,4433.467709614,122.532290385997
2019-12-26,4566,4427.49662109068,138.503378909316
2019-12-27,4586,4421.41140779912,164.588592200883
2019-12-30,4641,4415.21240638094,225.787593619057
2019-12-31,4591,4408.90002151242,182.099978487584
2020-01-02,4631,4402.47475120116,228.525248798843
2020-01-03,4655,4395.93716872735,259.062831272651
2020-01-06,4753,4389.28794183474,363.712058165256
2020-01-07,4712,4382.52784535295,329.472154647054
2020-01-08,4793,4375.65780445548,417.342195544522
2020-01-09,4769,4368.6788805067,400.3211194933
2020-01-10,4892,4361.59230738321,530.407692616787
2020-01-13,4921,4354.39948443847,566.600515561529
2020-01-14,4866,4347.10203027486,518.897969725135
2020-01-15,4817,4339.70179770482,477.29820229518
2020-01-16,4762,4332.20085403234,429.799145967661
2020-01-17,4772,4324.6014638571,447.398536142896
2020-01-20,4729,4316.90606944096,412.093930559042
2020-01-21,4688,4309.11729798178,378.882702018221
2020-01-22,4683,4301.23794702073,381.76205297927
2020-01-23,4676,4293.27097071381,382.729029286194
2020-02-03,4384,4285.21948102219,98.7805189778124
2020-02-04,4360,4277.08674811161,82.9132518883926
2020-02-05,4373,4268.87608297999,104.123917020009
2020-02-06,4399,4260.59083089805,138.409169101948
2020-02-07,4405,4252.23438017733,152.765619822665
2020-02-10,4401,4243.81017634202,157.189823657977
2020-02-11,4407,4235.3217280634,171.678271936603
2020-02-12,4412,4226.7726089889,185.227391011098
2020-02-13,4424,4218.16646373071,205.833536269291
2020-02-14,4416,4209.50701346656,206.492986533444
2020-02-17,4471,4200.79806445766,270.201935542336
2020-02-18,4430,4192.0435083209,237.956491679103
2020-02-19,4453,4183.24734836388,269.752651636118
2020-02-20,4489,4174.41368625587,314.586313744129
2020-02-21,4516,4165.54673517106,350.453264828941
2020-02-24,4458,4156.6508383209,301.349161679101
2020-02-25,4483,4147.73048378014,335.269516219857
2020-02-26,4418,4138.79028418917,279.209715810826
2020-02-27,4391,4129.83499077534,261.165009224664
2020-02-28,4336,4120.86947018002,215.130529819976
2020-03-02,4367,4111.89869699975,255.101303000251
2020-03-03,4364,4102.92773475732,261.072265242677
2020-03-04,4354,4093.96175242419,260.03824757581
2020-03-05,4340,4085.00602688857,254.993973111433
2020-03-06,4286,4076.06594252806,209.934057471941
2020-03-09,4069,4067.14698912444,1.8530108755586
2020-03-10,4122,4058.25474323786,63.7452567621355
2020-03-11,4054,4049.3947821944,4.60521780559615
2020-03-12,4000,4040.57270966986,-40.5727096698593
2020-03-13,4001,4031.79413124363,-30.7941312436299
2020-03-16,3895,4023.06463572412,-128.064635724124
2020-03-17,3838,4014.38979919045,-176.389799190451
2020-03-18,3700,4005.7751447852,-305.775144785203
2020-03-19,3591,3997.22612273837,-406.226122738367
2020-03-20,3666,3988.74805688468,-322.748056884675
2020-03-23,3474,3980.34610314163,-506.346103141625
2020-03-24,3362,3972.02528401537,-610.025284015374
2020-03-25,3312,3963.7904127091,-651.790412709098
2020-03-26,3280,3955.64605026588,-675.646050265877
2020-03-27,3162,3947.59648830508,-785.596488305077
2020-03-30,2935,3939.64573916105,-1004.64573916105
2020-03-31,3121,3931.79749043439,-810.797490434389
2020-04-01,3113,3924.0550144451,-811.055014445098
2020-04-02,3358,3916.42124836234,-558.421248362337
2020-04-03,3337,3908.8987940976,-571.898794097599
2020-04-07,3560,3901.49002273372,-341.490022733719
2020-04-08,3541,3894.19706895359,-353.197068953592
2020-04-09,3605,3887.02192628157,-282.02192628157
2020-04-10,3637,3879.96644224467,-242.966442244667
2020-04-13,3504,3873.03234779362,-369.032347793621
2020-04-14,3577,3866.22127344611,-289.22127344611
2020-04-15,3556,3859.53469717688,-303.534697176883
2020-04-16,3553,3852.97397740854,-299.973977408541
2020-04-17,3640,3846.54034709429,-206.540347094288
2020-04-20,3712,3840.23491519055,-128.234915190549
2020-04-21,3512,3834.05870527786,-322.058705277864
2020-04-22,3295,3828.01268792987,-533.012687929865
2020-04-23,3519,3822.09770059395,-303.097700593954
2020-04-24,3407,3816.31436039138,-409.314360391376
2020-04-27,3454,3810.66315915542,-356.663159155418
2020-04-28,3500,3805.14441952469,-305.144419524691
2020-04-29,3601,3799.75831670794,-198.758316707935
2020-04-30,3665,3794.5048997795,-129.504899779503
2020-05-06,3697,3789.38413565501,-92.3841356550145
2020-05-07,3690,3784.39593771762,-94.3959377176157
2020-05-08,3665,3779.5401811633,-114.540181163303
2020-05-11,3610,3774.8167021678,-164.816702167795
2020-05-12,3594,3770.22528956095,-176.225289560954
2020-05-13,3605,3765.76566404407,-160.765664044073
2020-05-14,3677,3761.43747347435,-84.4374734743489
2020-05-15,3731,3757.24029925385,-26.2402992538465
2020-05-18,3694,3753.17368788204,-59.1736878820381
2020-05-19,3699,3749.23717501186,-50.2371750118556
2020-05-20,3746,3745.43027183638,0.569728163619132
2020-05-21,3799,3741.75246878269,57.2475312173147
2020-05-22,3704,3738.2032565128,-34.2032565128005
2020-05-25,3734,3734.78214935308,-0.782149353079831
2020-05-26,3734,3731.48864749142,2.51135250857679
2020-05-27,3744,3728.32225079251,15.6777492074944
2020-05-28,3746,3725.2824601589,20.7175398411025
2020-05-29,3717,3722.36878297419,-5.36878297419108
2020-06-01,3793,3719.58073518548,73.4192648145161
2020-06-02,3766,3716.91783052058,49.0821694794219
2020-06-03,3818,3714.37961305579,103.620386944212
2020-06-04,3767,3711.96564715632,55.0343528436823
2020-06-05,3738,3709.67554001954,28.3244599804586
2020-06-08,3772,3707.50892159201,64.4910784079913
2020-06-09,3709,3705.46543352837,3.53456647163117
2020-06-10,3725,3703.5447441414,21.455255858597
2020-06-11,3684,3701.74652320497,-17.7465232049677
2020-06-12,3644,3700.07044936141,-56.0704493614093
2020-06-15,3610,3698.5161939176,-88.5161939175983
2020-06-16,3662,3697.083405003,-35.0834050030008
2020-06-17,3642,3695.77169415801,-53.7716941580104
2020-06-18,3675,3694.58065842107,-19.58065842107
2020-06-19,3729,3693.50987260363,35.4901273963653
2020-06-22,3699,3692.55890342348,6.44109657652141
2020-06-23,3704,3691.72733226797,12.2726677320301
2020-06-24,3673,3691.01474318718,-18.0147431871843
2020-06-29,3595,3690.4207253047,-95.4207253047043
2020-06-30,3605,3689.94486029716,-84.9448602971552
2020-07-01,3600,3689.58669039797,-89.5866903979702
2020-07-02,3614,3689.34572272794,-75.3457227279407
2020-07-03,3615,3689.22142737636,-74.2214273763645
2020-07-06,3630,3689.21324328763,-59.2132432876323
2020-07-07,3548,3689.32057872561,-141.320578725612
2020-07-08,3567,3689.54281747871,-122.542817478715
2020-07-09,3573,3689.87928491826,-116.879284918256
2020-07-10,3479,3690.32925576147,-211.329255761474
2020-07-13,3530,3690.89195641249,-160.891956412494
2020-07-14,3544,3691.56652592045,-147.566525920447
2020-07-15,3584,3692.35203682808,-108.352036828085
2020-07-16,3575,3693.24750068035,-118.24750068035
2020-07-17,3558,3694.25188423353,-136.251884233531
2020-07-20,3577,3695.36410536503,-118.364105365034
2020-07-21,3598,3696.58302563183,-98.5830256318314
2020-07-22,3641,3697.90745766333,-56.9074576633303
2020-07-23,3664,3699.33617333874,-35.3361733387446
2020-07-24,3710,3700.86792101426,9.13207898574022
2020-07-27,3729,3702.50143443957,26.498565560429
2020-07-28,3712,3704.23545113899,7.76454886101234
2020-07-29,3733,3706.06871959024,26.931280409762
2020-07-30,3706,3707.99999148083,-1.99999148083254
2020-07-31,3748,3710.02802963038,37.9719703696228
2020-08-03,3702,3712.15159603181,-10.1515960318077
2020-08-04,3762,3714.36946837407,47.6305316259268
2020-08-05,3803,3716.68042015,86.3195798499984
2020-08-06,3772,3719.08324454102,52.9167554589847
2020-08-07,3776,3721.57677040952,54.4232295904846
2020-08-10,3751,3724.15984849165,26.8401515083514
2020-08-11,3722,3726.83135201951,-4.83135201950802
2020-08-12,3716,3729.59016532039,-13.5901653203881
2020-08-13,3747,3732.43517072418,14.5648292758187
2020-08-14,3917,3735.36524494334,181.63475505666
2020-08-17,3986,3738.37927071059,247.620729289409
2020-08-18,3978,3741.47620583918,236.523794160823
2020-08-19,3917,3744.655110499,172.344889500996
2020-08-20,3897,3747.91514262948,149.08485737052
2020-08-21,3898,3751.25553141023,146.744468589772
2020-08-24,3882,3754.67556764645,127.324432353551
2020-08-25,3912,3758.17460280198,153.82539719802
2020-08-26,3920,3761.75204097107,158.247959028928
2020-08-27,3945,3765.40734983357,179.592650166434
2020-08-28,3946,3769.14006248232,176.859937517681
2020-08-31,4040,3772.94978624675,267.050213753247
2020-09-01,4079,3776.83620156306,302.163798436941
2020-09-02,4071,3780.79909925517,290.200900744834
2020-09-03,4042,3784.83839504931,257.161604950686
2020-09-04,4042,3788.95412462941,253.045875370585
2020-09-07,4027,3793.14642997951,233.853570020492
2020-09-08,4050,3797.41555768247,252.584442317533
2020-09-09,3984,3801.76185098701,182.238149012993
2020-09-10,3935,3806.18575754994,128.814242450061
2020-09-11,3932,3810.68780035829,121.312199641713
2020-09-14,4033,3815.2685556454,217.731444354599
2020-09-15,4017,3819.92864979032,197.071350209683
2020-09-16,3967,3824.66879917344,142.331200826559
2020-09-17,3900,3829.48980163668,70.5101983633249
2020-09-18,3913,3834.39251385589,78.607486144108
2020-09-21,3864,3839.37782165292,24.6221783470753
2020-09-22,3791,3844.4466433429,-53.4466433429046
2020-09-23,3754,3849.59990741883,-95.5999074188345
2020-09-24,3780,3854.83852028082,-74.8385202808187
2020-09-25,3762,3860.16334881202,-98.1633488120185
2020-09-28,3744,3865.57522896023,-121.575228960234
2020-09-29,3736,3871.07495609633,-135.074956096329
2020-09-30,3724,3876.66327533725,-152.663275337252
2020-10-09,3775,3882.34087596516,-107.340875965159
2020-10-12,3855,3888.10838415727,-33.1083841572655
2020-10-13,3877,3893.9663817205,-16.9663817205048
2020-10-14,3959,3899.91543677605,59.0845632239493
2020-10-15,3918,3905.95611043191,12.0438895680937
2020-10-16,3927,3912.0889882194,14.9110117806011
2020-10-19,3945,3918.31466064808,26.6853393519163
2020-10-20,3986,3924.6337243911,61.3662756088972
2020-10-21,3961,3931.04678715262,29.9532128473757
2020-10-22,3940,3937.55448200291,2.44551799709125
2020-10-23,3871,3944.15745439354,-73.1574543935396
2020-10-26,3881,3950.85635078718,-69.8563507871821
2020-10-27,3829,3957.65178740618,-128.651787406178
2020-10-28,3820,3964.54435159702,-144.544351597024
2020-10-29,3788,3971.53457752643,-183.534577526428
2020-10-30,3740,3978.62293961262,-238.622939612617
2020-11-02,3792,3985.80983640817,-193.809836408165
2020-11-03,3831,3993.09556782803,-162.095567828033
2020-11-04,3860,4000.48035367435,-140.480353674345
2020-11-05,3721,4007.96434674523,-286.964346745232
2020-11-06,3667,4015.54764177008,-348.547641770076
2020-11-09,3705,4023.23021485862,-318.230214858618
2020-11-10,3754,4031.01189804499,-277.011898044991
2020-11-11,3800,4038.89239181988,-238.892391819876
2020-11-12,3713,4046.87128216818,-333.871282168176
2020-11-13,3624,4054.94805632671,-430.948056326708
2020-11-16,3682,4063.1220635229,-381.122063522903
2020-11-17,3635,4071.39247484765,-436.392474847651
2020-11-18,3763,4079.75830385148,-316.758303851484
2020-11-19,3790,4088.21838369761,-298.218383697609
2020-11-20,3843,4096.77141661421,-253.771416614209
2020-11-23,3846,4105.415981558,-259.415981558
2020-11-24,3870,4114.15055258702,-244.150552587024
2020-11-25,3874,4122.97349652666,-248.973496526661
2020-11-26,3821,4131.88307928085,-310.883079280848
2020-11-27,3886,4140.87746383755,-254.877463837546
2020-11-30,3829,4149.95468467811,-320.954684678109
2020-12-01,3854,4159.11267092772,-305.112670927723
2020-12-02,3791,4168.34921904218,-377.349219042184
2020-12-03,3787,4177.66199935574,-390.661999355742
2020-12-04,3872,4187.0485262217,-315.048526221705
2020-12-07,4079,4196.50615250924,-117.506152509236
2020-12-08,4040,4206.03210085947,-166.032100859465
2020-12-09,4044,4215.62354534097,-171.623545340969
2020-12-10,3954,4225.27759139138,-271.277591391381
2020-12-11,4038,4234.99127350603,-196.991273506034
2020-12-14,4127,4244.761514045,-117.761514045
2020-12-15,4160,4254.58515394017,-94.5851539401731
2020-12-16,4145,4264.45898544556,-119.458985445564
2020-12-17,4225,4274.37976171733,-49.3797617173278
2020-12-18,4222,4284.34418653227,-62.3441865322728
2020-12-21,4194,4294.3489432555,-100.348943255496
2020-12-22,4222,4304.39068948151,-82.3906894815105
2020-12-23,4217,4314.46604132463,-97.4660413246263
2020-12-24,4242,4324.57158084215,-82.5715808421513
2020-12-25,4345,4334.7038498029,10.2961501971015
2020-12-28,4281,4344.8593558439,-63.8593558438998
2020-12-29,4187,4355.03461085812,-168.034610858118
2020-12-30,4237,4365.22610034168,-128.226100341677
2020-12-31,4398,4375.43024033198,22.5697596680153
2021-01-04,4503,4385.64339386288,117.356606137124
2021-01-05,4421,4395.86193329767,25.1380667023269
2021-01-06,4450,4406.08227951016,43.9177204898365
2021-01-07,4438,4416.30086376521,21.6991362347895
2021-01-08,4416,4426.5141354815,-10.5141354814962
2021-01-11,4429,4436.71855304726,-7.71855304725699
2021-01-12,4541,4446.91057050462,94.0894294953833
2021-01-13,4542,4457.08663870511,84.9133612948859
2021-01-14,4402,4467.24324739312,-65.2432473931229
2021-01-15,4434,4477.37692141276,-43.3769214127597
2021-01-18,4448,4487.48415863923,-39.484158639231
2021-01-19,4429,4497.56143901749,-68.5614390174891
2021-01-20,4480,4507.60522617129,-27.6052261712895
2021-01-21,4442,4517.61195538382,-75.6119553838226
2021-01-22,4293,4527.57805052737,-234.578050527371
2021-01-25,4369,4537.49990421937,-168.499904219367
2021-01-26,4310,4547.37381211203,-237.373812112029
2021-01-27,4433,4557.19600020655,-124.196000206545
2021-01-28,4487,4566.96259638328,-79.9625963832806
2021-01-29,4659,4576.66967718492,82.3303228150769
2021-02-01,4648,4586.31328610102,61.6867138989836
2021-02-02,4761,4595.88950065292,165.110499347077
2021-02-03,4711,4605.39442386099,105.605576139014
2021-02-04,4709,4614.8242269954,94.175773004603
2021-02-05,4646,4624.1751249796,21.8248750203976
2021-02-08,4705,4633.44337166542,71.5566283345831
2021-02-09,4624,4642.62522992647,-18.6252299264684
2021-02-10,4560,4651.71699221459,-91.716992214587
2021-02-18,4986,4660.71494328311,325.285056716895
2021-02-19,5060,4669.61532997292,390.384670027083
2021-02-22,5497,4678.4145335848,818.585466415196
2021-02-23,5416,4687.10909678895,728.890903211054
2021-02-24,5517,4695.69590062555,821.304099374449
2021-02-25,5914,4704.17212742939,1209.82787257061
2021-02-26,5976,4712.53529902924,1263.46470097076
2021-03-01,6032,4720.78343734792,1311.21656265208
2021-03-02,5648,4728.9150865739,919.084913426097
2021-03-03,5687,4736.92933289952,950.070667100483
2021-03-04,5730,4744.82564243013,985.174357569872
2021-03-05,5824,4752.60387399217,1071.39612600783
2021-03-08,5970,4760.2642936435,1209.7357063565
2021-03-09,5506,4767.80761031406,738.192389685938
2021-03-10,5423,4775.23503298952,647.764967010482
2021-03-11,5276,4782.54807579521,493.45192420479
2021-03-12,5247,4789.74852061608,457.251479383916
2021-03-15,5270,4796.83835331016,473.161646689845
2021-03-16,5240,4803.81974874519,436.180251254811
2021-03-17,5165,4810.69507737469,354.304922625314
2021-03-18,5076,4817.46688995156,258.533110048438
2021-03-19,4917,4824.13788368434,92.8621163156564
2021-03-22,5035,4830.71086264847,204.289137351528
2021-03-23,5006,4837.18866930487,168.811330695127
2021-03-24,5116,4843.57423055945,272.42576944055
2021-03-25,5031,4849.87054309798,181.129456902017
2021-03-26,4801,4856.08071621627,-55.0807162162714
2021-03-29,4730,4862.20793408129,-132.207934081292
2021-03-30,4841,4868.25535809214,-27.2553580921398
2021-03-31,4799,4874.22609499853,-75.2260949985319
2021-04-01,4860,4880.12324028378,-20.1232402837764
2021-04-02,4953,4885.94985833596,67.0501416640409
2021-04-06,4959,4891.70900522481,67.2909947751922
2021-04-07,4968,4897.40376473587,70.5962352641342
2021-04-08,4886,4903.03724847028,-17.0372484702797
2021-04-09,4778,4908.61259721061,-130.612597210608
2021-04-12,4677,4914.13294469694,-237.132944696939
2021-04-13,4689,4919.60137067948,-230.601370679483
2021-04-14,4726,4925.02085688711,-199.020856887113
2021-04-15,4850,4930.39428972746,-80.3942897274643
2021-04-16,4842,4935.72447334092,-93.7244733409194
2021-04-19,4789,4941.01417863607,-152.014178636071
2021-04-20,4692,4946.26613777958,-254.266137779576
2021-04-21,4597,4951.48302010163,-354.483020101633
2021-04-22,4622,4956.66738982889,-334.667389828891
2021-04-23,4635,4961.82166465908,-326.821664659083
2021-04-26,4575,4966.94812395187,-391.948123951871
2021-04-27,4628,4972.04891197194,-344.048911971945
2021-04-28,4685,4977.12601096842,-292.126010968417
2021-04-29,4687,4982.18126097452,-295.181260974517
2021-04-30,4692,4987.21638127022,-295.216381270223
2021-05-06,4795,4992.23296911946,-197.232969119461
2021-05-07,4926,4997.23249975558,-71.2324997555829
2021-05-10,5008,5002.2163668838,5.78363311620418
2021-05-11,4957,5007.18593476463,-50.1859347646303
2021-05-12,5225,5012.14257004931,212.857429950685
2021-05-13,5047,5017.08761864428,29.9123813557179
2021-05-14,4911,5022.02251444263,-111.022514442627
2021-05-17,4892,5026.94870370202,-134.948703702015
2021-05-18,4930,5031.86758678789,-101.867586787887
2021-05-19,4886,5036.78050828332,-150.78050828332
2021-05-20,4897,5041.68877066342,-144.688770663418
2021-05-21,4902,5046.59361407669,-144.593614076688
2021-05-24,4840,5051.49621886312,-211.496218863118
2021-05-25,4849,5056.39770559351,-207.397705593512
2021-05-26,5013,5061.29910741464,-48.2991074146389
2021-05-27,4871,5066.2013717434,-195.201371743396
2021-05-28,4932,5071.10542603177,-139.105426031773
2021-05-31,4992,5076.01211704336,-84.0121170433598
2021-06-01,5089,5080.92223404117,8.07776595883362
2021-06-02,5002,5085.83653156095,-83.8365315609517
2021-06-03,5018,5090.75576747752,-72.7557674775152
2021-06-04,5025,5095.680665011,-70.6806650109968
2021-06-07,4818,5100.61191730724,-282.611917307237
2021-06-08,4775,5105.55018829552,-330.550188295522
2021-06-09,4777,5110.49602508475,-333.496025084747
2021-06-10,4774,5115.44983814756,-341.449838147555
2021-06-11,4818,5120.41190010291,-302.411900102909
2021-06-15,4785,5125.38234242807,-340.382342428074
2021-06-16,4854,5130.36117159539,-276.361171595386
2021-06-17,4870,5135.34825337679,-265.34825337679
2021-06-18,4766,5140.34333930765,-374.343339307652
2021-06-21,4675,5145.34607123905,-470.346071239046
2021-06-22,4813,5150.35593628356,-337.35593628356
2021-06-23,4913,5155.37222713163,-242.372227131629
2021-06-24,4917,5160.3940970243,-243.394097024296
2021-06-25,4998,5165.42059901569,-167.420599015689
2021-06-28,4953,5170.4506855506,-217.450685550597
2021-06-29,4939,5175.48323986886,-236.48323986886
2021-06-30,4913,5180.51705532496,-267.517055324957
2021-07-01,4913,5185.5508275207,-272.550827520699
2021-07-02,5078,5190.58314147711,-112.583141477113
2021-07-05,5144,5195.61246955367,-51.6124695536662
2021-07-06,5167,5200.63723757248,-33.6372375724798
2021-07-07,5025,5205.65585002116,-180.655850021164
2021-07-08,4987,5210.66669748303,-223.666697483033
2021-07-09,4988,5215.66809586555,-227.668095865547
2021-07-12,5032,5220.65826862137,-188.658268621367
2021-07-13,5133,5225.63534509428,-92.6353450942805
2021-07-14,5258,5230.59737664435,27.402623355652
2021-07-15,5225,5235.54237633994,-10.5423763399419
2021-07-16,5285,5240.46836857649,44.5316314235082
2021-07-19,5385,5245.37337339168,139.626626608315
2021-07-20,5341,5250.25542923077,90.744570769228
2021-07-21,5414,5255.11263225509,158.887367744911
2021-07-22,5420,5259.94311613609,160.056883863908
2021-07-23,5361,5264.74508022287,96.2549197771287
2021-07-26,5377,5269.51679002562,107.48320997438
2021-07-27,5321,5274.25655084249,46.7434491575077
2021-07-28,5348,5278.96271240076,69.0372875992375
2021-07-29,5447,5283.63364374961,163.366356250387
2021-07-30,5469,5288.26774247551,180.732257524493
2021-08-02,5329,5292.86347369405,36.1365263059517
2021-08-03,5249,5297.41937722811,-48.4193772281074
2021-08-04,5350,5301.93400783812,48.0659921618826
2021-08-05,5357,5306.40590026975,50.594099730251
2021-08-06,5444,5310.83360913722,133.16639086278
2021-08-09,5471,5315.21570996844,155.78429003156
2021-08-10,5376,5319.55083333693,56.4491666630706
2021-08-11,5312,5323.83767421105,-11.8376742110506
2021-08-12,5246,5328.07495089312,-82.0749508931248
2021-08-13,5141,5332.26137679219,-191.261376792189
2021-08-16,5107,5336.39563139082,-229.395631390825
2021-08-17,5092,5340.47631511173,-248.476315111731
2021-08-18,5009,5344.50193355485,-335.501933554854
2021-08-19,4891,5348.47088960986,-457.470889609857
2021-08-20,4889,5352.38144748346,-463.381447483465
2021-08-23,4948,5356.2316822824,-408.231682282404
2021-08-24,4941,5360.01947757021,-419.019477570208
2021-08-25,4962,5363.7425481635,-401.7425481635
2021-08-26,4869,5367.39843567345,-498.398435673452
2021-08-27,5080,5370.98451564684,-290.984515646841
2021-08-30,4999,5374.49795761275,-375.497957612747
2021-08-31,5008,5377.93581081866,-369.935810818662
2021-09-01,5015,5381.2949692965,-366.294969296497
2021-09-02,5128,5384.57217416174,-256.572174161743
2021-09-03,5160,5387.76401511804,-227.76401511804
2021-09-06,5196,5390.86697581225,-194.866975812252
2021-09-07,5280,5393.87744574316,-113.877445743163
2021-09-08,5270,5396.79173385925,-126.791733859245
2021-09-09,5239,5399.60610203641,-160.606102036406
2021-09-10,5247,5402.31675974015,-155.316759740155
2021-09-13,5328,5404.91985004789,-76.919850047892
2021-09-14,5443,5407.41145183523,35.5885481647725
2021-09-15,5422,5409.78761218231,12.2123878176948
2021-09-16,5454,5412.04439288004,41.9556071199594
2021-09-17,5428,5414.17786076757,13.8221392324258
2021-09-22,5438,5416.18410002648,21.8158999735159
2021-09-23,5552,5418.05920055246,133.940799447538
2021-09-24,5642,5419.79926125848,222.200738741517
2021-09-27,5885,5421.40043642368,463.599563576325
2021-09-28,6161,5422.85897217569,738.141027824312
2021-09-29,6055,5424.1713062756,630.828693724396
2021-09-30,6470,5425.33418160246,1044.66581839754
2021-10-08,6384,5426.34460179455,957.655398205447
2021-10-11,6890,5427.20000231286,1462.79999768714
2021-10-12,6873,5427.89821447472,1445.10178552528
2021-10-13,6392,5428.43767426017,963.562325739829
2021-10-14,6597,5428.81741499569,1168.18258500431
2021-10-15,6959,5429.03686830645,1529.96313169355
2021-10-18,7432,5429.09594869727,2002.90405130273
2021-10-19,7324,5428.9952030978,1895.0047969022
2021-10-20,6769,5428.7360063578,1340.2639936422
2021-10-21,6507,5428.3205166455,1078.6794833545
2021-10-22,6303,5427.75144614132,875.248553858681
2021-10-25,6257,5427.03195290727,829.968047092731
2021-10-26,6071,5426.16555679875,644.834443201251
2021-10-27,5586,5425.15612074623,160.843879253768
2021-10-28,5773,5424.007774229,348.992225771005
2021-10-29,5481,5422.72471321244,58.2752867875602
2021-11-01,5659,5421.31127792155,237.688722078451
2021-11-02,5710,5419.7718326698,290.228167330198
2021-11-03,5690,5418.11084002153,271.889159978472
2021-11-04,5563,5416.33288251017,146.667117489828
2021-11-05,5411,5414.44265505698,-3.44265505697603
2021-11-08,5478,5412.44491320926,65.5550867907424
2021-11-09,5410,5410.34441109159,-0.344411091585428
2021-11-10,5459,5408.1459299262,50.8540700737994
2021-11-11,5431,5405.85425079306,25.1457492069425
2021-11-12,5158,5403.474175793,-245.474175792997
2021-11-15,5173,5401.01051742139,-228.010517421395
2021-11-16,5208,5398.46798670421,-190.467986704206
2021-11-17,5116,5395.85120041697,-279.851200416966
2021-11-18,4965,5393.16469660364,-428.164696603644
2021-11-19,5091,5390.41289762864,-299.412897628635
2021-11-22,5134,5387.60004887075,-253.600048870754
2021-11-23,5200,5384.73027194319,-184.730271943192
2021-11-24,5216,5381.80758363113,-165.807583631133
2021-11-25,5267,5378.83592435981,-111.835924359808
2021-11-26,5055,5375.81916601622,-320.819166016217
2021-11-29,4929,5372.76113425882,-443.761134258824
2021-11-30,4863,5369.66552213248,-506.665522132478
2021-12-01,4962,5366.53583924889,-404.53583924889
2021-12-02,4919,5363.37538578466,-444.375385784658
2021-12-03,4839,5360.18729469751,-521.187294697508
2021-12-06,4730,5356.97451525829,-626.974515258292
2021-12-07,4844,5353.73978129995,-509.739781299946
2021-12-08,4873,5350.48556748941,-477.485567489408
2021-12-09,4937,5347.21413778769,-410.214137787686
2021-12-10,4770,5343.92755878239,-573.927558782393
2021-12-13,4931,5340.62772749517,-409.627727495166
2021-12-14,4988,5337.31630370906,-349.316303709059
2021-12-15,4909,5333.99477788349,-424.994777883492
2021-12-16,4955,5330.66449608457,-375.664496084572
2021-12-17,4954,5327.32662870264,-373.32662870264
2021-12-20,4749,5323.98219084346,-574.982190843462
2021-12-21,4725,5320.63204329458,-595.632043294578
2021-12-22,4750,5317.27680916904,-567.27680916904
2021-12-23,4737,5313.91686536951,-576.916865369512
2021-12-24,4858,5310.55235430926,-452.552354309257
2021-12-27,4776,5307.18317992731,-531.18317992731
2021-12-28,4819,5303.80905909576,-484.809059095762
2021-12-29,4865,5300.42948911692,-435.429489116919
2021-12-30,4905,5297.04376689254,-392.043766892539
2021-12-31,4935,5293.65100933534,-358.651009335338
2022-01-04,5051,5290.25017130288,-239.250171302882
2022-01-05,5055,5286.84005940085,-231.840059400855
2022-01-06,5145,5283.41938133853,-138.41938133853
2022-01-07,5278,5279.98674899183,-1.98674899183338
2022-01-10,5190,5276.54071701965,-86.5407170196515
2022-01-11,5103,5273.07983925968,-170.079839259679
2022-01-12,5138,5269.60263377712,-131.602633777116
2022-01-13,5199,5266.10754833303,-67.1075483330258
2022-01-14,5361,5262.59297628923,98.407023710769
2022-01-17,5312,5259.05728326798,52.9427167320152
2022-01-18,5313,5255.49887556903,57.5011244309697
2022-01-19,5335,5251.91618137655,83.0838186234514
2022-01-20,5386,5248.30765264335,137.692347356647
2022-01-21,5237,5244.67177566574,-7.67177566574393
2022-01-24,5338,5241.0070936565,96.9929063435042
2022-01-25,5196,5237.3121466572,-41.3121466572036
2022-01-26,5369,5233.5855148024,135.414485197604
2022-01-27,5508,5229.82576114983,278.174238850166
2022-01-28,5437,5226.0315047322,210.968495267802
2022-02-07,5533,5222.20147956823,310.798520431772
2022-02-08,5489,5218.33450688253,270.66549311747
2022-02-09,5285,5214.42953637133,70.5704636286733
2022-02-10,5266,5210.48562961306,55.5143703869363
2022-02-11,5137,5206.50187735717,-69.5018773571742
2022-02-14,5233,5202.47739330059,30.5226066994108
2022-02-15,5272,5198.41126241079,73.5887375892074
2022-02-16,5132,5194.3025822722,-62.3025822722021
2022-02-17,5009,5190.15048088787,-181.150480887872
2022-02-18,5051,5185.95406050744,-134.954060507443
2022-02-21,5013,5181.71234850018,-168.712348500184
2022-02-22,5017,5177.4243164508,-160.424316450804
2022-02-23,5024,5173.08886620522,-149.088866205216
2022-02-24,5128,5168.7048332962,-40.7048332962013
2022-02-25,5005,5164.27099162934,-159.270991629336
2022-02-28,4897,5159.78609828442,-262.786098284418
2022-03-01,5036,5155.24884450495,-119.248844504949
2022-03-02,5259,5150.65781290929,108.342187090708
2022-03-03,5507,5146.01153682317,360.98846317683
2022-03-04,5422,5141.30859435656,280.691405643442
2022-03-07,5699,5136.5477128375,562.452287162505
2022-03-08,5574,5131.72773562057,442.272264379428
2022-03-09,5790,5126.84773855569,663.152261444311
2022-03-10,5457,5121.90698031014,335.093019689858
2022-03-11,5408,5116.90499367181,291.095006328187
2022-03-14,5132,5111.84144994249,20.1585500575133
2022-03-15,5055,5106.71614075101,-51.7161407510123
2022-03-16,5190,5101.52886605879,88.4711339412058
2022-03-17,5141,5096.27940445008,44.720595549925
2022-03-18,5311,5090.96757107947,220.032428920532
2022-03-21,5217,5085.59319958717,131.406800412834
2022-03-22,5168,5080.15621456598,87.8437854340206
2022-03-23,5151,5074.65659492697,76.3434050730312
2022-03-24,5092,5069.09435589242,22.9056441075763
2022-03-25,5242,5063.46954424181,178.530455758193
2022-03-28,5254,5057.78221622278,196.217783777224
2022-03-29,5275,5052.03250188056,222.967498119438
2022-03-30,5249,5046.22061236872,202.77938763128
2022-03-31,5128,5040.34685100669,87.6531489933144
2022-04-01,5074,5034.41160493464,39.5883950653616
2022-04-06,5063,5028.4152975252,34.5847024748003
2022-04-07,5064,5022.35836851506,41.6416314849426
2022-04-08,5048,5016.24127193705,31.7587280629517
2022-04-11,4825,5010.06447903684,-185.06447903684
2022-04-12,4896,5003.82847418786,-107.828474187863
2022-04-13,4782,4997.53366526535,-215.533665265353
2022-04-14,4814,4991.18041557272,-177.180415572723
2022-04-15,4810,4984.76899932022,-174.768999320223
2022-04-18,4902,4978.29961747904,-76.2996174790389
2022-04-19,4932,4971.77239877774,-39.772398777742
2022-04-20,4966,4965.18744040568,0.812559594320206
2022-04-21,4930,4958.54482311195,-28.5448231119457
2022-04-22,4952,4951.84462798172,0.1553720182776
2022-04-25,4792,4945.08692430051,-153.086924300511
2022-04-26,4682,4938.27178141831,-256.271781418313
2022-04-27,4684,4931.3992054052,-247.399205405203
2022-04-28,4852,4924.46909639872,-72.4690963987213
2022-04-29,4969,4917.48125227135,51.5187477286536
2022-05-05,5083,4910.43544093988,172.564559060122
2022-05-06,5036,4903.331451617,132.668548383003
2022-05-09,4976,4896.16914484653,79.8308551534738
2022-05-10,5011,4888.94843601223,122.051563987768
2022-05-11,5036,4881.66927349651,154.330726503488
2022-05-12,5015,4874.33165613314,140.668343866861
2022-05-13,5203,4866.93564655001,336.064353449989
2022-05-16,5150,4859.48136552168,290.51863447832
2022-05-17,5143,4851.96907273811,291.03092726189
2022-05-18,5091,4844.39914797812,246.600852021885
2022-05-19,5068,4836.77209132089,231.227908679112
2022-05-20,4956,4829.0885047805,126.911495219504
2022-05-23,5045,4821.34908595128,223.650914048716
2022-05-24,4899,4813.55458488779,85.4454151122116
2022-05-25,4922,4805.70584409278,116.294155907218
2022-05-26,4971,4797.80374138882,173.196258611182
2022-05-27,4891,4789.84920266971,101.15079733029
2022-05-30,5023,4781.84322542163,241.156774578371
2022-05-31,5117,4773.78684894254,343.213151057461
2022-06-01,5071,4765.68121221473,305.318787785274
2022-06-02,5060,4757.52759609119,302.472403908809
2022-06-06,5138,4749.32740763129,388.672592368706
2022-06-07,5062,4741.08217892437,320.917821075634
2022-06-08,5248,4732.79360272134,515.206397278658
2022-06-09,5250,4724.4635044277,525.536495572302
2022-06-10,5307,4716.09392241455,590.906077585446
2022-06-13,5177,4707.68711228877,469.312887711227
2022-06-14,5274,4699.24557391375,574.754426086251
2022-06-15,5254,4690.77200114818,563.227998851818
2022-06-16,5231,4682.26932543108,548.730674568924
2022-06-17,5185,4673.7407110172,511.259288982795
2022-06-20,4916,4665.18954898459,250.810451015407
2022-06-21,4880,4656.61944174522,223.38055825478
2022-06-22,4706,4648.03409538613,57.9659046138734
2022-06-23,4631,4639.43730833086,-8.43730833085851
2022-06-24,4457,4630.83290296369,-173.832902963689
2022-06-27,4481,4622.22469818129,-141.22469818129
2022-06-28,4525,4613.61644102479,-88.6164410247888
2022-06-29,4466,4605.0118201587,-139.011820158703
2022-06-30,4553,4596.41448761707,-43.4144876170724
2022-07-01,4347,4587.82803797206,-240.828037972057
2022-07-04,4409,4579.25604784999,-170.256047849992
2022-07-05,4457,4570.70199432858,-113.701994328585
2022-07-06,4297,4562.16928410857,-265.169284108574
2022-07-07,4479,4553.66127689077,-74.6612768907686
2022-07-08,4474,4545.18122276578,-71.1812227657785
2022-07-11,4418,4536.7323409621,-118.732340962099
2022-07-12,4251,4528.31782128501,-277.317821285006
2022-07-13,4288,4519.94080446043,-231.940804460433
2022-07-14,4222,4511.60431658233,-289.604316582329
2022-07-15,4177,4503.31128786958,-326.311287869585
2022-07-18,4372,4495.06452883028,-123.064528830277
2022-07-19,4348,4486.86671508874,-138.866715088739
2022-07-20,4268,4478.72047139903,-210.720471399031
2022-07-21,4276,4470.62836511355,-194.62836511355
2022-07-22,4221,4462.59287648131,-241.592876481305
2022-07-25,4176,4454.61640529967,-278.616405299672
2022-07-26,4231,4446.70125150136,-215.701251501363
2022-07-27,4275,4438.84959985018,-163.849599850184
2022-07-28,4401,4431.06354594778,-30.0635459477805
2022-07-29,4414,4423.34511766684,-9.34511766683954
2022-08-01,4347,4415.69633045312,-68.6963304531249
2022-08-02,4277,4408.11919588942,-131.119195889416
2022-08-03,4232,4400.61569716221,-168.615697162211
2022-08-04,4137,4393.18776325853,-256.187763258532
2022-08-05,4051,4385.83725346659,-334.837253466585
2022-08-08,4119,4378.5659211769,-259.565921176895
2022-08-09,4115,4371.37538137166,-256.375381371657
2022-08-10,4076,4364.26714173892,-288.267141738916
2022-08-11,4132,4357.24260399137,-225.242603991365
2022-08-12,4134,4350.30305068389,-216.30305068389
2022-08-15,4115,4343.44967126504,-228.44967126504
2022-08-16,3951,4336.68356577212,-385.683565772117
2022-08-17,3920,4330.0057398109,-410.005739810897
2022-08-18,3856,4323.41703956097,-467.417039560966
2022-08-19,3903,4316.91814172187,-413.918141721867
2022-08-22,4052,4310.50952978196,-258.509529781959
2022-08-23,4115,4304.19151613223,-189.191516132235
2022-08-24,4084,4297.96430630655,-213.964306306549
2022-08-25,4045,4291.82802763434,-246.828027634344
2022-08-26,4099,4285.78271900089,-186.782719000892
2022-08-29,4096,4279.82831726277,-183.828317262765
2022-08-30,4099,4273.96468206789,-174.964682067893
2022-08-31,4064,4268.19159707707,-204.191597077069
2022-09-01,4152,4262.50877362788,-110.508773627881
2022-09-02,4035,4256.91583865325,-221.915838653249
2022-09-05,4314,4251.4123734061,62.5876265939043
2022-09-06,4351,4245.99786740818,105.002132591824
2022-09-07,4306,4240.67183605262,65.3281639473816
2022-09-08,4375,4235.43383813612,139.566161863875
2022-09-09,4465,4230.28345945954,234.71654054046
2022-09-13,4530,4225.22034351469,304.779656485311
2022-09-14,4538,4220.24423081566,317.755769184336
2022-09-15,4474,4215.35498786038,258.645012139615
2022-09-16,4430,4210.55261249434,219.447387505656
2022-09-19,4371,4205.83720947609,165.162790523912
2022-09-20,4341,4201.20897427529,139.791025724715
2022-09-21,4398,4196.66817063301,201.331829366993
2022-09-22,4408,4192.21512007414,215.784879925856
2022-09-23,4370,4187.85022734658,182.149772653422
2022-09-26,4220,4183.57398639463,36.4260136053741
2022-09-27,4286,4179.3869664561,106.613033543897
2022-09-28,4249,4175.28975182598,73.7102481740214
2022-09-29,4284,4171.28297086845,112.717029131553
2022-09-30,4310,4167.36728241665,142.632717583349
2022-10-10,4337,4163.54339189682,173.456608103182
2022-10-11,4165,4159.81206369328,5.18793630672416
2022-10-12,4141,4156.17413389073,-15.1741338907268
2022-10-13,4076,4152.63044071812,-76.6304407181188
2022-10-14,4073,4149.18181613197,-76.1818161319683
2022-10-17,4015,4145.82906041319,-130.829060413189
2022-10-18,4057,4142.57294235198,-85.5729423519767
2022-10-19,3984,4139.41417665909,-155.414176659093
2022-10-20,4038,4136.35344267283,-98.353442672826
2022-10-21,4038,4133.3913554897,-95.3913554896987
2022-10-24,4018,4130.52848955034,-112.528489550336
2022-10-25,3974,4127.76537986492,-153.76537986492
2022-10-26,3912,4125.10251492876,-213.102514928755
2022-10-27,3867,4122.5403196768,-255.540319676799
2022-10-28,3821,4120.07913095575,-299.079130955753
2022-10-31,3769,4117.71917998248,-348.71917998248
2022-11-01,3799,4115.46057434657,-316.460574346572
2022-11-02,3854,4113.30327749082,-259.303277490824
2022-11-03,3918,4111.24712204617,-193.247122046172
2022-11-04,3946,4109.29183345807,-163.291833458073
2022-11-07,3870,4107.43705729132,-237.437057291322
2022-11-08,3887,4105.68237161234,-218.682371612339
2022-11-09,3835,4104.02725634083,-269.027256340828
2022-11-10,3784,4102.47110100175,-318.471101001748
2022-11-11,3936,4101.01318391509,-165.013183915088
2022-11-14,3975,4099.65265175765,-124.652651757652
2022-11-15,3993,4098.3885829967,-105.388582996705
2022-11-16,3999,4097.22000457288,-98.2200045728788
2022-11-17,3896,4096.14589986324,-200.145899863243
2022-11-18,3877,4095.16521164505,-218.165211645055
2022-11-21,3786,4094.2767999629,-308.276799962901
2022-11-22,3810,4093.47943468112,-283.47943468112
2022-11-23,3811,4092.7717582343,-281.771758234296
2022-11-24,3933,4092.15229587871,-159.152295878712
2022-11-25,3928,4091.6194563965,-163.619456396499
2022-11-28,3798,4091.17158278349,-293.171582783493
2022-11-29,3896,4090.80695040152,-194.80695040152
2022-11-30,3898,4090.52371342716,-192.523713427156
2022-12-01,3918,4090.31994551143,-172.319945511427
2022-12-02,3956,4090.19364072403,-134.193640724027
2022-12-05,3964,4090.14272190449,-126.142721904486
2022-12-06,3953,4090.16505642183,-137.165056421835
2022-12-07,3870,4090.25845950299,-220.258459502994
2022-12-08,3958,4090.42068967632,-132.420689676325
2022-12-09,4049,4090.64941442415,-41.6494144241549
2022-12-12,4067,4090.94224649153,-23.942246491525
2022-12-13,4077,4091.29678140725,-14.2967814072494
2022-12-14,4083,4091.71060480329,-8.71060480329175
2022-12-15,4101,4092.18129640193,8.81870359807042
2022-12-16,4080,4092.70643232495,-12.7064323249511
2022-12-19,4010,4093.28359233922,-83.2835923392169
2022-12-20,4207,4093.91035095953,113.089649040474
2022-12-21,4158,4094.58424827439,63.4157517256131
2022-12-22,4123,4095.30287111915,27.697128880848
2022-12-23,4016,4096.0638325426,-80.0638325426042
2022-12-26,4131,4096.86475704238,34.1352429576214
2022-12-27,4163,4097.70323602094,65.2967639790641
2022-12-28,4167,4098.57687499107,68.423125008931
2022-12-29,4110,4099.48330645644,10.5166935435615
2022-12-30,4190,4100.42019120416,89.5798087958372
2023-01-03,4207,4101.38519436849,105.61480563151
2023-01-04,4127,4102.37601811234,24.6239818876562
2023-01-05,4109,4103.3904082556,5.60959174440105
2023-01-06,4106,4104.42612079671,1.57387920328569
2023-01-09,4092,4105.48091405288,-13.4809140528792
2023-01-10,4193,4106.55254699186,86.4474530081374
2023-01-11,4280,4107.63877300903,172.361226990975
2023-01-12,4313,4108.73738123356,204.262618766439
2023-01-13,4368,4109.84623204191,258.153767958093
2023-01-16,4348,4110.96327024443,237.036729755572
2023-01-17,4368,4112.08654736189,255.913452638109
2023-01-18,4423,4113.21421289649,309.785787103507
2023-01-19,4426,4114.34452213479,311.655477865213
2023-01-20,4500,4115.4758584163,384.524141583698
2023-01-30,4448,4116.60673390641,331.393266093593
2023-01-31,4351,4117.7358197173,233.264180282704
2023-02-01,4375,4118.86192394581,256.138076054191
2023-02-02,4299,4119.98395111081,179.016048889186
2023-02-03,4222,4121.10091160837,100.899088391626
2023-02-06,4220,4122.21188983258,97.7881101674225
2023-02-07,4220,4123.31601188513,96.6839881148674
2023-02-08,4192,4124.41244428944,67.5875557105583
2023-02-09,4168,4125.50039353415,42.4996064658454
2023-02-10,4152,4126.57909404592,25.4209059540832
2023-02-13,4168,4127.647797819,40.3522021809987
2023-02-14,4211,4128.70576735564,82.2942326443575
2023-02-15,4242,4129.75228183808,112.247718161921
2023-02-16,4253,4130.78665446565,122.213345534347
2023-02-17,4196,4131.80824483643,64.1917551635735
2023-02-20,4242,4132.81646306651,109.183536933488
2023-02-21,4304,4133.81074580634,170.189254193656
2023-02-22,4282,4134.79057483842,147.209425161584
2023-02-23,4315,4135.75550229464,179.244497705361
2023-02-24,4354,4136.70514115734,217.294858842658
2023-02-27,4313,4137.63917850134,175.360821498657
2023-02-28,4350,4138.55739122241,211.442608777587
2023-03-01,4345,4139.45962870349,205.540371296513
2023-03-02,4330,4140.34582772928,189.654172270721
2023-03-03,4355,4141.21601004669,213.78398995331
2023-03-06,4288,4142.07027579801,145.929724201988
2023-03-07,4268,4142.90881349526,125.091186504741
2023-03-08,4203,4143.7318719719,59.2681280281015
2023-03-09,4170,4144.53975176907,25.4602482309283
2023-03-10,4113,4145.33277792699,-32.3327779269938
2023-03-13,4141,4146.1112860101,-5.11128601010451
2023-03-14,4101,4146.87559821779,-45.8755982177931
2023-03-15,4171,4147.62603463664,23.3739653633631
2023-03-16,4014,4148.3628963901,-134.362896390099
2023-03-17,4047,4149.08649426347,-102.086494263471
2023-03-20,4051,4149.79708350187,-98.7970835018646
2023-03-21,4022,4150.4948771519,-128.494877151899
2023-03-22,4066,4151.18004742149,-85.1800474214858
2023-03-23,4052,4151.8527134039,-99.852713403899
2023-03-24,4036,4152.5129589824,-116.512958982401
2023-03-27,4077,4153.16082676519,-76.1608267651873
2023-03-28,4143,4153.79631119867,-10.7963111986678
2023-03-29,4143,4154.41937524741,-11.4193752474056
2023-03-30,4089,4155.02997741323,-66.0299774132335
2023-03-31,4148,4155.62807147766,-7.6280714776608
2023-04-03,4195,4156.21358392808,38.7864160719228
2023-04-04,4194,4156.7864380987,37.2135619013041
2023-04-06,4091,4157.34657335652,-66.3465733565157
2023-04-07,4067,4157.89394445112,-90.8939444511238
2023-04-10,4122,4158.42847870707,-36.4284787070666
2023-04-11,4144,4158.950065877,-14.9500658770033
2023-04-12,4122,4159.45858065552,-37.4585806555201
2023-04-13,4120,4159.95389155746,-39.953891557462
2023-04-14,4106,4160.43585161383,-54.435851613827
2023-04-17,4270,4160.90429734022,109.095702659782
2023-04-18,4275,4161.35904275068,113.640957249316
2023-04-19,4248,4161.79994695507,86.2000530449318
2023-04-20,4318,4162.22691603779,155.773083962208
2023-04-21,4350,4162.63989171492,187.360108285085
2023-04-24,4231,4163.03888009283,67.9611199071698
2023-04-25,4239,4163.42396472504,75.5760352749615
2023-04-26,4224,4163.79525725746,60.2047427425386
2023-04-27,4156,4164.15290057611,-8.15290057611233
2023-04-28,4162,4164.49706245324,-2.49706245323735
2023-05-04,4210,4164.82790729095,45.1720927090482
2023-05-05,4220,4165.14559845926,54.8544015407415
2023-05-08,4320,4165.45031800042,154.549681999576
2023-05-09,4308,4165.74227063137,142.257729368629
2023-05-10,4282,4166.0217249536,115.978275046398
2023-05-11,4277,4166.28900837225,110.710991627749
2023-05-12,4391,4166.54449623322,224.455503766781
2023-05-15,4347,4166.78860964591,180.211390354091
2023-05-16,4321,4167.02186250052,153.978137499479
2023-05-17,4348,4167.24484317947,180.755156820529
2023-05-18,4286,4167.45820371353,118.541796286469
2023-05-19,4268,4167.66267085037,100.337329149632
2023-05-22,4148,4167.85902033807,-19.8590203380673
2023-05-23,4124,4168.04806940014,-44.0480694001438
2023-05-24,4069,4168.23062705119,-99.2306270511888
2023-05-25,4048,4168.40748409807,-120.407484098073
2023-05-26,4050,4168.57939032973,-118.579390329725
2023-05-29,4063,4168.74704576348,-105.747045763478
2023-05-30,4051,4168.9111014007,-117.911101400697
2023-05-31,3986,4169.07216453117,-183.072164531171
2023-06-01,4031,4169.23079370499,-138.230793704991
2023-06-02,4071,4169.38747179757,-98.3874717975696
2023-06-05,4056,4169.54262454526,-113.542624545263
2023-06-06,4051,4169.69663701501,-118.69663701501
2023-06-07,4060,4169.8498473398,-109.849847339796
2023-06-08,4013,4170.00254458819,-157.002544588186
2023-06-09,3957,4170.15497242124,-213.154972421236
2023-06-12,3951,4170.30730960146,-219.307309601462
