"","HybridClose","Hybrid_hpft","Hybrid_hpfc"
"2015-04-17",2030560,2160654.2564843,-130094.256484304
"2015-04-20",1984280,2154532.90073322,-170252.900733224
"2015-04-21",2032440,2148411.49120641,-115971.491206409
"2015-04-22",2089900,2142289.90375242,-52389.9037524226
"2015-04-23",2068360,2136167.96628188,-67807.9662818752
"2015-04-24",2063200,2130045.4850495,-66845.485049499
"2015-04-27",2112720,2123922.23828094,-11202.2382809393
"2015-04-28",2073660,2117797.97657061,-44137.9765706084
"2015-04-29",2090340,2111672.44588236,-21332.4458823616
"2015-04-30",2084220,2105545.37393519,-21325.3739351928
"2015-05-04",2081920,2099416.47963011,-17496.4796301145
"2015-05-05",2018000,2093285.47305309,-75285.4730530879
"2015-05-06",2005200,2087152.05705773,-81952.0570577329
"2015-05-07",1973200,2081015.90337769,-107815.903377688
"2015-05-08",1982380,2074876.6498709,-92496.6498709001
"2015-05-11",2029400,2068733.88982856,-39333.8898285632
"2015-05-12",2046200,2062587.17830747,-16387.178307469
"2015-05-13",2027340,2056436.05410537,-29096.0541053679
"2015-05-14",2033180,2050280.0492462,-17100.0492461971
"2015-05-15",2005020,2044118.68372677,-39098.6837267727
"2015-05-18",1954920,2037951.47047543,-83031.4704754264
"2015-05-19",2060800,2031777.90625866,29022.0937413392
"2015-05-20",2061540,2025597.45352113,35942.5464788727
"2015-05-21",2105820,2019409.58670404,86410.4132959619
"2015-05-22",2167440,2013213.79510579,154226.204894212
"2015-05-25",2229640,2007009.60374338,222630.396256622
"2015-05-26",2265820,2000796.60138473,265023.398615271
"2015-05-27",2266360,1994574.46882419,271785.531175813
"2015-05-28",2115880,1988342.99640614,127537.003593858
"2015-05-29",2092820,1982102.08682019,110717.913179811
"2015-06-01",2241900,1975851.69547459,266048.304525412
"2015-06-02",2238380,1969591.82354395,268788.17645605
"2015-06-03",2203740,1963322.58217652,240417.417823484
"2015-06-04",2249760,1957044.19362678,292715.80637322
"2015-06-05",2230080,1950756.97952812,279323.020471876
"2015-06-08",2307620,1944461.38251086,363158.617489136
"2015-06-09",2258280,1938157.96066623,320122.039333768
"2015-06-10",2248840,1931847.42220062,316992.577799375
"2015-06-11",2262080,1925530.60764602,336549.392353978
"2015-06-12",2289520,1919208.48856638,370311.511433617
"2015-06-15",2212700,1912882.17564166,299817.824358344
"2015-06-16",2159440,1906552.93262368,252887.067376324
"2015-06-17",2175220,1900222.14719691,274997.852803092
"2015-06-18",2097280,1893891.31157917,203388.688420834
"2015-06-19",2029000,1887562.03166131,141437.968338689
"2015-06-23",2015760,1881235.99740692,134524.002593083
"2015-06-24",2066300,1874914.95724433,191385.042755671
"2015-06-25",1960000,1868600.71520869,91399.2847913077
"2015-06-26",1801720,1862295.15444605,-60575.1544460462
"2015-06-29",1735220,1856000.19588321,-120780.19588321
"2015-06-30",1883980,1849717.73540768,34262.2645923233
"2015-07-01",1756940,1843449.61898127,-86509.6189812717
"2015-07-02",1787080,1837197.70672843,-50117.7067284301
"2015-07-03",1698740,1830963.82301403,-132223.823014029
"2015-07-06",1763540,1824749.77148627,-61209.7714862671
"2015-07-07",1658440,1818557.30113737,-160117.301137368
"2015-07-08",1539060,1812388.13565783,-273328.13565783
"2015-07-09",1693280,1806243.93255217,-112963.93255217
"2015-07-10",1820580,1800126.23634203,20453.7636579665
"2015-07-13",1785420,1794036.54485429,-8616.5448542898
"2015-07-14",1743000,1787976.36437057,-44976.3643705706
"2015-07-15",1699120,1781947.19761081,-82827.1976108109
"2015-07-16",1754520,1775950.52870349,-21430.5287034876
"2015-07-17",1795760,1769987.80753964,25772.1924603584
"2015-07-20",1723080,1764060.47515181,-40980.4751518098
"2015-07-21",1723900,1758169.98322576,-34269.9832257611
"2015-07-22",1710080,1752317.76650761,-42237.766507607
"2015-07-23",1804300,1746505.24557747,57794.7544225304
"2015-07-24",1736900,1740733.8235562,-3833.82355619578
"2015-07-27",1581340,1735004.92745459,-153664.92745459
"2015-07-28",1580680,1729319.9826988,-148639.982698804
"2015-07-29",1642100,1723680.35119605,-81580.3511960505
"2015-07-30",1578220,1718087.33341164,-139867.333411637
"2015-07-31",1590460,1712542.19608904,-122082.196089042
"2015-08-03",1572500,1707046.1481561,-134546.148156104
"2015-08-04",1648000,1701600.34807671,-53600.34807671
"2015-08-05",1618540,1696205.89869891,-77665.898698908
"2015-08-06",1617960,1690863.88071444,-72903.8807144432
"2015-08-07",1649340,1685575.34271114,-36235.3427111384
"2015-08-10",1724920,1680341.30314133,44578.6968586655
"2015-08-11",1712840,1675162.76547904,37677.2345209641
"2015-08-12",1699640,1670040.7516253,29599.2483746987
"2015-08-13",1715320,1664976.2990555,50343.7009444967
"2015-08-14",1712420,1659970.45748008,52449.5425199228
"2015-08-17",1701660,1655024.29741966,46635.7025803365
"2015-08-18",1607020,1650138.91107523,-43118.9110752268
"2015-08-19",1620660,1645315.40992518,-24655.4099251844
"2015-08-20",1595920,1640554.88762435,-44634.8876243534
"2015-08-21",1553780,1635858.42763592,-82078.4276359247
"2015-08-24",1340700,1631227.09497283,-290527.094972832
"2015-08-25",1208440,1626661.92072015,-418221.920720146
"2015-08-26",1190800,1622163.81587066,-431363.815870656
"2015-08-27",1316080,1617733.51854109,-301653.518541095
"2015-08-28",1371120,1613371.58853965,-242251.588539647
"2015-08-31",1331620,1609078.46098312,-277458.460983124
"2015-09-01",1306900,1604854.47085118,-297954.470851179
"2015-09-02",1291300,1600699.83843341,-309399.838433405
"2015-09-07",1339340,1596614.66085694,-257274.660856936
"2015-09-08",1435480,1592598.90735542,-157118.907355421
"2015-09-09",1434020,1588652.44081568,-154632.440815677
"2015-09-10",1425300,1584775.05917779,-159475.059177792
"2015-09-11",1428660,1580966.49646302,-152306.496463021
"2015-09-14",1365980,1577226.42077196,-211246.420771962
"2015-09-15",1374660,1573554.43724793,-198894.437247933
"2015-09-16",1440160,1569950.06371345,-129790.063713454
"2015-09-17",1411220,1566412.73577607,-155192.735776074
"2015-09-18",1418020,1562941.83539336,-144921.835393356
"2015-09-21",1406780,1559536.68037239,-152756.680372388
"2015-09-22",1408680,1556196.52861541,-147516.528615406
"2015-09-23",1376140,1552920.57488118,-176780.574881182
"2015-09-24",1386700,1549707.95295113,-163007.952951132
"2015-09-25",1361600,1546557.72353266,-184957.723532662
"2015-09-28",1372240,1543468.87995219,-171228.87995219
"2015-09-29",1343680,1540440.33908217,-196760.339082172
"2015-09-30",1358940,1537470.94701581,-178530.947015815
"2015-10-08",1398640,1534559.46851359,-135919.468513589
"2015-10-09",1434480,1531704.59453845,-97224.5945384486
"2015-10-12",1481540,1528904.95986968,-47364.9598696806
"2015-10-13",1476840,1526159.15909772,-49319.1590977207
"2015-10-14",1461100,1523465.76723442,-62365.7672344244
"2015-10-15",1507540,1520823.33890499,-13283.3389049856
"2015-10-16",1518180,1518230.40295513,-50.4029551345411
"2015-10-19",1467060,1515685.48273974,-48625.4827397405
"2015-10-20",1499580,1513187.10159296,-13607.1015929608
"2015-10-21",1453040,1510733.76274907,-57693.7627490739
"2015-10-22",1479700,1508323.96381767,-28623.963817672
"2015-10-23",1507040,1505956.17856011,1083.82143988792
"2015-10-26",1504340,1503628.86890576,711.131094239227
"2015-10-27",1506540,1501340.49723197,5199.50276803083
"2015-10-28",1479700,1499089.52621007,-19389.5262100741
"2015-10-29",1489480,1496874.42066065,-7394.42066064921
"2015-10-30",1489000,1494693.63738948,-5693.63738947613
"2015-11-02",1474220,1492545.63014567,-18325.6301456702
"2015-11-03",1463180,1490428.85032493,-27248.8503249338
"2015-11-04",1550800,1488341.74174783,62458.2582521706
"2015-11-05",1576320,1486282.73697138,90037.2630286211
"2015-11-06",1623260,1484250.29437029,139009.705629705
"2015-11-09",1634020,1482242.90953708,151777.090462921
"2015-11-10",1632200,1480259.13552529,151940.864474707
"2015-11-11",1641480,1478297.588127,163182.411872997
"2015-11-12",1619440,1476356.94594056,143083.054059439
"2015-11-13",1603900,1474435.95501734,129464.044982655
"2015-11-16",1607000,1472533.4205535,134466.579446501
"2015-11-17",1593360,1470648.2012604,122711.798739596
"2015-11-18",1594640,1468779.21143254,125860.788567456
"2015-11-19",1626820,1466925.4160885,159894.5839115
"2015-11-20",1626160,1465085.83227264,161074.167727356
"2015-11-23",1567600,1463259.54312336,104340.456876638
"2015-11-24",1577680,1461445.69836061,116234.301639388
"2015-11-25",1594500,1459643.49083449,134856.509165513
"2015-11-26",1581600,1457852.16144166,123747.838558338
"2015-11-27",1509820,1456071.0068231,53748.993176904
"2015-11-30",1506940,1454299.3747721,52640.6252278966
"2015-12-01",1521800,1452536.63529969,69263.3647003096
"2015-12-02",1597200,1450782.18017638,146417.819823624
"2015-12-03",1597520,1449035.42980335,148484.570196651
"2015-12-04",1567000,1447295.86510507,119704.134894933
"2015-12-07",1559600,1445563.02838352,114036.971616482
"2015-12-08",1541160,1443836.51142158,97323.4885784221
"2015-12-09",1548360,1442115.95314042,106244.046859583
"2015-12-10",1535900,1440401.03269082,95498.9673091761
"2015-12-11",1545900,1438691.4731406,107208.526859398
"2015-12-14",1596300,1436987.03703299,159312.962967014
"2015-12-15",1575640,1435287.53122691,140352.468773088
"2015-12-16",1577300,1433592.82843487,143707.171565126
"2015-12-17",1607040,1431902.85938545,175137.140614555
"2015-12-18",1617640,1430217.61420997,187422.385790035
"2015-12-21",1633300,1428537.15543442,204762.844565585
"2015-12-22",1638700,1426861.62305766,211838.376942338
"2015-12-23",1635660,1425191.2417193,210468.758280699
"2015-12-24",1624160,1423526.32362438,200633.676375616
"2015-12-25",1638200,1421867.26797729,216332.732022711
"2015-12-28",1570240,1420214.55691629,150025.443083706
"2015-12-29",1590940,1418568.76200291,172371.237997085
"2015-12-30",1589960,1416930.51681316,173029.483186835
"2015-12-31",1575220,1415300.5261744,159919.4738256
"2016-01-04",1478300,1413679.56643739,64620.4335626103
"2016-01-05",1474840,1412068.4800572,62771.5199428045
"2016-01-06",1497100,1410468.13620036,86631.8637996366
"2016-01-07",1402720,1408879.42998067,-6159.42998067087
"2016-01-08",1431540,1407303.29232202,24236.7076779764
"2016-01-11",1367460,1405740.65160226,-38280.651602261
"2016-01-12",1383220,1404192.44621769,-20972.4462176879
"2016-01-13",1365600,1402659.59874097,-37059.5987409671
"2016-01-14",1387180,1401143.02307555,-13963.0230755469
"2016-01-15",1355640,1399643.61780596,-44003.6178059582
"2016-01-18",1318200,1398162.27574498,-79962.2757449812
"2016-01-19",1357200,1396699.87151605,-39499.8715160485
"2016-01-20",1330040,1395257.24668941,-65217.2466894132
"2016-01-21",1303300,1393835.22650766,-90535.2265076646
"2016-01-22",1318520,1392434.60925523,-73914.6092552259
"2016-01-25",1318420,1391056.15579287,-72636.1557928678
"2016-01-26",1254700,1389700.59642807,-135000.59642807
"2016-01-27",1245680,1388368.63144339,-142688.631443388
"2016-01-28",1224920,1387060.90531764,-162140.905317637
"2016-01-29",1262220,1385778.00354784,-123558.003547837
"2016-02-01",1250300,1384520.4446085,-134220.444608496
"2016-02-02",1276760,1383288.69590018,-106528.695900183
"2016-02-03",1269860,1382083.16934218,-112223.16934218
"2016-02-04",1287400,1380904.23281905,-93504.2328190528
"2016-02-05",1271160,1379752.20782684,-108592.207826839
"2016-02-15",1266340,1378627.37721068,-112287.377210679
"2016-02-16",1302700,1377529.97892807,-74829.9789280748
"2016-02-17",1313840,1376460.20452145,-62620.2045214494
"2016-02-18",1316540,1375418.21460151,-58878.2146015142
"2016-02-19",1315060,1374404.14389425,-59344.1438942541
"2016-02-22",1316000,1373418.10278778,-57418.1027877824
"2016-02-23",1306360,1372460.17713982,-66100.177139817
"2016-02-24",1314100,1371530.42907369,-57430.4290736944
"2016-02-25",1235780,1370628.89338952,-134848.893389523
"2016-02-26",1250280,1369755.58114806,-119475.581148061
"2016-02-29",1217740,1368910.44766893,-151170.447668934
"2016-03-01",1248860,1368093.3988854,-119233.398885402
"2016-03-02",1308260,1367304.27824289,-59044.2782428904
"2016-03-03",1308140,1366542.87990055,-58402.8799005516
"2016-03-04",1335920,1365808.97361098,-29888.9736109817
"2016-03-07",1346140,1365102.30498539,-18962.3049853896
"2016-03-08",1342780,1364422.60728013,-21642.6072801332
"2016-03-09",1320460,1363769.60591327,-43309.6059132687
"2016-03-10",1304060,1363143.01735669,-59083.0173566909
"2016-03-11",1306540,1362542.54017982,-56002.5401798163
"2016-03-14",1326080,1361967.84852951,-35887.8485295058
"2016-03-15",1330019.8,1361418.59340348,-31398.7934034798
"2016-03-16",1339680,1360894.41096482,-21214.4109648163
"2016-03-17",1362900,1360394.9243976,2505.07560239566
"2016-03-18",1382360,1359919.74811676,22440.2518832401
"2016-03-21",1398460,1359468.49757271,38991.502427286
"2016-03-22",1390820,1359040.79749174,31779.2025082556
"2016-03-23",1390960,1358636.28871767,32323.7112823308
"2016-03-24",1368240,1358254.62523059,9985.37476941465
"2016-03-25",1375680,1357895.47437189,17784.5256281143
"2016-03-28",1361100,1357558.50761051,3541.49238948971
"2016-03-29",1351800,1357243.40376682,-5443.4037668158
"2016-03-30",1387920,1356949.84312504,30970.1568749552
"2016-03-31",1388980,1356677.50371938,32302.4962806182
"2016-04-01",1394900,1356426.07638583,38473.923614173
"2016-04-05",1405460,1356195.26531297,49264.7346870346
"2016-04-06",1404660,1355984.79059289,48675.2094071089
"2016-04-07",1389000,1355794.39268177,33205.6073182252
"2016-04-08",1378840,1355623.8321562,23216.1678438039
"2016-04-11",1393140,1355472.88331858,37667.1166814238
"2016-04-12",1393380,1355341.33006794,38038.6699320633
"2016-04-13",1409280,1355228.97187346,54051.028126544
"2016-04-14",1416400,1355135.62392787,61264.3760721255
"2016-04-15",1417420,1355061.1237665,62358.8762335048
"2016-04-18",1387440,1355005.33424885,32434.6657511481
"2016-04-19",1388780,1354968.14401113,33811.8559888703
"2016-04-20",1359040,1354949.45509671,4090.54490329231
"2016-04-21",1361780,1354949.1835254,6830.81647460076
"2016-04-22",1371920,1354967.2470079,16952.7529920996
"2016-04-25",1365640,1355003.56607849,10636.4339215097
"2016-04-26",1371180,1355058.06827904,16121.931720962
"2016-04-27",1364060,1355130.68554808,8929.31445191516
"2016-04-28",1361280,1355221.35648835,6058.6435116481
"2016-04-29",1363320,1355330.02339354,7989.9766064606
"2016-05-03",1391000,1355456.63106178,35543.3689382232
"2016-05-04",1386300,1355601.12759392,30698.8724060813
"2016-05-05",1387020,1355763.47578301,31256.5242169944
"2016-05-06",1344759.8,1355943.65111179,-11183.8511117911
"2016-05-09",1318639.8,1356141.64198318,-37501.8419831794
"2016-05-10",1323440,1356357.43217714,-32917.432177137
"2016-05-11",1329880,1356590.9899719,-26710.9899718982
"2016-05-12",1335180,1356842.27003892,-21662.2700389151
"2016-05-13",1335039.8,1357111.21600843,-22071.4160084325
"2016-05-16",1340280,1357397.76255634,-17117.7625563415
"2016-05-17",1339540,1357701.83523513,-18161.8352351321
"2016-05-18",1331340,1358023.35252148,-26683.3525214821
"2016-05-19",1330140,1358362.22538469,-28222.2253846942
"2016-05-20",1335360,1358718.35376428,-23358.3537642761
"2016-05-23",1325739.8,1359091.62593374,-33351.8259337427
"2016-05-24",1319140,1359481.92051127,-40341.9205112747
"2016-05-25",1317880,1359889.10232871,-42009.1023287063
"2016-05-26",1319239.8,1360313.01954213,-41073.2195421329
"2016-05-27",1322519.8,1360753.50294283,-38233.7029428347
"2016-05-30",1325980,1361210.36634403,-35230.3663440252
"2016-05-31",1376440,1361683.40775463,14756.5922453676
"2016-06-01",1364820,1362172.4106208,2647.58937920478
"2016-06-02",1365940,1362677.16448845,3262.835511555
"2016-06-03",1381780,1363197.4599979,18582.540002102
"2016-06-06",1373180,1363733.0891382,9446.91086180353
"2016-06-07",1374520,1364283.85157968,10236.1484203226
"2016-06-08",1369880,1364849.55089762,5030.44910238345
"2016-06-13",1320760,1365429.99489853,-44669.9948985268
"2016-06-14",1331920,1366024.99346829,-34104.9934682863
"2016-06-15",1348520,1366634.33802801,-18114.3380280101
"2016-06-16",1344920,1367257.80590119,-22337.8059011909
"2016-06-17",1354700,1367895.16692357,-13195.1669235732
"2016-06-20",1328560,1368546.18169735,-39986.1816973454
"2016-06-21",1325100,1369210.60537034,-44110.6053703428
"2016-06-22",1338800,1369888.17656173,-31088.1765617305
"2016-06-23",1333319.8,1370578.61565711,-37258.8156571056
"2016-06-24",1313360,1371281.63019148,-57921.6301914771
"2016-06-27",1337920,1371996.91229856,-34076.9122985605
"2016-06-28",1343920,1372724.13016959,-28804.1301695889
"2016-06-29",1353260,1373462.93790976,-20202.9379097638
"2016-06-30",1353520,1374212.97771784,-20692.977717841
"2016-07-01",1351300,1374973.88344146,-23673.8834414622
"2016-07-04",1378760,1375745.28037466,3014.71962534476
"2016-07-05",1380960,1376526.78402561,4433.21597438983
"2016-07-06",1384100,1377318.01114866,6781.98885133895
"2016-07-07",1384840,1378118.58033068,6721.41966931679
"2016-07-08",1378980,1378928.11296193,51.8870380675025
"2016-07-11",1382180,1379746.23321104,2433.76678895828
"2016-07-12",1417460,1380572.56526808,36887.4347319235
"2016-07-13",1420120,1381406.73432914,38713.2656708617
"2016-07-14",1419720,1382248.38083812,37471.6191618849
"2016-07-15",1421200,1383097.16124139,38102.8387586078
"2016-07-18",1402740,1383952.74747461,18787.2525253935
"2016-07-19",1393800,1384814.8272236,8985.17277640153
"2016-07-20",1389480,1385683.09594008,3796.9040599173
"2016-07-21",1399540,1386557.25278989,12982.7472101078
"2016-07-22",1387340,1387436.99850835,-96.9985083488382
"2016-07-25",1389080,1388322.03919732,757.960802683181
"2016-07-26",1409220,1389212.08091857,20007.9190814295
"2016-07-27",1379500,1390106.83004718,-10606.8300471803
"2016-07-28",1389260,1391006.00122871,-1746.00122870505
"2016-07-29",1384940,1391909.30472425,-6969.30472425137
"2016-08-01",1373040,1392816.45007321,-19776.4500732123
"2016-08-02",1377240,1393727.14393414,-16487.1439341372
"2016-08-03",1377160,1394641.08479079,-17481.0847907934
"2016-08-04",1380480,1395557.96431182,-15077.9643118235
"2016-08-05",1386420,1396477.4669399,-10057.4669398961
"2016-08-08",1397300,1397399.27088505,-99.2708850547643
"2016-08-09",1406440,1398323.05019999,8116.94980001147
"2016-08-10",1403660,1399248.47889635,4411.52110364944
"2016-08-11",1402420,1400175.23434102,2244.7656589815
"2016-08-12",1429360,1401102.99572441,28257.0042755854
"2016-08-15",1470040,1402031.44316486,68008.556835144
"2016-08-16",1463740,1402960.26846097,60779.7315390307
"2016-08-17",1460100,1403889.19152338,56210.8084766162
"2016-08-18",1458840,1404817.95738663,54022.0426133743
"2016-08-19",1456420,1405746.33432051,50673.6656794905
"2016-08-22",1441700,1406674.11292539,35025.8870746111
"2016-08-23",1442400,1407601.10474808,34798.8952519248
"2016-08-24",1435700,1408527.13581367,27172.8641863299
"2016-08-25",1427700,1409452.04653174,18247.9534682582
"2016-08-26",1425720,1410375.68854403,15344.311455973
"2016-08-29",1424800,1411297.92103521,13502.0789647904
"2016-08-30",1431800,1412218.60953274,19581.3904672587
"2016-08-31",1438420,1413137.62514526,25282.374854735
"2016-09-01",1423860,1414054.84707559,9805.15292441428
"2016-09-02",1430460,1414970.16497723,15489.8350227736
"2016-09-05",1433940,1415883.47255676,18056.5274432401
"2016-09-06",1444700,1416794.66992364,27905.3300763586
"2016-09-07",1445860,1417703.66465116,28156.3353488358
"2016-09-08",1444580,1418610.37584756,25969.6241524362
"2016-09-09",1437660,1419514.73425977,18145.2657402252
"2016-09-12",1407900,1420416.68136953,-12516.6813695274
"2016-09-13",1410880,1421316.16615908,-10436.1661590767
"2016-09-14",1405500,1422213.13243678,-16713.1324367819
"2016-09-19",1415380,1423107.51969711,-7727.51969711377
"2016-09-20",1398800,1423999.26052601,-25199.2605260074
"2016-09-21",1406300,1424888.28431515,-18588.2843151488
"2016-09-22",1416760,1425774.51003986,-9014.51003986465
"2016-09-23",1411400,1426657.84899183,-15257.8489918305
"2016-09-26",1393600,1427538.20873649,-33938.2087364876
"2016-09-27",1401080,1428415.4905323,-27335.4905322987
"2016-09-28",1399180,1429289.58160903,-30109.581609029
"2016-09-29",1407220,1430160.35789706,-22940.3578970559
"2016-09-30",1408880,1431027.68288066,-22147.6828806639
"2016-10-10",1426680,1431891.41056152,-5211.41056151735
"2016-10-11",1430200,1432751.38578632,-2551.38578632246
"2016-10-12",1426580,1433607.45124759,-7027.45124759258
"2016-10-13",1425080,1434459.4485832,-9379.44858320136
"2016-10-14",1431780,1435307.21652616,-3527.21652616329
"2016-10-17",1418540,1436150.5899324,-17610.5899323979
"2016-10-18",1439220,1436989.40219982,2230.59780017924
"2016-10-19",1437320,1437823.47944684,-503.479446835627
"2016-10-20",1439460,1438652.64871388,807.351286118103
"2016-10-21",1442640,1439476.73683329,3163.26316671502
"2016-10-24",1455020,1440295.57097109,14724.4290289082
"2016-10-25",1452280,1441108.97960092,11171.0203990814
"2016-10-26",1447900,1441916.79728288,5983.20271712439
"2016-10-27",1445740,1442718.86319472,3021.13680528215
"2016-10-28",1446680,1443515.01898741,3164.98101258646
"2016-10-31",1443780,1444305.10756075,-525.107560753145
"2016-11-01",1453120,1445088.9731228,8031.02687720123
"2016-11-02",1443880,1445866.45966455,-1986.4596645471
"2016-11-03",1458140,1446637.41449671,11502.5855032912
"2016-11-04",1454260,1447401.68410887,6858.31589113457
"2016-11-07",1456820,1448159.11974532,8660.88025468492
"2016-11-08",1465760,1448909.5754853,16850.4245146995
"2016-11-09",1457220,1449652.90898812,7567.09101187868
"2016-11-10",1471220,1450388.98487836,20831.0151216358
"2016-11-11",1486720,1451117.67090857,35602.3290914321
"2016-11-14",1490640,1451838.84344194,38801.1565580565
"2016-11-15",1488760,1452552.39355829,36207.6064417099
"2016-11-16",1488320,1453258.22837624,35061.7716237606
"2016-11-17",1491200,1453956.2699812,37243.7300188025
"2016-11-18",1490980,1454646.45495169,36333.5450483069
"2016-11-21",1488820,1455328.73526132,33491.2647386795
"2016-11-22",1503840,1456003.0779025,47836.9220975027
"2016-11-23",1507540,1456669.46371158,50870.5362884174
"2016-11-24",1510640,1457327.8932988,53312.1067012035
"2016-11-25",1533180,1457978.38830219,75201.6116978121
"2016-11-28",1540400,1458620.99239688,81779.0076031179
"2016-11-29",1557480,1459255.78034335,98224.2196566463
"2016-11-30",1544260,1459882.8607062,84377.1392938049
"2016-12-01",1557360,1460502.38265197,96857.6173480297
"2016-12-02",1540320,1461114.53022534,79205.4697746558
"2016-12-05",1509940,1461719.52750804,48220.4724919594
"2016-12-06",1507840,1462317.63132212,45522.3686778839
"2016-12-07",1511940,1462909.11842205,49030.8815779451
"2016-12-08",1512980,1463494.28437944,49485.7156205641
"2016-12-09",1525220,1464073.44503325,61146.5549667534
"2016-12-12",1493200,1464646.93667788,28553.0633221237
"2016-12-13",1491340,1465215.12088325,26124.8791167539
"2016-12-14",1483240,1465778.37102196,17461.6289780417
"2016-12-15",1459200,1466337.0712656,-7137.07126559572
"2016-12-16",1463560,1466891.61300367,-3331.61300367038
"2016-12-19",1445980,1467442.38467552,-21462.3846755214
"2016-12-20",1435560,1467989.77334333,-32429.7733433302
"2016-12-21",1451040,1468534.15719759,-17494.1571975925
"2016-12-22",1445720,1469075.90102364,-23355.9010236416
"2016-12-23",1435700,1469615.36237542,-33915.3623754242
"2016-12-26",1443480,1470152.8891525,-26672.8891524999
"2016-12-27",1442120,1470688.81523518,-28568.8152351833
"2016-12-28",1438020,1471223.46347829,-33203.4634782853
"2016-12-29",1438060,1471757.14492742,-33697.1449274201
"2016-12-30",1440180,1472290.15690322,-32110.1569032233
"2017-01-03",1457600,1472822.78279729,-15222.7827972874
"2017-01-04",1470240,1473355.29272816,-3115.29272815671
"2017-01-05",1467800,1473887.95052189,-6087.95052188922
"2017-01-06",1461680,1474421.01871681,-12741.0187168061
"2017-01-09",1468040,1474954.75733471,-6914.75733471402
"2017-01-10",1464560,1475489.4211308,-10929.4211307969
"2017-01-11",1456620,1476025.26200195,-19405.2620019527
"2017-01-12",1448160,1476562.5273273,-28402.5273273
"2017-01-13",1453760,1477101.4564646,-23341.4564645997
"2017-01-16",1455400,1477642.27703115,-22242.2770311516
"2017-01-17",1459740,1478185.20699583,-18445.2069958346
"2017-01-18",1472500,1478730.45513346,-6230.45513346497
"2017-01-19",1464600,1479278.22259435,-14678.2225943523
"2017-01-20",1474840,1479828.70795338,-4988.70795338349
"2017-01-23",1474960,1480382.10371807,-5422.10371806545
"2017-01-24",1476260,1480938.60033378,-4678.60033377592
"2017-01-25",1482520,1481498.3860046,1021.61399540096
"2017-01-26",1486280,1482061.64700069,4218.3529993115
"2017-02-03",1475500,1482628.57001448,-7128.57001447613
"2017-02-06",1474560,1483199.34348211,-8639.34348210691
"2017-02-07",1471460,1483774.15289305,-12314.1528930504
"2017-02-08",1479620,1484353.18016563,-4733.18016562862
"2017-02-09",1484420,1484936.60212798,-516.602127982947
"2017-02-10",1493200,1485524.59365174,7675.40634825536
"2017-02-13",1500060,1486117.32939501,13942.6706049882
"2017-02-14",1499420,1486714.98718858,12705.0128114215
"2017-02-15",1496380,1487317.75062658,9062.24937341968
"2017-02-16",1504160,1487925.8085549,16234.1914451026
"2017-02-17",1501860,1488539.35356538,13320.6464346183
"2017-02-20",1517420,1489158.58496044,28261.4150395643
"2017-02-21",1515480,1489783.70754869,25696.2924513146
"2017-02-22",1518420,1490414.9378209,28005.0621791012
"2017-02-23",1512240,1491052.50288965,21187.4971103514
"2017-02-24",1512340,1491696.64144368,20643.3585563196
"2017-02-27",1501140,1492347.60092979,8792.39907021229
"2017-02-28",1501260,1493005.63732791,8254.36267209204
"2017-03-01",1503360,1493671.01025242,9688.98974758379
"2017-03-02",1494840,1494343.98272969,496.017270312132
"2017-03-03",1489020,1495024.82179113,-6004.82179113171
"2017-03-06",1494960,1495713.79467321,-753.794673211951
"2017-03-07",1499220,1496411.16613022,2808.83386978178
"2017-03-08",1499240,1497117.20060487,2122.79939512789
"2017-03-09",1488260,1497832.16370094,-9572.16370093845
"2017-03-10",1488100,1498556.32189968,-10456.3218996768
"2017-03-13",1506520,1499289.93772559,7230.0622744053
"2017-03-14",1503600,1500033.26938097,3566.73061903332
"2017-03-15",1505460,1500786.57805668,4673.42194331657
"2017-03-16",1518180,1501550.12641801,16629.8735819902
"2017-03-17",1510560,1502324.17906199,8235.82093800576
"2017-03-20",1493320,1503109.00745978,-9789.00745978485
"2017-03-21",1499740,1503904.8864869,-4164.88648689756
"2017-03-22",1492780,1504712.08697248,-11932.0869724814
"2017-03-23",1497900,1505530.87802409,-7630.87802408731
"2017-03-24",1517980,1506361.52381703,11618.4761829732
"2017-03-27",1509620,1507204.28537228,2415.71462771603
"2017-03-28",1507920,1508059.4285135,-139.428513497114
"2017-03-29",1508260,1508927.22006283,-667.220062828937
"2017-03-30",1498440,1509807.92678481,-11367.9267848073
"2017-03-31",1506640,1510701.81516818,-4061.81516818442
"2017-04-05",1529000,1511609.14700265,17390.8529973482
"2017-04-06",1528000,1512530.1823989,15469.8176010957
"2017-04-07",1529660,1513465.18865633,16194.8113436655
"2017-04-10",1525960,1514414.43946889,11545.5605311054
"2017-04-11",1526300,1515378.21522488,10921.7847751175
"2017-04-12",1522720,1516356.80108501,6363.19891498874
"2017-04-13",1526060,1517350.48672467,8709.5132753275
"2017-04-14",1513060,1518359.5644495,-5299.56444949528
"2017-04-17",1512280,1519384.33016529,-7104.33016529055
"2017-04-18",1506380,1520425.07758727,-14045.077587274
"2017-04-19",1496360,1521482.09749397,-25122.0974939689
"2017-04-20",1504100,1522555.67485827,-18455.6748582722
"2017-04-21",1505240,1523646.08426855,-18406.0842685537
"2017-04-24",1487660,1524753.59268442,-37093.5926844169
"2017-04-25",1493740,1525878.4594571,-32138.4594570992
"2017-04-26",1495300,1527020.92860484,-31720.9286048447
"2017-04-27",1496160,1528181.23086114,-32021.2308611357
"2017-04-28",1493320,1529359.58384732,-36039.5838473206
"2017-05-02",1487940,1530556.19194846,-42616.191948459
"2017-05-03",1483760,1531771.24465227,-48011.2446522651
"2017-05-04",1478260,1533004.91383066,-54744.9138306571
"2017-05-05",1470000,1534257.35150961,-64257.3515096095
"2017-05-08",1464460,1535528.68708579,-71068.6870857856
"2017-05-09",1465380,1536819.02339445,-71439.0233944532
"2017-05-10",1461260,1538128.43389394,-76868.4338939401
"2017-05-11",1469220,1539456.9625125,-70236.9625124955
"2017-05-12",1483320,1540804.62140411,-57484.6214041087
"2017-05-15",1490540,1542171.39368956,-51631.3936895644
"2017-05-16",1505260,1543557.23872792,-38297.2387279182
"2017-05-17",1495860,1544962.09453581,-49102.0945358141
"2017-05-18",1488440,1546385.88329937,-57945.8832993731
"2017-05-19",1491580,1547828.50690788,-56248.5069078809
"2017-05-22",1487820,1549289.84329812,-61469.8432981209
"2017-05-23",1499480,1550769.74715603,-51289.7471560258
"2017-05-24",1498880,1552268.04775834,-53388.0477583442
"2017-05-25",1539480,1553784.55318072,-14304.5531807215
"2017-05-26",1537060,1555319.04943034,-18259.049430342
"2017-05-31",1539200,1556871.31660144,-17671.3166014352
"2017-06-01",1545140,1558441.12724068,-13301.1272406799
"2017-06-02",1538160,1560028.24659015,-21868.2465901492
"2017-06-05",1525020,1561632.43439376,-36612.4343937574
"2017-06-06",1536900,1563253.44135599,-26353.4413559879
"2017-06-07",1555500,1564891.00304718,-9391.00304717635
"2017-06-08",1568420,1566544.84414424,1875.15585575632
"2017-06-09",1576500,1568214.68544225,8285.3145577531
"2017-06-12",1572160,1569900.24851133,2259.75148867403
"2017-06-13",1574260,1571601.25834645,2658.74165354658
"2017-06-14",1554560,1573317.44087669,-18757.4408766873
"2017-06-15",1548800,1575048.52313011,-26248.5231301088
"2017-06-16",1547700,1576794.22438122,-29094.2243812207
"2017-06-19",1552760,1578554.25305447,-25794.2530544701
"2017-06-20",1547180,1580328.30554787,-33148.3055478729
"2017-06-21",1563560,1582116.06759719,-18556.0675971917
"2017-06-22",1566120,1583917.21123596,-17797.2112359605
"2017-06-23",1582380,1585731.40082743,-3351.40082742969
"2017-06-26",1599240,1587558.29337815,11681.7066218459
"2017-06-27",1602240,1589397.54450938,12842.4554906205
"2017-06-28",1591140,1591248.8146711,-108.814671100708
"2017-06-29",1601100,1593111.76962186,7988.23037814307
"2017-06-30",1597580,1594986.07507521,2593.92492478901
"2017-07-03",1589540,1596871.40004674,-7331.40004673869
"2017-07-04",1572620,1598767.41462424,-26147.4146242374
"2017-07-05",1598640,1600673.78586501,-2033.78586500551
"2017-07-06",1596240,1602590.17001805,-6350.17001805315
"2017-07-07",1592840,1604516.22249169,-11676.222491691
"2017-07-10",1597440,1606451.59606934,-9011.59606934318
"2017-07-11",1611940,1608395.93870795,3544.06129205008
"2017-07-12",1602520,1610348.8946394,-7828.89463940109
"2017-07-13",1623280,1612310.10956059,10969.8904394137
"2017-07-14",1634880,1614279.22593222,20600.7740677805
"2017-07-17",1621100,1616255.89074954,4844.10925045877
"2017-07-18",1618840,1618239.75952332,600.240476677641
"2017-07-19",1651460,1620230.48976669,31229.5102333137
"2017-07-20",1658160,1622227.73924088,35932.2607591204
"2017-07-21",1651040,1624231.17861617,26808.8213838284
"2017-07-24",1652500,1626240.49341578,26259.5065842206
"2017-07-25",1640000,1628255.38024461,11744.619755395
"2017-07-26",1631600,1630275.54656218,1324.45343781905
"2017-07-27",1633780,1632300.7046828,1479.29531720499
"2017-07-28",1639640,1634330.5674682,5309.43253179528
"2017-07-31",1644380,1636364.84839166,8015.15160833869
"2017-08-01",1661040,1638403.26312111,22636.7368788924
"2017-08-02",1663380,1640445.53063763,22934.4693623664
"2017-08-03",1643980,1642491.37927944,1488.62072055929
"2017-08-04",1632920,1644540.54686493,-11620.5468649298
"2017-08-07",1641620,1646592.77182783,-4972.77182782635
"2017-08-08",1642580,1648647.7877984,-6067.78779839507
"2017-08-09",1638020,1650705.32635136,-12685.3263513556
"2017-08-10",1631740,1652765.11655325,-21025.1165532471
"2017-08-11",1601100,1654826.882227,-53726.8822270031
"2017-08-14",1621740,1656890.33850462,-35150.3385046224
"2017-08-15",1629320,1658955.17830957,-29635.1783095689
"2017-08-16",1625480,1661021.08003557,-35541.0800355733
"2017-08-17",1636180,1663087.70982637,-26907.7098263728
"2017-08-18",1640560,1665154.71913445,-24594.7191344505
"2017-08-21",1639840,1667221.74828973,-27381.7482897265
"2017-08-22",1648820,1669288.42745565,-20468.4274556514
"2017-08-23",1655320,1671354.37547716,-16034.3754771628
"2017-08-24",1647800,1673419.20273837,-25619.2027383734
"2017-08-25",1681400,1675482.51299543,5917.48700457054
"2017-08-28",1702100,1677543.89941453,24556.1005854711
"2017-08-29",1700820,1679602.95760792,21217.0423920753
"2017-08-30",1696580,1681659.29333837,14920.7066616314
"2017-08-31",1693840,1683712.52113889,10127.4788611138
"2017-09-01",1694780,1685762.26171013,9017.73828987449
"2017-09-04",1696300,1687808.13993902,8491.86006098107
"2017-09-05",1702740,1689849.78444008,12890.2155599164
"2017-09-06",1697140,1691886.82733802,5253.17266197711
"2017-09-07",1687340,1693918.90608584,-6578.90608583526
"2017-09-08",1684000,1695945.66030797,-11945.6603079682
"2017-09-11",1686300,1697966.72690941,-11666.726909415
"2017-09-12",1693180,1699981.73785732,-6801.73785731962
"2017-09-13",1691100,1701990.32029626,-10890.3202962583
"2017-09-14",1683600,1703992.09855926,-20392.098559255
"2017-09-15",1684060,1705986.69247771,-21926.6924777061
"2017-09-18",1694200,1707973.71345374,-13773.7134537357
"2017-09-19",1682580,1709952.76382585,-27372.7638258523
"2017-09-20",1688660,1711923.44023907,-23263.440239071
"2017-09-21",1688400,1713885.3280236,-25485.3280236018
"2017-09-22",1685660,1715838.00289348,-30178.0028934829
"2017-09-25",1676860,1717781.03002819,-40921.0300281934
"2017-09-26",1681100,1719713.96213274,-38613.9621327371
"2017-09-27",1679500,1721636.33499709,-42136.3349970866
"2017-09-28",1683700,1723547.66844972,-39847.668449716
"2017-09-29",1691320,1725447.46490165,-34127.4649016463
"2017-10-09",1706880,1727335.21029248,-20455.2102924797
"2017-10-10",1707620,1729210.3764549,-21590.3764549034
"2017-10-11",1712980,1731072.42676625,-18092.4267662472
"2017-10-12",1718960,1732920.81567923,-13960.8156792271
"2017-10-13",1724260,1734754.99016788,-10494.9901678773
"2017-10-16",1721160,1736574.39143542,-15414.3914354209
"2017-10-17",1718660,1738378.45634685,-19718.456346849
"2017-10-18",1728880,1740166.61539542,-11286.6153954214
"2017-10-19",1726660,1741938.29092369,-15278.2909236928
"2017-10-20",1725400,1743692.90060871,-18292.9006087068
"2017-10-23",1725120,1745429.85581206,-20309.8558120635
"2017-10-24",1734480,1747148.56033387,-12668.5603338668
"2017-10-25",1740780,1748848.40957891,-8068.40957890877
"2017-10-26",1754460,1750528.7937153,3931.20628469651
"2017-10-27",1770820,1752189.09957603,18630.9004239721
"2017-10-30",1754680,1753828.71561905,851.284380950074
"2017-10-31",1757700,1755447.03800361,2252.96199639351
"2017-11-01",1752800,1757043.46324082,-4243.46324081712
"2017-11-02",1755740,1758617.38877311,-2877.38877311313
"2017-11-03",1748020,1760168.21028881,-12148.2102888112
"2017-11-06",1761520,1761695.32228683,-175.322286832215
"2017-11-07",1780020,1763198.11424451,16821.8857554948
"2017-11-08",1778580,1764675.97556675,13904.0244332496
"2017-11-09",1791260,1766128.30261193,25131.6973880707
"2017-11-10",1807920,1767554.49748575,40365.5025142515
"2017-11-13",1813539.7,1768953.97268239,44585.7273176091
"2017-11-14",1802860,1770326.15738153,32533.8426184741
"2017-11-15",1791620,1771670.49919277,19949.5008072305
"2017-11-16",1807780,1772986.45917385,34793.5408261492
"2017-11-17",1813679.7,1774273.5066289,39406.1933711046
"2017-11-20",1832880,1775531.12524423,57348.8747557663
"2017-11-21",1869760,1776758.81499516,93001.1850048382
"2017-11-22",1874560,1777956.09956266,96603.9004373419
"2017-11-23",1817780,1779122.54107068,38657.4589293209
"2017-11-24",1817760,1780257.74157535,37502.25842465
"2017-11-27",1789560,1781361.31911223,8198.6808877723
"2017-11-28",1792200,1782432.90721874,9767.09278125772
"2017-11-29",1789380,1783472.14282145,5907.85717854733
"2017-11-30",1766120,1784478.66688414,-18358.666884136
"2017-12-01",1761720,1785452.12281267,-23732.1228126736
"2017-12-04",1771460,1786392.14642423,-14932.14642423
"2017-12-05",1786360,1787298.36372604,-938.363726043281
"2017-12-06",1769880,1788170.39455299,-18290.3945529926
"2017-12-07",1753020,1789007.85835211,-35987.8583521147
"2017-12-08",1772800,1789810.36700984,-17010.36700984
"2017-12-11",1800500,1790577.5175368,9922.48246319605
"2017-12-12",1772980,1791308.89991214,-18328.89991214
"2017-12-13",1788500,1792004.10821658,-3504.10821658443
"2017-12-14",1779520,1792662.72895441,-13142.7289544112
"2017-12-15",1762120,1793284.34718146,-31164.3471814558
"2017-12-18",1763040,1793868.54252088,-30828.5425208804
"2017-12-19",1789680,1794414.88171372,-4734.88171372283
"2017-12-20",1785580,1794922.91875779,-9342.91875779345
"2017-12-21",1806000,1795392.20569364,10607.7943063643
"2017-12-22",1798880,1795822.29069986,3057.70930014096
"2017-12-25",1792320,1796212.72633991,-3892.72633991013
"2017-12-26",1802440,1796563.06644112,5876.93355887814
"2017-12-27",1765940,1796872.86322179,-30932.8632217875
"2017-12-28",1782320,1797141.67132943,-14821.6713294273
"2017-12-29",1785780,1797369.03262526,-11589.0326252594
"2018-01-02",1814880,1797554.48284371,17325.5171562937
"2018-01-03",1821080,1797697.55292877,23382.4470712293
"2018-01-04",1826580,1797797.78098616,28782.2190138376
"2018-01-05",1833020,1797854.71478692,35165.2852130802
"2018-01-08",1839180,1797867.91399955,41312.0860004546
"2018-01-09",1855180,1797836.95282841,57343.0471715849
"2018-01-10",1863740,1797761.42255467,65978.5774453258
"2018-01-11",1862320,1797640.93816277,64679.0618372349
"2018-01-12",1874020,1797475.14191004,76544.858089956
"2018-01-15",1876860,1797263.70278956,79596.2972104393
"2018-01-16",1895520,1797006.32143496,98513.67856504
"2018-01-17",1890980,1796702.73138185,94277.2686181474
"2018-01-18",1906920,1796352.70688735,110567.293112653
"2018-01-19",1911960,1795956.06117898,116003.938821015
"2018-01-22",1935560,1795512.6531884,140047.346811601
"2018-01-23",1959000,1795022.38979861,163977.610201394
"2018-01-24",1958980,1794485.23578258,164494.764217417
"2018-01-25",1944860,1793901.223695,150958.776305001
"2018-01-26",1957140,1793270.45408606,163869.54591394
"2018-01-29",1919960,1792593.08990632,127366.910093683
"2018-01-30",1897720,1791869.36184328,105850.638156717
"2018-01-31",1909000,1791099.55323294,117900.446767058
"2018-02-01",1899940,1790283.99116561,109656.008834393
"2018-02-02",1912720,1789423.05146693,123296.948533065
"2018-02-05",1917840,1788517.15529002,129322.844709983
"2018-02-06",1857940,1787566.77475383,70373.2252461716
"2018-02-07",1810580,1786572.43543427,24007.564565734
"2018-02-08",1786240,1785534.69199675,705.308003251139
"2018-02-09",1689080,1784454.1090303,-95374.1090303025
"2018-02-12",1718120,1783331.25141567,-65211.251415668
"2018-02-13",1744980,1782166.64460967,-37186.6446096663
"2018-02-14",1761420,1780960.78711337,-19540.7871133743
"2018-02-22",1799920,1779714.16205652,20205.8379434789
"2018-02-23",1805640,1778427.24449138,27212.7555086233
"2018-02-26",1826860,1777100.51782252,49759.4821774812
"2018-02-27",1796120,1775734.47670316,20385.5232968363
"2018-02-28",1774360,1774329.63635514,30.3636448569705
"2018-03-01",1787740,1772886.52042679,14853.4795732099
"2018-03-02",1775240,1771405.65257904,3834.34742095878
"2018-03-05",1768840,1769887.56261264,-1047.56261264183
"2018-03-06",1798360,1768332.78191329,30027.2180867065
"2018-03-07",1777420,1766741.84143369,10678.1585663108
"2018-03-08",1799520,1765115.28453851,34404.7154614872
"2018-03-09",1812760,1763453.65900644,49306.3409935606
"2018-03-12",1817819.7,1761757.52683763,56062.1731623708
"2018-03-13",1797520,1760027.47041353,37492.5295864684
"2018-03-14",1793140,1758264.09528946,34875.9047105438
"2018-03-15",1809120,1756468.02251858,52651.9774814189
"2018-03-16",1802400,1754639.88757037,47760.112429635
"2018-03-19",1794240,1752780.34767851,41459.6523214926
"2018-03-20",1794880,1750890.07981879,43989.9201812066
"2018-03-21",1784300,1748969.77810484,35330.2218951634
"2018-03-22",1766820,1747020.15483381,19799.8451661892
"2018-03-23",1691800,1745041.93690708,-53241.9369070805
"2018-03-26",1702120,1743035.8594104,-40915.8594104025
"2018-03-27",1717040,1741002.63542146,-23962.6354214635
"2018-03-28",1676640,1738942.961105,-62302.961105003
"2018-03-29",1712640,1736857.52272054,-24217.5227205421
"2018-03-30",1707740,1734746.98077407,-27006.9807740702
"2018-04-02",1696120,1732611.98576106,-36491.9857610643
"2018-04-03",1696480,1730453.17701335,-33973.1770133542
"2018-04-04",1692080,1728271.17877849,-36191.1787784859
"2018-04-09",1697300,1726066.60126085,-28766.6012608497
"2018-04-10",1734100,1723840.03970486,10259.9602951351
"2018-04-11",1735780,1721592.07746395,14187.92253605
"2018-04-12",1717160,1719323.30213264,-2163.30213264259
"2018-04-13",1702280,1717034.30717021,-14754.3071702075
"2018-04-16",1669700,1714725.68514158,-45025.6851415771
"2018-04-17",1648280,1712398.02251295,-64118.0225129455
"2018-04-18",1656040,1710051.88713864,-54011.8871386442
"2018-04-19",1680180,1707687.82036924,-27507.820369235
"2018-04-20",1656420,1705306.3412289,-48886.3412288988
"2018-04-23",1657400,1702907.95737123,-45507.9573712305
"2018-04-24",1696420,1700493.15624214,-4073.15624213543
"2018-04-25",1686840,1698062.40647638,-11222.4064763846
"2018-04-26",1653940,1695616.17502508,-41676.1750250768
"2018-04-27",1654600,1693154.92420039,-38554.9242003939
"2018-05-02",1659560,1690679.09908729,-31119.0990872912
"2018-05-03",1668800,1688189.12883365,-19389.1288336545
"2018-05-04",1657620,1685685.42972399,-28065.4297239861
"2018-05-07",1684560,1683168.41002809,1391.58997191357
"2018-05-08",1708840,1680638.46641466,28201.5335853363
"2018-05-09",1704420,1678095.99612764,26324.0038723553
"2018-05-10",1716180,1675541.40806832,40638.591931678
"2018-05-11",1708580,1672975.12201929,35604.8779807092
"2018-05-14",1724860,1670397.57456151,54462.4254384947
"2018-05-15",1727380,1667809.21699353,59570.7830064729
"2018-05-16",1711140,1665210.5231265,45929.4768735044
"2018-05-17",1697900,1662601.99139573,35298.008604268
"2018-05-18",1707640,1659984.13922196,47655.8607780432
"2018-05-21",1719060,1657357.49861667,61702.5013833341
"2018-05-22",1711420,1654722.62129035,56697.3787096475
"2018-05-23",1683540,1652080.08445887,31459.9155411291
"2018-05-24",1671360,1649430.48877447,21929.5112255274
"2018-05-25",1666120,1646774.44789368,19345.55210632
"2018-05-28",1679160,1644112.5845378,35047.4154622031
"2018-05-29",1661580,1641445.52942479,20134.470575212
"2018-05-30",1627440,1638773.92775982,-11333.9277598241
"2018-05-31",1663600,1636098.43307085,27501.5669291513
"2018-06-01",1652160,1633419.69420082,18740.305799182
"2018-06-04",1671040,1630738.37136073,40301.62863927
"2018-06-05",1683920,1628055.13250807,55864.8674919334
"2018-06-06",1682600,1625370.66225939,57229.3377406096
"2018-06-07",1682160,1622685.66832355,59474.331676451
"2018-06-08",1655620,1620000.8820657,35619.1179343026
"2018-06-11",1662820,1617317.05943529,45502.9405647112
"2018-06-12",1681000,1614634.97110529,66365.0288947111
"2018-06-13",1665440,1611955.40655774,53484.5934422564
"2018-06-14",1663380,1609279.18270734,54100.8172926593
"2018-06-15",1659160,1606607.13857715,52552.8614228548
"2018-06-19",1583240,1603940.13555332,-20700.1355533218
"2018-06-20",1593520,1601279.05674528,-7759.05674527612
"2018-06-21",1574580,1598624.77670581,-24044.7767058128
"2018-06-22",1583520,1595978.16678045,-12458.1667804483
"2018-06-25",1553480,1593340.08837556,-39860.08837556
"2018-06-26",1543840,1590711.39774782,-46871.3977478178
"2018-06-27",1499460,1588092.93467735,-88632.9346773491
"2018-06-28",1495180,1585485.5195695,-90305.5195694985
"2018-06-29",1534600,1582889.93619235,-48289.9361923516
"2018-07-02",1474660,1580306.9309853,-105646.9309853
"2018-07-03",1481960,1577737.23042662,-95777.230426623
"2018-07-04",1468380,1575181.51732442,-106801.517324421
"2018-07-05",1460540,1572640.43489633,-112100.434896328
"2018-07-06",1474860,1570114.58221252,-95254.5822125158
"2018-07-09",1522820,1567604.51200536,-44784.5120053574
"2018-07-10",1523540,1565110.73763282,-41570.7376328184
"2018-07-11",1495980,1562633.75394073,-66653.7539407256
"2018-07-12",1535440,1560174.03859127,-24734.0385912683
"2018-07-13",1536020,1557732.04169462,-21712.0416946233
"2018-07-16",1526660,1555308.20313692,-28648.2031369176
"2018-07-17",1518440,1552902.95382939,-34462.9538293891
"2018-07-18",1510680,1550516.71284129,-39836.7128412925
"2018-07-19",1515500,1548149.88499625,-32649.8849962523
"2018-07-20",1536780,1545802.85865098,-9022.85865097606
"2018-07-23",1557240,1543476.00866604,13763.9913339603
"2018-07-24",1584060,1541169.70617237,42890.2938276325
"2018-07-25",1581540,1538884.32799035,42655.6720096454
"2018-07-26",1562500,1536620.26866948,25879.731330516
"2018-07-27",1561920,1534377.94039141,27542.0596085924
"2018-07-30",1559400,1532157.76603538,27242.2339646161
"2018-07-31",1563300,1529960.1798655,33339.8201345004
"2018-08-01",1523960,1527785.62740667,-3825.62740667358
"2018-08-02",1490500,1525634.56796514,-35134.5679651416
"2018-08-03",1466280,1523507.45926577,-57227.4592657662
"2018-08-06",1459700,1521404.74451023,-61704.7445102288
"2018-08-07",1503800,1519326.84324466,-15526.8432446634
"2018-08-08",1480360,1517274.14950895,-36914.1495089471
"2018-08-09",1516080,1515247.05092482,832.949075182069
"2018-08-10",1519180,1513245.91985514,5934.08014486245
"2018-08-13",1510060,1511271.1290071,-1211.12900709754
"2018-08-14",1504880,1509323.0535408,-4443.05354079665
"2018-08-15",1466120,1507402.06811567,-41282.0681156661
"2018-08-16",1463620,1505508.54555463,-41888.5455546315
"2018-08-17",1452620,1503642.84161622,-51022.8416162217
"2018-08-20",1457500,1501805.2947439,-44305.2947439041
"2018-08-21",1480020,1499996.22229042,-19976.2222904193
"2018-08-22",1480020,1498215.92329445,-18195.9232944469
"2018-08-23",1481740,1496464.6885373,-14724.6885373022
"2018-08-24",1487860,1494742.80127885,-6882.80127884614
"2018-08-27",1523140,1493050.53869235,30089.4613076524
"2018-08-28",1517700,1491388.17510594,26311.8248940553
"2018-08-29",1514940,1489755.99728562,25184.0027143788
"2018-08-30",1499540,1488154.30287356,11385.6971264393
"2018-08-31",1490560,1486583.39992201,3976.60007799186
"2018-09-03",1485320,1485043.60118964,276.398810361252
"2018-09-04",1507560,1483535.22107885,24024.7789211508
"2018-09-05",1470100,1482058.57410634,-11958.5741063393
"2018-09-06",1457180,1480613.98471972,-23433.9847197232
"2018-09-07",1470280,1479201.7724233,-8921.77242329781
"2018-09-10",1451660,1477822.24703472,-26162.2470347245
"2018-09-11",1445380,1476475.71468381,-31095.714683809
"2018-09-12",1435840,1475162.47068586,-39322.4706858636
"2018-09-13",1455440,1473882.79750258,-18442.7975025769
"2018-09-14",1457660,1472636.96134126,-14976.9613412628
"2018-09-17",1442320,1471425.22078579,-29105.2207857867
"2018-09-18",1475020,1470247.82822899,4772.17177101238
"2018-09-19",1490500,1469105.02403293,21394.9759670672
"2018-09-20",1492700,1467997.05053221,24702.9494677941
"2018-09-21",1527040,1466924.15890526,60115.8410947385
"2018-09-25",1528200,1465886.6105418,62313.3894582035
"2018-09-26",1545180,1464884.69168092,80295.3083190836
"2018-09-27",1541300,1463918.71431964,77381.2856803558
"2018-09-28",1556560,1462989.02364577,93570.9763542338
"2018-10-08",1483360,1462095.9968334,21264.0031665957
"2018-10-09",1485980,1461240.0497352,24739.9502648031
"2018-10-10",1486780,1460421.60699346,26358.3930065432
"2018-10-11",1409400,1459641.10347702,-50241.1034770171
"2018-10-12",1440020,1458898.98495015,-18878.9849501453
"2018-10-15",1419720,1458195.67640954,-38475.676409535
"2018-10-16",1417060,1457531.59504793,-40471.5950479309
"2018-10-17",1421860,1456907.14215396,-35047.1421539576
"2018-10-18",1388560,1456322.7022868,-67762.7022867977
"2018-10-19",1417460,1455778.64551858,-38318.6455185798
"2018-10-22",1496880,1455275.31391111,41604.6860888928
"2018-10-23",1447260,1454813.03368669,-7553.03368668756
"2018-10-24",1452020,1454392.14826539,-2372.14826538566
"2018-10-25",1459000,1454012.99794519,4987.00205480927
"2018-10-26",1443780,1453675.92204351,-9895.92204351093
"2018-10-29",1401380,1453381.26193916,-52001.2619391555
"2018-10-30",1418180,1453129.35492037,-34949.3549203661
"2018-10-31",1435380,1452920.51678022,-17540.5167802198
"2018-11-01",1444380,1452755.04886508,-8375.04886508359
"2018-11-02",1501340,1452633.24527074,48706.7547292571
"2018-11-05",1480980,1452555.3966311,28424.6033688966
"2018-11-06",1473340,1452521.81371351,20818.1862864889
"2018-11-07",1460440,1452532.81903488,7907.18096512219
"2018-11-08",1462640,1452588.74371749,10051.2562825117
"2018-11-09",1437820,1452689.92215219,-14869.9221521859
"2018-11-12",1449880,1452836.69288453,-2956.6928845341
"2018-11-13",1463280,1453029.38831354,10250.6116864586
"2018-11-14",1447040,1453268.33961603,-6228.33961602673
"2018-11-15",1464280,1453553.88220599,10726.1177940145
"2018-11-16",1474520,1453886.3489229,20633.6510770973
"2018-11-19",1488880,1454266.07703993,34613.9229600674
"2018-11-20",1458180,1454693.41235941,3486.58764058973
"2018-11-21",1457240,1455168.71499164,2071.28500836443
"2018-11-22",1451720,1455692.34648815,-3972.34648815065
"2018-11-23",1421860,1456264.66925666,-34404.6692566585
"2018-11-26",1420840,1456886.04406289,-36046.0440628872
"2018-11-27",1417060,1457556.8174511,-40496.8174511007
"2018-11-28",1436060,1458277.32106548,-22217.3210654795
"2018-11-29",1424020,1459047.8698105,-35027.8698104956
"2018-11-30",1436880,1459868.76940685,-22988.7694068466
"2018-12-03",1475520,1460740.31109617,14779.6889038321
"2018-12-04",1481080,1461662.77661743,19417.2233825694
"2018-12-05",1474140,1462636.45381893,11503.5461810705
"2018-12-06",1445100,1463661.63857525,-18561.6385752543
"2018-12-07",1440560,1464738.63151609,-24178.6315160878
"2018-12-10",1427940,1465867.72559857,-37927.7255985668
"2018-12-11",1434020,1467049.2037853,-33029.2037853018
"2018-12-12",1437120,1468283.33336099,-31163.3333609903
"2018-12-13",1458880,1469570.3679576,-10690.3679576036
"2018-12-14",1436740,1470910.54832527,-34170.5483252655
"2018-12-17",1436460,1472304.1107952,-35844.1107952017
"2018-12-18",1418160,1473751.27757389,-55591.2775738877
"2018-12-19",1402060,1475252.25605128,-73192.2560512818
"2018-12-20",1389200,1476807.23063821,-87607.2306382065
"2018-12-21",1363820,1478416.35549069,-114596.355490691
"2018-12-24",1373540,1480079.74855147,-106539.748551469
"2018-12-25",1366000,1481797.48039376,-115797.480393765
"2018-12-26",1358420,1483569.57755155,-125149.577551548
"2018-12-27",1356260,1485396.01869269,-129136.018692689
"2018-12-28",1356120,1487276.73075333,-131156.73075333
"2019-01-02",1340940,1489211.58728995,-148271.58728995
"2019-01-03",1342380,1491200.40764414,-148820.407644142
"2019-01-04",1375660,1493242.94986797,-117582.949867971
"2019-01-07",1376840,1495338.91049715,-118498.910497149
"2019-01-08",1376820,1497487.93746331,-120667.937463314
"2019-01-09",1388000,1499689.6297154,-111689.629715399
"2019-01-10",1389760,1501943.53632311,-112183.536323106
"2019-01-11",1400920,1504249.16018807,-103329.160188069
"2019-01-14",1387800,1506605.95783987,-118805.957839866
"2019-01-15",1414160,1509013.34309579,-94853.3430957898
"2019-01-16",1414860,1511470.68066366,-96610.6806636623
"2019-01-17",1408460,1513977.2960427,-105517.296042702
"2019-01-18",1429860,1516532.47479718,-86672.4747971832
"2019-01-21",1442780,1519135.45887474,-76355.4588747425
"2019-01-22",1425280,1521785.45439613,-96505.4543961334
"2019-01-23",1420800,1524481.63591979,-103681.635919793
"2019-01-24",1432080,1527223.13811273,-95143.1381127304
"2019-01-25",1444840,1530009.05278406,-85169.0527840614
"2019-01-28",1443560,1532838.43241464,-89278.4324146417
"2019-01-29",1451760,1535710.29427979,-83950.2942797879
"2019-01-30",1443300,1538623.61875075,-95323.6187507515
"2019-01-31",1459580,1541577.3514971,-81997.3514971039
"2019-02-01",1479540,1544570.39878546,-65030.3987854551
"2019-02-11",1496080,1547601.63298798,-51521.63298798
"2019-02-12",1503820,1550669.89959598,-46849.8995959822
"2019-02-13",1535580,1553774.02280371,-18194.0228037132
"2019-02-14",1536480,1556912.80743961,-20432.8074396142
"2019-02-15",1511720,1560085.05081138,-48365.0508113788
"2019-02-18",1551220,1563289.54178066,-12069.5417806593
"2019-02-19",1547400,1566525.04921697,-19125.0492169671
"2019-02-20",1553160,1569790.33700068,-16630.3370006845
"2019-02-21",1550560,1573084.16110671,-22524.161106715
"2019-02-22",1588940,1576405.27063558,12534.7293644176
"2019-02-25",1707260,1579752.4053773,127507.594622697
"2019-02-26",1660340,1583124.31030323,77215.6896967684
"2019-02-27",1657000,1586519.7830912,70480.2169088004
"2019-02-28",1653980,1589937.65333694,64042.3466630644
"2019-03-01",1689720,1593376.77976983,96343.22023017
"2019-03-04",1702880,1596836.04759183,106043.952408165
"2019-03-05",1713840,1600314.38182928,113525.618170724
"2019-03-06",1721620,1603810.7513428,117809.248657196
"2019-03-07",1701520,1607324.17192001,94195.8280799941
"2019-03-08",1640280,1610853.70804607,29426.2919539265
"2019-03-11",1657580,1614398.46314293,43181.5368570657
"2019-03-12",1667820,1617957.55279618,49862.4472038173
"2019-03-13",1661560,1621530.11044095,40029.8895590543
"2019-03-14",1655380,1625115.29012345,30264.7098765534
"2019-03-15",1673000,1628712.26243668,44287.737563324
"2019-03-18",1727820,1632320.21048384,95499.7895161603
"2019-03-19",1713320,1635938.3356749,77381.664325101
"2019-03-20",1715020,1639565.8788956,75454.1211044039
"2019-03-21",1709800,1643202.11301815,66597.8869818475
"2019-03-22",1713820,1646846.34210445,66973.6578955487
"2019-03-25",1665680,1650497.8977453,15182.1022547016
"2019-03-26",1655740,1654156.13921571,1583.86078428816
"2019-03-27",1666800,1657820.43206637,8979.56793362719
"2019-03-28",1664180,1661490.14250267,2689.85749732867
"2019-03-29",1730700,1665164.64044179,65535.3595582068
"2019-04-01",1773400,1668843.29691279,104556.703087207
"2019-04-02",1770280,1672525.51003442,97754.4899655803
"2019-04-03",1794200,1676210.72114495,117989.27885505
"2019-04-04",1817680,1679898.41199044,137781.588009564
"2019-04-08",1808100,1683588.11308896,124511.886911041
"2019-04-09",1818200,1687279.41191197,130920.588088034
"2019-04-10",1823360,1690971.94739911,132388.052600893
"2019-04-11",1789620,1694665.41260735,94954.5873926546
"2019-04-12",1784680,1698359.55531754,86320.444682463
"2019-04-15",1774420,1702054.16256095,72365.837439052
"2019-04-16",1834180,1705749.05705024,128430.942949756
"2019-04-17",1827260,1709444.09141122,117815.90858878
"2019-04-18",1823420,1713139.17135785,110280.828642145
