"IC00C1Date","IC00C1Close","IC00C1_hpft","IC00C1_hpfc"
2015-04-17,7758.2,9387.78787688791,-1629.58787688791
2015-04-20,7622.2,9368.76237330448,-1746.56237330448
2015-04-21,8140.4,9349.73619611495,-1209.33619611495
2015-04-22,8189.8,9330.70794975457,-1140.90794975457
2015-04-23,8265.6,9311.67573876763,-1046.07573876763
2015-04-24,8327.2,9292.63719609295,-965.437196092946
2015-04-27,8347.2,9273.5895222637,-926.389522263698
2015-04-28,8147,9254.52951874018,-1107.52951874018
2015-04-29,8302.2,9235.45360405044,-933.253604050443
2015-04-30,8338.8,9216.3577389147,-877.557738914701
2015-05-04,8347.2,9197.2374982831,-850.037498283096
2015-05-05,8145,9178.08809435892,-1033.08809435892
2015-05-06,8040.8,9158.9043879742,-1118.1043879742
2015-05-07,7911.4,9139.68081292388,-1228.28081292388
2015-05-08,8171.2,9120.41134082345,-949.211340823454
2015-05-11,8489.8,9101.08943556666,-611.289435566661
2015-05-12,8647.8,9081.70816868119,-433.908168681188
2015-05-13,8695.8,9062.26035901253,-366.460359012531
2015-05-14,8760.4,9042.73864604582,-282.338646045819
2015-05-15,8755.2,9023.13551778621,-267.935517786209
2015-05-18,8798.4,9003.44334553147,-205.043345531471
2015-05-19,9120.8,8983.65438982553,137.145610174471
2015-05-20,9286.8,8963.7608264559,323.039173544101
2015-05-21,9734.6,8943.75488790032,790.845112099676
2015-05-22,9741.2,8923.62894016788,817.571059832122
2015-05-25,9966.6,8903.37567617142,1063.22432382858
2015-05-26,10532.2,8882.98812677468,1649.21187322532
2015-05-27,10552,8862.4597623354,1689.5402376646
2015-05-28,9977.2,8841.78473492954,1135.41526507046
2015-05-29,10121,8820.95789502101,1300.04210497899
2015-06-01,11025.6,8799.9745624086,2225.6254375914
2015-06-02,11250.4,8778.83059427655,2471.56940572345
2015-06-03,11103.2,8757.5227677926,2345.6772322074
2015-06-04,10869.2,8736.04888177224,2133.15111822776
2015-06-05,10949,8714.40770463965,2234.59229536035
2015-06-08,10602.6,8692.59888657749,1910.00111342251
2015-06-09,10700.4,8670.62300145948,2029.77699854052
2015-06-10,10987.8,8648.48141267693,2339.31858732307
2015-06-11,11258.8,8626.17632264923,2632.62367735077
2015-06-12,11427.8,8603.71090077589,2824.08909922411
2015-06-15,11228.6,8581.08940467744,2647.51059532256
2015-06-16,10839,8558.31725933918,2280.68274066082
2015-06-17,11033.4,8535.40098412068,2497.99901587931
2015-06-18,10672.6,8512.34804112429,2160.25195887571
2015-06-19,10210,8489.16692502478,1720.83307497522
2015-06-23,9862.6,8465.86702345785,1396.73297654215
2015-06-24,10058,8442.45843538255,1615.54156461745
2015-06-25,9381.6,8418.95183711122,962.64816288878
2015-06-26,8629,8395.35857275615,233.64142724385
2015-06-29,7768.4,8371.69038434945,-603.290384349454
2015-06-30,8346,8347.95911050156,-1.95911050156274
2015-07-01,7509.4,8324.17634044663,-814.77634044663
2015-07-02,7667.8,8300.35366260914,-632.553662609138
2015-07-03,7404.8,8276.50232861777,-871.702328617775
2015-07-06,7440,8252.63332862896,-812.63332862896
2015-07-07,6516.2,8228.75729247244,-1712.55729247244
2015-07-08,5956.6,8204.88451406799,-2248.28451406799
2015-07-09,6552.2,8181.0245794331,-1628.8245794331
2015-07-10,7207.4,8157.18614523484,-949.786145234836
2015-07-13,7569.6,8133.37719484967,-563.777194849665
2015-07-14,7645,8109.60531905069,-464.605319050688
2015-07-15,7136,8085.87787556812,-949.877875568121
2015-07-16,7531.8,8062.20203008309,-530.402030083086
2015-07-17,7934.4,8038.58455563505,-104.184555635055
2015-07-20,7589,8015.03200601719,-426.03200601719
2015-07-21,7715,7991.55089195682,-276.550891956823
2015-07-22,7773,7968.1475480767,-195.147548076704
2015-07-23,8386,7944.82819468443,441.171805315574
2015-07-24,7980,7921.59897142156,58.4010285784389
2015-07-27,7341.4,7898.46620029223,-557.066200292234
2015-07-28,7221,7875.43622744138,-654.436227441376
2015-07-29,7702.8,7852.51516874507,-149.71516874507
2015-07-30,7232,7829.70886956177,-597.708869561767
2015-07-31,7399,7807.02311336365,-408.023113363645
2015-08-03,7065.2,7784.46343655435,-719.263436554354
2015-08-04,7657.6,7762.03520687683,-104.435206876825
2015-08-05,7486.4,7739.74349475955,-253.343494759546
2015-08-06,7545.4,7717.59332746165,-172.19332746165
2015-08-07,7851.2,7695.58962752047,155.610372479527
2015-08-10,8330,7673.73724629521,656.262753704791
2015-08-11,8200.6,7652.04109946863,548.558900531368
2015-08-12,8082.2,7630.5063739955,451.693626004499
2015-08-13,8345.8,7609.13848358332,736.661516416678
2015-08-14,8397,7587.94302865111,809.056971348891
2015-08-17,8659,7566.92591412452,1092.07408587548
2015-08-18,7802,7546.09337936063,255.906620639371
2015-08-19,8151.2,7525.45211513618,625.747884863816
2015-08-20,8003,7505.00891800901,497.991081990995
2015-08-21,7749.4,7484.77084319667,264.629156803331
2015-08-24,6523.6,7464.74515176549,-941.145151765494
2015-08-25,5871.4,7444.9392141694,-1573.5392141694
2015-08-26,5400.2,7425.36001183047,-2025.16001183047
2015-08-27,5928.2,7406.01387573276,-1477.81387573276
2015-08-28,6402.6,7386.90629974113,-984.306299741133
2015-08-31,5961.4,7368.04216685129,-1406.64216685129
2015-09-01,5373,7349.42595318597,-1976.42595318597
2015-09-02,5377,7331.06155341933,-1954.06155341933
2015-09-07,5795,7312.95204524985,-1517.95204524985
2015-09-08,6383,7295.09969864574,-912.099698645744
2015-09-09,6369,7277.50615611547,-908.506156115473
2015-09-10,6319,7260.17268314131,-941.172683141306
2015-09-11,6420,7243.10016966627,-823.100169666274
2015-09-14,5758.2,7226.2891165899,-1468.0891165899
2015-09-15,5663.6,7209.73968457582,-1546.13968457582
2015-09-16,6050.8,7193.45142743796,-1142.65142743796
2015-09-17,5955,7177.42325987898,-1222.42325987898
2015-09-18,6010.2,7161.6536242748,-1151.4536242748
2015-09-21,6170.2,7146.14045770098,-975.940457700978
2015-09-22,6077.8,7130.88122126803,-1053.08122126803
2015-09-23,5980.4,7115.87297267289,-1135.47297267289
2015-09-24,6100,7101.1123343102,-1001.1123343102
2015-09-25,5787.4,7086.59545921597,-1299.19545921597
2015-09-28,5994.4,7072.31808660688,-1077.91808660688
2015-09-29,5914,7058.27541866416,-1144.27541866416
2015-09-30,5917.8,7044.46221200089,-1126.66221200089
2015-10-08,6195.2,7030.87275023334,-835.672750233345
2015-10-09,6406.8,7017.50085126039,-610.700851260393
2015-10-12,6642.6,7004.33998754755,-361.739987547553
2015-10-13,6688.6,6991.38337912102,-302.783379121021
2015-10-14,6645.2,6978.62409647844,-333.424096478442
2015-10-15,6954.8,6966.05508495892,-11.2550849589237
2015-10-16,6979.8,6953.66915207757,26.1308479224308
2015-10-19,6685,6941.45910069675,-256.459100696747
2015-10-20,6850,6929.41774448068,-79.4177444806838
2015-10-21,6478.8,6917.53779108351,-438.737791083512
2015-10-22,6666.2,6905.81191533124,-239.611915331237
2015-10-23,6908,6894.23261069337,13.7673893066296
2015-10-26,6865,6882.79227159346,-17.7922715934628
2015-10-27,6903.4,6871.48329814588,31.9167018541185
2015-10-28,6683.4,6860.29808311064,-176.898083110636
2015-10-29,6782,6849.22903244033,-67.2290324403292
2015-10-30,6783.8,6838.26847896559,-54.4684789655907
2015-11-02,6668.8,6827.4087277269,-158.608727726903
2015-11-03,6656.2,6816.64206124976,-160.442061249759
2015-11-04,7090.6,6805.9606964972,284.6393035028
2015-11-05,7066.4,6795.35678411199,271.043215888006
2015-11-06,7293.8,6784.82259239525,508.977407604748
2015-11-09,7353.8,6774.35050168647,579.449498313527
2015-11-10,7394,6763.9331027161,630.066897283902
2015-11-11,7545,6753.56322573555,791.43677426445
2015-11-12,7519,6743.23396144061,775.766038559386
2015-11-13,7468,6732.93872767519,735.06127232481
2015-11-16,7638,6722.67126295366,915.328737046337
2015-11-17,7547.6,6712.42560963524,835.174390364758
2015-11-18,7499,6702.19618843915,796.803811560846
2015-11-19,7697,6691.97776531221,1005.02223468779
2015-11-20,7804,6681.76543556782,1122.23456443218
2015-11-23,7356.6,6671.55470995521,685.045290044789
2015-11-24,7471,6661.34156311021,809.658436889786
2015-11-25,7631,6651.12225283886,979.877747161143
2015-11-26,7531.8,6640.89337162742,890.906628372584
2015-11-27,7092.6,6630.6519170042,461.948082995804
2015-11-30,7118.2,6620.39525476251,497.804745237485
2015-12-01,7137.6,6610.12094164641,527.479058353595
2015-12-02,7280.2,6599.82674017242,680.373259827581
2015-12-03,7377.8,6589.51063089572,788.28936910428
2015-12-04,7315.8,6579.17087561042,736.629124389578
2015-12-07,7339.4,6568.80606195775,770.593938042254
2015-12-08,7230,6558.41508207179,671.584917928206
2015-12-09,7212,6547.99714661916,664.002853380843
2015-12-10,7170,6537.5517438727,632.448256127295
2015-12-11,7227.4,6527.07863657734,700.321363422655
2015-12-14,7422,6516.57784890669,905.422151093315
2015-12-15,7446,6506.04969451895,939.950305481054
2015-12-16,7492.6,6495.49486133756,997.105138662442
2015-12-17,7693.6,6484.91442582359,1208.68557417641
2015-12-18,7700.8,6474.30987660123,1226.49012339877
2015-12-21,7585,6463.68320191675,1121.31679808325
2015-12-22,7650,6453.03689699803,1196.96310300197
2015-12-23,7516.4,6442.37392058029,1074.02607941971
2015-12-24,7533.4,6431.69772617516,1101.70227382484
2015-12-25,7595.8,6421.01221125347,1174.78778874653
2015-12-28,7305,6410.32172868543,894.678271314569
2015-12-29,7418.2,6399.63111695132,1018.56888304868
2015-12-30,7511.4,6388.9455843554,1122.4544156446
2015-12-31,7349,6378.27076023739,970.729239762606
2016-01-04,6881.2,6367.6127379145,513.5872620855
2016-01-05,6699,6356.97801196439,342.021988035609
2016-01-06,6814.4,6346.37328926102,468.026710738979
2016-01-07,6360,6335.80541805653,24.1945819434728
2016-01-08,6399.8,6325.28144006648,74.5185599335153
2016-01-11,5940.4,6314.80840700742,-374.408407007417
2016-01-12,6074.8,6304.39340139902,-229.593401399021
2016-01-13,5904.4,6294.04335099544,-389.643350995444
2016-01-14,6078,6283.76508864616,-205.765088646157
2016-01-15,5942.8,6273.56528613786,-330.765286137856
2016-01-18,5695.2,6263.45053020214,-568.250530202138
2016-01-19,5928.8,6253.42727084551,-324.627270845515
2016-01-20,5835,6243.50172318256,-408.50172318256
2016-01-21,5679,6233.67996814017,-554.679968140168
2016-01-22,5779.8,6223.96791778684,-444.167917786836
2016-01-25,5800,6214.37125490865,-414.371254908653
2016-01-26,5401.2,6204.89547869079,-803.695478690786
2016-01-27,5280.4,6195.54591703376,-915.145917033761
2016-01-28,5155,6186.3275656229,-1031.3275656229
2016-01-29,5329.8,6177.24504185882,-847.445041858823
2016-02-01,5323,6168.30253683282,-845.302536832822
2016-02-02,5523.6,6159.50389133657,-635.903891336569
2016-02-03,5556.8,6150.85259674769,-594.052596747687
2016-02-04,5695,6142.35188158657,-447.351881586566
2016-02-05,5617,6134.00472881626,-517.004728816258
2016-02-15,5651.4,6125.81393648254,-474.413936482544
2016-02-16,5881,6117.78208892219,-236.782088922189
2016-02-17,5947,6109.91157436851,-162.911574368514
2016-02-18,5950.2,6102.20468317828,-152.004683178275
2016-02-19,5969.2,6094.66363836737,-125.463638367372
2016-02-22,5869.2,6087.29060011919,-218.090600119188
2016-02-23,5845,6080.08767675494,-235.087676754943
2016-02-24,5881.8,6073.05688644657,-191.256886446573
2016-02-25,5361,6066.2001501898,-705.200150189803
2016-02-26,5417.8,6059.51930992269,-641.719309922689
2016-02-29,5075.2,6053.01591608201,-977.815916082006
2016-03-01,5227.4,6046.69125384338,-819.291253843382
2016-03-02,5587.8,6040.5462041928,-452.746204192798
2016-03-03,5603.8,6034.58130945412,-430.78130945412
2016-03-04,5452,6028.79692480388,-576.796924803879
2016-03-07,5595,6023.19322735124,-428.193227351242
2016-03-08,5661,6017.77015578075,-356.770155780751
2016-03-09,5500,6012.52747177905,-512.527471779045
2016-03-10,5396,6007.46478955814,-611.464789558143
2016-03-11,5413.2,6002.58151147187,-589.381511471866
2016-03-14,5629.6,5997.87678711926,-368.27678711926
2016-03-15,5608,5993.34952247257,-385.349522472574
2016-03-16,5565.4,5988.99847127331,-423.598471273315
2016-03-17,5760,5984.82222797483,-224.822227974832
2016-03-18,5944.6,5980.81921193218,-36.2192119321769
2016-03-21,5929.8,5976.98774956797,-47.1877495679671
2016-03-22,5921.6,5973.32615233287,-51.7261523328671
2016-03-23,5949.2,5969.83271217221,-20.6327121722133
2016-03-24,5843.4,5966.50569964993,-123.105699649926
2016-03-25,5910.4,5963.34337680128,-52.9433768012833
2016-03-28,5857,5960.34395477437,-103.343954774371
2016-03-29,5788.8,5957.50562283268,-168.705622832683
2016-03-30,6020.8,5954.82652752139,65.9734724786116
2016-03-31,6020,5952.30474564974,67.6952543502619
2016-04-01,6028,5949.93838129762,78.0616187023767
2016-04-05,6190.4,5947.72556652773,242.674433472266
2016-04-06,6223.4,5945.66446566999,277.735534330011
2016-04-07,6156,5943.75334336595,212.246656634047
2016-04-08,6114.2,5941.99057906229,172.209420937706
2016-04-11,6237,5940.37463993982,296.625360060176
2016-04-12,6239.8,5938.90406436374,300.895935636258
2016-04-13,6306,5937.5775133123,368.422486687698
2016-04-14,6381.2,5936.39377214188,444.806227858125
2016-04-15,6376.6,5935.35177850009,441.248221499907
2016-04-18,6093.2,5934.45065389952,158.749346100475
2016-04-19,6102.6,5933.68970224685,168.910297753148
2016-04-20,5791.2,5933.06829306969,-141.868293069687
2016-04-21,5788.4,5932.58586571607,-144.185865716073
2016-04-22,5850,5932.24180089138,-82.2418008913832
2016-04-25,5815.4,5932.03541970051,-116.63541970051
2016-04-26,5885,5931.96600925276,-46.9660092527569
2016-04-27,5865.8,5932.03280844521,-66.2328084452106
2016-04-28,5833,5932.23503676105,-99.2350367610452
2016-04-29,5844.8,5932.57188630544,-87.7718863054433
2016-05-03,6085,5933.04250816395,151.957491836049
2016-05-04,6062.8,5933.64601714022,129.153982859782
2016-05-05,6132.8,5934.38159085146,198.41840914854
2016-05-06,5887.8,5935.24846030198,-47.4484603019796
2016-05-09,5652.8,5936.24593851417,-283.445938514166
2016-05-10,5650,5937.37331889709,-287.373318897085
2016-05-11,5640.4,5938.62977769467,-298.229777694672
2016-05-12,5670,5940.01437236234,-270.014372362344
2016-05-13,5659.2,5941.5260370791,-282.326037079102
2016-05-16,5772.2,5943.16359441126,-170.963594411259
2016-05-17,5779.2,5944.9257502226,-165.725750222597
2016-05-18,5632.8,5946.81113970754,-314.011139707545
2016-05-19,5641.2,5948.81832955603,-307.618329556026
2016-05-20,5691,5950.94575665862,-259.945756658616
2016-05-23,5635.2,5953.19173074853,-317.991730748531
2016-05-24,5598.6,5955.55445410822,-356.954454108215
2016-05-25,5556,5958.03199757494,-402.031997574941
2016-05-26,5627.8,5960.62228443525,-332.822284435252
2016-05-27,5630.6,5963.32307179203,-332.723071792031
2016-05-30,5611,5966.13197917282,-355.131979172824
2016-05-31,5923.2,5969.04648857069,-45.8464885706885
2016-06-01,5899.8,5972.06393518138,-72.2639351813841
2016-06-02,5937.8,5975.1816352497,-37.3816352496991
2016-06-03,6003.6,5978.39687514942,25.2031248505819
2016-06-06,5974,5981.70692580223,-7.706925802235
2016-06-07,6016.6,5985.10906854775,31.4909314522522
2016-06-08,5995.8,5988.6005815398,7.19941846020049
2016-06-13,5732,5992.17875594937,-260.178755949371
2016-06-14,5723.4,5995.84088592337,-272.440885923369
2016-06-15,5920,5999.58415806135,-79.5841580613546
2016-06-16,5912.8,6003.40564634669,-90.6056463466866
2016-06-17,5962.4,6007.30239186591,-44.9023918659069
2016-06-20,5848.2,6011.27139825282,-163.071398252817
2016-06-21,5777.6,6015.3096505803,-237.709650580303
2016-06-22,5922,6019.41406651415,-97.4140665141521
2016-06-23,5888,6023.5814654605,-135.581465460501
2016-06-24,5787,6027.80862655838,-240.808626558382
2016-06-27,5965.2,6032.0922729031,-66.8922729030987
2016-06-28,6037,6036.42902804912,0.570971950882715
2016-06-29,6050.4,6040.81548790041,9.58451209958957
2016-06-30,6051.6,6045.24824859705,6.3517514029539
2016-07-01,6039.8,6049.72391024082,-9.92391024082497
2016-07-04,6159.6,6054.2390755592,105.360924440803
2016-07-05,6202.4,6058.79034317744,143.60965682256
2016-07-06,6226.6,6063.37435527277,163.225644727228
2016-07-07,6279.4,6067.98781338495,211.412186615052
2016-07-08,6265,6072.62748652453,192.372513475472
2016-07-11,6248,6077.29023109148,170.709768908519
2016-07-12,6368.6,6081.97298300474,286.627016995257
2016-07-13,6416.4,6086.67274874786,329.727251252143
2016-07-14,6442.2,6091.38665328446,350.813346715543
2016-07-15,6439.8,6096.11195787413,343.688042125871
2016-07-18,6266,6100.84606878862,165.153931211385
2016-07-19,6272.8,6105.58653436646,167.213465633543
2016-07-20,6265.4,6110.3309712142,155.069028785804
2016-07-21,6310,6115.0770650577,194.922934942303
2016-07-22,6272.6,6119.82256572213,152.777434277872
2016-07-25,6290.4,6124.56530360596,165.834696394042
2016-07-26,6393.4,6129.3031722597,264.096827740304
2016-07-27,6104.2,6134.03413378327,-29.8341337832707
2016-07-28,6125.6,6138.75625944359,-13.1562594435891
2016-07-29,6103,6143.46760817535,-40.4676081753478
2016-08-01,6028.2,6148.16623347494,-119.966233474944
2016-08-02,6083,6152.85017211114,-69.8501721111409
2016-08-03,6102.6,6157.51741126346,-54.9174112634574
2016-08-04,6164.8,6162.16590923818,2.63409076181853
2016-08-05,6147.2,6166.79360164089,-19.5936016408952
2016-08-08,6248.2,6171.39842516606,76.8015748339356
2016-08-09,6297.2,6175.97830840893,121.221691591068
2016-08-10,6286.2,6180.53121171143,105.668788288569
2016-08-11,6196,6185.05514552365,10.9448544763534
2016-08-12,6260.4,6189.5481639749,70.8518360251029
2016-08-15,6405.2,6194.00832571865,211.191674281347
2016-08-16,6458.2,6198.43371869571,259.766281304289
2016-08-17,6470.8,6202.822518145,267.977481855005
2016-08-18,6484.6,6207.17300668238,277.426993317624
2016-08-19,6490.4,6211.4835776949,278.916422305095
2016-08-22,6320.6,6215.75273924665,104.84726075335
2016-08-23,6308.6,6219.97911469466,88.6208853053421
2016-08-24,6314.2,6224.16137073548,90.0386292645244
2016-08-25,6280,6228.29821069807,51.7017893019328
2016-08-26,6279.2,6232.38837512973,46.8116248702684
2016-08-29,6327.2,6236.43062594914,90.7693740508546
2016-08-30,6330,6240.42374442514,89.5762555748622
2016-08-31,6343,6244.36654934685,98.6334506531475
2016-09-01,6279,6248.25789653065,30.7421034693466
2016-09-02,6271,6252.09668256412,18.9033174358827
2016-09-05,6309.2,6255.88181674222,53.3181832577817
2016-09-06,6445.8,6259.61221617381,186.18778382619
2016-09-07,6429,6263.28682000749,165.713179992507
2016-09-08,6477.2,6266.90464435429,210.295355645713
2016-09-09,6445,6270.46477382444,174.535226175559
2016-09-12,6256,6273.96637995584,-17.9663799558422
2016-09-13,6292.2,6277.40870643216,14.7912935678418
2016-09-14,6270,6280.79098951053,-10.7909895105267
2016-09-19,6330.8,6284.11247156222,46.6875284377848
2016-09-20,6217.6,6287.3723904979,-69.7723904978995
2016-09-21,6248.2,6290.57000352697,-42.3700035269709
2016-09-22,6293.2,6293.70453901791,-0.504539017908812
2016-09-23,6298.6,6296.77520782484,1.82479217516143
2016-09-26,6201.2,6299.78122059362,-98.5812205936197
2016-09-27,6245.6,6302.72178872422,-57.12178872422
2016-09-28,6240.2,6305.59608286717,-65.3960828671691
2016-09-29,6299.8,6308.4032500611,-8.60325006110223
2016-09-30,6318.6,6311.14241031256,7.45758968743697
2016-10-10,6444.6,6313.81268007176,130.787319928239
2016-10-11,6454.8,6316.41317887184,138.386821128162
2016-10-12,6448.2,6318.94308030794,129.25691969206
2016-10-13,6462,6321.4016151788,140.598384821195
2016-10-14,6467,6323.78806771282,143.211932287182
2016-10-17,6418,6326.10178025601,91.8982197439943
2016-10-18,6505.4,6328.34215435253,177.057845647471
2016-10-19,6491.2,6330.50862953361,160.691370466392
2016-10-20,6499,6332.60071851891,166.399281481088
2016-10-21,6451.8,6334.61800045152,117.181999548482
2016-10-24,6471.4,6336.56012325732,134.839876742677
2016-10-25,6487,6338.4267833005,148.573216699501
2016-10-26,6471,6340.21773268265,130.782267317347
2016-10-27,6458.2,6341.93278491961,116.267215080395
2016-10-28,6411,6343.57180758731,67.4281924126879
2016-10-31,6407.6,6345.13471632185,62.4652836781509
2016-11-01,6465,6346.62145463143,118.378545368569
2016-11-02,6400,6348.03199184481,51.96800815519
2016-11-03,6435,6349.36634622377,85.6336537762278
2016-11-04,6419.6,6350.62455751155,68.9754424884489
2016-11-07,6409,6351.80670084901,57.1932991509906
2016-11-08,6469,6352.91287988857,116.087120111431
2016-11-09,6405,6353.94322192408,51.0567780759192
2016-11-10,6499,6354.89790223505,144.10209776495
2016-11-11,6563,6355.77711720604,207.222882793956
2016-11-14,6586.6,6356.58112278737,230.018877212627
2016-11-15,6601.8,6357.31026058707,244.48973941293
2016-11-16,6627.4,6357.96496729371,269.435032706285
2016-11-17,6635.6,6358.54578065812,277.054219341879
2016-11-18,6618.2,6359.05334980474,259.14665019526
2016-11-21,6523.2,6359.48843838109,163.711561618912
2016-11-22,6593.6,6359.85191715544,233.748082844565
2016-11-23,6561.8,6360.14472456797,201.655275432033
2016-11-24,6547.6,6360.36789568073,187.232104319274
2016-11-25,6564.8,6360.52254891201,204.277451087991
2016-11-28,6596.4,6360.60988007437,235.790119925634
2016-11-29,6556.8,6360.63116942045,196.168830579555
2016-11-30,6531.2,6360.58779466891,170.612205331092
2016-12-01,6572,6360.48121462698,211.518785373017
2016-12-02,6433,6360.31295862595,72.6870413740492
2016-12-05,6430,6360.08464343058,69.9153565694192
2016-12-06,6431.4,6359.79791585133,71.6020841486703
2016-12-07,6488.6,6359.45445159899,129.145548401005
2016-12-08,6488.8,6359.05595598175,129.744044018249
2016-12-09,6456,6358.60418769135,97.3958123086537
2016-12-12,6174.6,6358.10095905053,-183.500959050529
2016-12-13,6231,6357.54812264156,-126.548122641556
2016-12-14,6224,6356.94745519473,-132.947455194728
2016-12-15,6262.8,6356.30068113051,-93.500681130513
2016-12-16,6313,6355.6094699142,-42.6094699142041
2016-12-19,6198,6354.87545236169,-156.875452361692
2016-12-20,6183.8,6354.10024167574,-170.30024167574
2016-12-21,6256.6,6353.28538621327,-96.6853862132661
2016-12-22,6235,6352.43236393577,-117.432363935768
2016-12-23,6209.8,6351.542612839,-141.742612838996
2016-12-26,6219.8,6350.6175223768,-130.817522376796
2016-12-27,6216,6349.65842341239,-133.658423412395
2016-12-28,6218,6348.66659273426,-130.666592734264
2016-12-29,6215.8,6347.64325188186,-131.843251881856
2016-12-30,6210.6,6346.58956838237,-135.989568382372
2017-01-03,6275.8,6345.50665526423,-69.7066552642327
2017-01-04,6367,6344.39556934325,22.6044306567497
2017-01-05,6359,6343.25733862137,15.7426613786255
2017-01-06,6339,6342.09300044427,-3.0930004442709
2017-01-09,6373.8,6340.90359866503,32.8964013349681
2017-01-10,6344.6,6339.69017585814,4.90982414185575
2017-01-11,6297.6,6338.45378819623,-40.8537881962261
2017-01-12,6238.4,6337.19549388136,-98.795493881356
2017-01-13,6178.4,6335.91633422833,-157.516334228334
2017-01-16,6011.4,6334.61730971387,-323.217309713872
2017-01-17,6065,6333.29935570376,-268.299355703758
2017-01-18,6073.8,6331.96327395875,-258.163273958751
2017-01-19,6047,6330.60975533543,-283.609755335425
2017-01-20,6118.4,6329.23938397608,-210.839383976083
2017-01-23,6114.2,6327.8526267901,-213.652626790101
2017-01-24,6123,6326.44986353435,-203.449863534353
2017-01-25,6155,6325.03138565032,-170.031385650318
2017-01-26,6188.8,6323.59740048147,-134.797400481471
2017-02-03,6165,6322.14804508716,-157.148045087165
2017-02-06,6199.6,6320.68340080693,-121.083400806926
2017-02-07,6187.4,6319.20348402159,-131.803484021586
2017-02-08,6246.6,6317.70826106098,-71.1082610609755
2017-02-09,6284.8,6316.19764377265,-31.3976437726534
2017-02-10,6294.2,6314.67151461092,-20.4715146109189
2017-02-13,6330.2,6313.12974305148,17.0702569485192
2017-02-14,6332,6311.57219010801,20.4278098919898
2017-02-15,6289.6,6309.99872385032,-20.3987238503182
2017-02-16,6345,6308.40922079224,36.590779207761
2017-02-17,6313.4,6306.80354901557,6.59645098442585
2017-02-20,6313.8,6305.18159172733,8.61840827267057
2017-02-21,6341,6303.54323486121,37.4567651387859
2017-02-22,6389.6,6301.88836791342,87.7116320865825
2017-02-23,6397.6,6300.21689586323,97.3831041367701
2017-02-24,6410.6,6298.52875994645,112.071240053548
2017-02-27,6348,6296.82394165312,51.1760583468785
2017-02-28,6376.4,6295.10246879902,81.2975312009842
2017-03-01,6397.8,6293.36439035404,104.435609645964
2017-03-02,6390,6291.60978889322,98.390211106776
2017-03-03,6393,6289.83879016109,103.161209838908
2017-03-06,6459.8,6288.05156057273,171.748439427271
2017-03-07,6465,6286.2483091859,178.7516908141
2017-03-08,6449.6,6284.42931605228,165.170683947722
2017-03-09,6390.8,6282.5949351123,108.205064887699
2017-03-10,6410.4,6280.74558858131,129.654411418686
2017-03-13,6484.6,6278.88174340228,205.718256597724
2017-03-14,6470,6277.0039201121,192.996079887896
2017-03-15,6466.4,6275.11272428333,191.287275716672
2017-03-16,6539,6273.20884126531,265.791158734692
2017-03-17,6527.6,6271.29303547788,256.306964522117
2017-03-20,6427,6269.36618120827,157.63381879173
2017-03-21,6445,6267.42925869066,177.570741309339
2017-03-22,6428.8,6265.48331331875,163.316686681254
2017-03-23,6450,6263.52946388683,186.470536113173
2017-03-24,6527.8,6261.56889669774,266.231103302261
2017-03-27,6480.6,6259.60287513374,220.99712486626
2017-03-28,6467.2,6257.63277262633,209.567227373669
2017-03-29,6443.6,6255.66005395833,187.939946041671
2017-03-30,6366.4,6253.68627053922,112.713729460781
2017-03-31,6380.2,6251.7130514653,128.486948534701
2017-04-05,6538.6,6249.7420724242,288.857927575802
2017-04-06,6536,6247.77506221487,288.22493778513
2017-04-07,6556,6245.81386903854,310.186130961463
2017-04-10,6546,6243.860460237,302.139539762998
2017-04-11,6602.2,6241.91693137055,360.283068629447
2017-04-12,6555.8,6239.9855028918,315.814497108196
2017-04-13,6610,6238.06854417994,371.931455820064
2017-04-14,6518.8,6236.1685551591,282.631444840896
2017-04-17,6443.2,6234.28818949499,208.911810505015
2017-04-18,6422.2,6232.4302176817,189.769782318297
2017-04-19,6346.6,6230.59749656921,116.002503430793
2017-04-20,6347.8,6228.79296145058,119.007038549422
2017-04-21,6315.2,6227.01959556962,88.1804044303761
2017-04-24,6108.4,6225.28043136294,-116.88043136294
2017-04-25,6128,6223.57853771735,-95.5785377173541
2017-04-26,6142,6221.91693520603,-79.9169352060302
2017-04-27,6160,6220.29860489374,-60.2986048937448
2017-04-28,6180.4,6218.72649481092,-38.3264948109179
2017-05-02,6176,6217.20352806291,-41.2035280629119
2017-05-03,6156.2,6215.73261191246,-59.5326119124646
2017-05-04,6123.6,6214.31663659033,-90.7166365903256
2017-05-05,6057.8,6212.95846771902,-155.158467719024
2017-05-08,5951.2,6211.6609334223,-260.460933422297
2017-05-09,5987,6210.42679768791,-223.426797687906
2017-05-10,5842.2,6209.25871683933,-367.05871683933
2017-05-11,5827.2,6208.15925484433,-380.959254844329
2017-05-12,5827.2,6207.13082394347,-379.930823943471
2017-05-15,5876.8,6206.17567890404,-329.375678904045
2017-05-16,6009.8,6205.29591744522,-195.495917445221
2017-05-17,6020,6204.49350113555,-184.493501135553
2017-05-18,5960.2,6203.77031073332,-243.570310733322
2017-05-19,5964,6203.12815073473,-239.128150734725
2017-05-22,5828.6,6202.56872495373,-373.968724953733
2017-05-23,5716,6202.09363835843,-486.093638358428
2017-05-24,5759,6201.70434133318,-442.704341333178
2017-05-25,5810.6,6201.40208333077,-390.802083330771
2017-05-26,5814.6,6201.187930808,-386.587930807999
2017-05-31,5772.6,6201.06278867955,-428.462788679546
2017-06-01,5667,6201.0274020603,-534.027402060298
2017-06-02,5753.2,6201.08233895592,-447.882338955919
2017-06-05,5775,6201.22794662653,-426.227946626534
2017-06-06,5807.2,6201.46438719582,-394.264387195824
2017-06-07,5952,6201.79164660165,-249.791646601646
2017-06-08,5940,6202.20954780917,-262.209547809174
2017-06-09,5964.4,6202.71781052977,-238.317810529769
2017-06-12,5882.2,6203.31604608766,-321.116046087661
2017-06-13,5955.4,6204.00376729625,-248.603767296247
2017-06-14,5956.6,6204.78035423234,-248.180354232336
2017-06-15,6008.4,6205.64508421,-197.245084210001
2017-06-16,6015,6206.59713195562,-191.597131955622
2017-06-19,6006,6207.63559066232,-201.635590662318
2017-06-20,6029.4,6208.75947432472,-179.359474324719
2017-06-21,6034,6209.96771358933,-175.967713589326
2017-06-22,5944.8,6211.25916496268,-266.459164962684
2017-06-23,5953.2,6212.63261221333,-259.432612213328
2017-06-26,6085.8,6214.08672896634,-128.286728966337
2017-06-27,6061,6215.62008160772,-154.620081607715
2017-06-28,6048,6217.23118349502,-169.231183495022
2017-06-29,6074.4,6218.91848407196,-144.518484071963
2017-06-30,6097.2,6220.68036282887,-123.480362828868
2017-07-03,6146,6222.51513951805,-76.5151395180464
2017-07-04,6119,6224.42108284992,-105.421082849917
2017-07-05,6161.4,6226.3964299066,-64.9964299066005
2017-07-06,6146.4,6228.43937419347,-82.0393741934689
2017-07-07,6183.2,6230.54808234894,-47.3480823489381
2017-07-10,6165,6232.72068709968,-67.7206870996804
2017-07-11,6108.4,6234.95530160047,-126.555301600474
2017-07-12,6085.4,6237.25001101314,-151.85001101314
2017-07-13,6108.2,6239.60284818667,-131.402848186672
2017-07-14,6093.4,6242.01178320131,-148.611783201315
2017-07-17,5825.6,6244.47473182069,-418.87473182069
2017-07-18,5899,6246.98954837828,-347.989548378276
2017-07-19,6033.2,6249.55391406158,-216.353914061576
2017-07-20,6074,6252.16536621319,-178.165366213187
2017-07-21,6123,6254.8213527438,-131.8213527438
2017-07-24,6083.8,6257.51924791756,-173.719247917565
2017-07-25,6081.2,6260.25637150907,-179.056371509074
2017-07-26,6070,6263.0299714843,-193.029971484299
2017-07-27,6129.4,6265.83722179458,-136.437221794578
2017-07-28,6185.2,6268.67521660039,-83.4752166003897
2017-07-31,6265.6,6271.54099366457,-5.94099366457317
2017-08-01,6247.6,6274.43155624466,-26.831556244663
2017-08-02,6225.4,6277.34390514241,-51.943905142408
2017-08-03,6233.8,6280.27503006846,-46.475030068458
2017-08-04,6185.2,6283.22189926199,-98.0218992619905
2017-08-07,6280,6286.18146175124,-6.18146175123667
2017-08-08,6272.2,6289.15062604613,-16.9506260461303
2017-08-09,6317.4,6292.12629810143,25.2737018985716
2017-08-10,6251,6295.10537686518,-44.1053768651845
2017-08-11,6139.2,6298.08477173259,-158.884771732588
2017-08-14,6286.4,6301.06137386743,-14.6613738674297
2017-08-15,6292.8,6304.03200875694,-11.232008756943
2017-08-16,6309.6,6306.9934958279,2.60650417209536
2017-08-17,6365.8,6309.94264986426,55.8573501357438
2017-08-18,6349.8,6312.87628672738,36.9237132726163
2017-08-21,6358.8,6315.79124536783,43.0087546321715
2017-08-22,6336,6318.6843799989,17.3156200011
2017-08-23,6285.2,6321.55256261203,-36.3525626120293
2017-08-24,6248.6,6324.39267235619,-75.7926723561852
2017-08-25,6327.2,6327.20157335367,-0.0015733536697482
2017-08-28,6417.8,6329.97609839716,87.8239016028382
2017-08-29,6389.8,6332.71308027868,57.0869197213158
2017-08-30,6433.6,6335.4093880931,98.1906119069001
2017-08-31,6464.2,6338.06191453277,126.138085467229
2017-09-01,6528.6,6340.66759287805,187.932407121946
2017-09-04,6548.6,6343.22340854969,205.376591450306
2017-09-05,6569.2,6345.72642465219,223.473575347808
2017-09-06,6593.6,6348.17378918448,245.426210815525
2017-09-07,6549.4,6350.56274252042,198.837257479575
2017-09-08,6553.2,6352.89062648331,200.309373516692
2017-09-11,6661.8,6355.15486508757,306.645134912434
2017-09-12,6646.6,6357.3529651477,289.247034852304
2017-09-13,6681.6,6359.48256023274,322.117439767256
2017-09-14,6681.4,6361.54140347506,319.858596524939
2017-09-15,6629.2,6363.52738115727,265.672618842732
2017-09-18,6678.4,6365.4385117787,312.9614882213
2017-09-19,6600.6,6367.27292365702,233.327076342982
2017-09-20,6668.6,6369.02887447561,299.571125524389
2017-09-21,6594.6,6370.70471836594,223.89528163406
2017-09-22,6532.2,6372.29893329016,159.901066709836
2017-09-25,6440.8,6373.8100897597,66.9899102403043
2017-09-26,6485,6375.23682438258,109.763175617423
2017-09-27,6560,6376.57780145773,183.422198542266
2017-09-28,6552,6377.83173065584,174.168269344156
2017-09-29,6598.2,6378.99739746691,219.20260253309
2017-10-09,6684.2,6380.07365937522,304.126340624781
2017-10-10,6717,6381.05946447451,335.940535525487
2017-10-11,6660.8,6381.95388657215,278.846113427853
2017-10-12,6650.2,6382.75613833982,267.443861660182
2017-10-13,6722,6383.46554771286,338.534452287145
2017-10-16,6606.6,6384.08155317735,222.518446822653
2017-10-17,6591.8,6384.60373315572,207.196266844276
2017-10-18,6542.8,6385.03175805048,157.768241949519
2017-10-19,6497,6385.36538391113,111.634616088866
2017-10-20,6548,6385.60443200203,162.395567997968
2017-10-23,6576.2,6385.74876973257,190.451230267429
2017-10-24,6560.8,6385.79833164027,175.001668359731
2017-10-25,6599.8,6385.75313098742,214.04686901258
2017-10-26,6622.6,6385.6132533749,236.986746625104
2017-10-27,6601.4,6385.37887288193,216.021127118074
2017-10-30,6468.2,6385.05026154861,83.1497384513888
2017-10-31,6507.6,6384.62778070951,122.972219290488
2017-11-01,6481,6384.11182606995,96.8881739300496
2017-11-02,6440,6383.50284416693,56.4971558330653
2017-11-03,6362,6382.80132158723,-20.8013215872288
2017-11-06,6475,6382.00776827105,92.9922317289545
2017-11-07,6514.4,6381.12268556036,133.277314439639
2017-11-08,6541,6380.1466132365,160.853386763499
2017-11-09,6600.4,6379.08014617204,221.319853827956
2017-11-10,6619.6,6377.92394573003,241.676054269967
2017-11-13,6654,6376.67876475816,277.321235241842
2017-11-14,6591.2,6375.34545600342,215.854543996584
2017-11-15,6527,6373.92498684612,153.07501315388
2017-11-16,6556,6372.41841389216,183.581586107837
2017-11-17,6433,6370.82685702254,62.1731429774611
2017-11-20,6389.6,6369.15151200352,20.4484879964765
2017-11-21,6418,6367.39360030119,50.606399698813
2017-11-22,6375.2,6365.55435183422,9.64564816578228
2017-11-23,6208.2,6363.63501743999,-155.435017439992
2017-11-24,6227,6361.63685194296,-134.636851942957
2017-11-27,6136,6359.56104591692,-223.561045916923
2017-11-28,6262.4,6357.40873428231,-95.0087342823091
2017-11-29,6273.2,6355.18095954847,-81.9809595484726
2017-11-30,6200,6352.87872495177,-152.878724951769
2017-12-01,6279,6350.50299984111,-71.5029998411099
2017-12-04,6233.8,6348.05469037144,-114.254690371441
2017-12-05,6098,6345.53467314123,-247.534673141234
2017-12-06,6132,6342.94377752057,-210.943777520567
2017-12-07,6085.6,6340.28273055889,-254.682730558892
2017-12-08,6174,6337.55217210969,-163.55217210969
2017-12-11,6270.6,6334.75263675098,-64.1526367509813
2017-12-12,6226.8,6331.88459145494,-105.084591454944
2017-12-13,6273.8,6328.94847667562,-55.148476675619
2017-12-14,6284,6325.94468942916,-41.9446894291568
2017-12-15,6233.6,6322.87360393571,-89.2736039357104
2017-12-18,6161.8,6319.73557707718,-157.935577077177
2017-12-19,6234,6316.53092883315,-82.5309288331523
2017-12-20,6158.4,6313.25991389921,-154.859913899214
2017-12-21,6227,6309.92275285593,-82.9227528559269
2017-12-22,6243.2,6306.51960227096,-63.3196022709622
2017-12-25,6162,6303.05058443512,-141.050584435119
2017-12-26,6219.4,6299.51579546536,-80.1157954653569
2017-12-27,6156.2,6295.91527317401,-139.715273174011
2017-12-28,6206,6292.24902225676,-86.2490222567599
2017-12-29,6280.8,6288.51698965664,-7.71698965663603
2018-01-02,6345,6284.7190866648,60.2809133351995
2018-01-03,6388.2,6280.8552213824,107.344778617602
2018-01-04,6406.8,6276.92532682844,129.874673171561
2018-01-05,6400.8,6272.92938039386,127.870619606138
2018-01-08,6433,6268.86741315455,164.132586845445
2018-01-09,6435,6264.73950904313,170.260490956868
2018-01-10,6406.6,6260.54581983783,146.054180162173
2018-01-11,6423.2,6256.28656769576,166.913432304238
2018-01-12,6401.2,6251.96203514706,149.237964852939
2018-01-15,6273,6247.5725737171,25.4274262828961
2018-01-16,6285.6,6243.11859662021,42.4814033797901
2018-01-17,6250,6238.60052758155,11.3994724184483
2018-01-18,6285.6,6234.01880788618,51.5811921138226
2018-01-19,6281,6229.37388353125,51.6261164687459
2018-01-22,6348.6,6224.66622183565,123.93377816435
2018-01-23,6345.8,6219.89631145833,125.90368854167
2018-01-24,6409.6,6215.06469228752,194.535307712483
2018-01-25,6387,6210.17195625493,176.828043745066
2018-01-26,6397,6205.21877570534,191.781224294657
2018-01-29,6312.2,6200.20589607716,111.994103922841
2018-01-30,6302.8,6195.13414208344,107.665857916559
2018-01-31,6186.6,6190.00438473108,-3.40438473107811
2018-02-01,5970,6184.81753953176,-214.817539531762
2018-02-02,5986.2,6179.57452058985,-193.374520589852
2018-02-05,5979.8,6174.27615321295,-194.476153212951
2018-02-06,5686.8,6168.92318277515,-482.123182775151
2018-02-07,5663,6163.51627426216,-500.516274262155
2018-02-08,5747,6158.05589336923,-411.055893369228
2018-02-09,5504,6152.54229889832,-648.542298898317
2018-02-12,5661,6146.97557973736,-485.975579737365
2018-02-13,5713.8,6141.35555669311,-427.55555669311
2018-02-14,5730,6135.68184968944,-405.681849689437
2018-02-22,5866,6129.95390191603,-263.95390191603
2018-02-23,5833.4,6124.17098886992,-290.77098886992
2018-02-26,6004.6,6118.33227694033,-113.732276940334
2018-02-27,5979.6,6112.43681232335,-132.836812323348
2018-02-28,5983.4,6106.48359420276,-123.083594202758
2018-03-01,6057.8,6100.47156685287,-42.6715668528672
2018-03-02,6035.2,6094.39962367027,-59.1996236702656
2018-03-05,6019.2,6088.26664041289,-69.0666404128868
2018-03-06,6111.8,6082.07146836784,29.728531632162
2018-03-07,6031,6075.81293027285,-44.8129302728454
2018-03-08,6095.4,6069.48986115414,25.9101388458623
2018-03-09,6198.8,6063.1010775142,135.698922485802
2018-03-12,6275.4,6056.64540656577,218.754593434228
2018-03-13,6241,6050.12173161395,190.878268386052
2018-03-14,6177,6043.52902638818,133.470973611816
2018-03-15,6172,6036.86634351942,135.133656480576
2018-03-16,6174.2,6030.13279081006,144.067209189943
2018-03-19,6080.4,6023.32753192139,57.0724680786093
2018-03-20,6103.2,6016.44979006622,86.7502099337775
2018-03-21,6040,6009.49881204889,30.5011879511087
2018-03-22,6037.4,6002.47388053263,34.9261194673682
2018-03-23,5665.6,5995.37429078894,-329.77429078894
2018-03-26,5846,5988.19935252609,-142.199352526087
2018-03-27,6005.6,5980.94823913704,24.6517608629571
2018-03-28,5915.2,5973.62006523519,-58.4200652351891
2018-03-29,6012,5966.21395562413,45.7860443758744
2018-03-30,6101,5958.72901095873,142.270989041266
2018-04-02,6075,5951.16435082016,123.835649179837
2018-04-03,6023.4,5943.51915359858,79.8808464014231
2018-04-04,5976,5935.79264887283,40.207351127169
2018-04-09,5981.8,5927.98409924146,53.815900758541
2018-04-10,6048,5920.09278392289,127.907216077109
2018-04-11,6055,5912.11800438094,142.881995619058
2018-04-12,6022.8,5904.05911495123,118.740885048774
2018-04-13,6010,5895.91552903085,114.084470969151
2018-04-16,5989,5887.6867090998,101.313290900195
2018-04-17,5888,5879.37216479585,8.6278352041532
2018-04-18,5951,5870.97144763592,80.0285523640808
2018-04-19,6000,5862.48411270309,137.515887296911
2018-04-20,5908,5853.90974816085,54.0902518391546
2018-04-23,5779.2,5845.24799901645,-66.047999016447
2018-04-24,5913.2,5836.49853263593,76.7014673640723
2018-04-25,5913,5827.66098908353,85.3390109164677
2018-04-26,5806.4,5818.73504012901,-12.3350401290086
2018-04-27,5852.2,5809.72039281771,42.4796071822938
2018-05-02,5827.8,5800.6167490962,27.1832509038044
2018-05-03,5892.4,5791.42382847044,100.976171529563
2018-05-04,5881,5782.14136168286,98.8586383171441
2018-05-07,6001,5772.7691212153,228.230878784702
2018-05-08,6028.6,5763.30692041384,265.293079586163
2018-05-09,6011,5753.75466696603,257.245333033968
2018-05-10,6036.4,5744.1123782209,292.287621779102
2018-05-11,5993,5734.38017786234,258.61982213766
2018-05-14,5964,5724.55831039422,239.44168960578
2018-05-15,6020,5714.64712722349,305.352872776514
2018-05-16,6012.6,5704.64707873246,307.952921267542
2018-05-17,5975,5694.55874152421,280.441258475793
2018-05-18,5967.2,5684.38281949717,282.817180502828
2018-05-21,6027.4,5674.12013247299,353.279867527008
2018-05-22,6066,5663.77161717843,402.228382821568
2018-05-23,5992.4,5653.33835637194,339.061643628055
2018-05-24,5966.8,5642.82159907708,323.978400922916
2018-05-25,5874.8,5632.22273447179,242.577265528207
2018-05-28,5878.4,5621.54328565379,256.856714346207
2018-05-29,5794.4,5610.78487599231,183.615124007687
2018-05-30,5653.2,5599.94923503096,53.250764969038
2018-05-31,5738,5589.03816821232,148.961831787684
2018-06-01,5664,5578.05350299078,85.9464970092157
2018-06-04,5671,5566.99712839568,104.002871604319
2018-06-05,5770.2,5555.87096898285,214.329031017149
2018-06-06,5765.6,5544.67699229904,220.923007700962
2018-06-07,5732,5533.41725448593,198.582745514072
2018-06-08,5658.6,5522.0939030058,136.506096994197
2018-06-11,5639.2,5510.70916740712,128.490832592884
2018-06-12,5686.8,5499.26533366446,187.534666335538
2018-06-13,5603,5487.76474086539,115.235259134605
2018-06-14,5594,5476.2098056167,117.790194383299
2018-06-15,5482.6,5464.60299215883,17.9970078411677
2018-06-19,5057.8,5452.94681342195,-395.146813421953
2018-06-20,5142.2,5441.24378977543,-299.043789775431
2018-06-21,5010,5429.49627825096,-419.496278250958
2018-06-22,5110.8,5417.70651226741,-306.906512267413
2018-06-25,5028.8,5405.87655184087,-377.076551840868
2018-06-26,5095,5394.00833012456,-299.008330124564
2018-06-27,5001,5382.10362440339,-381.103624403391
2018-06-28,5007.2,5370.16408836431,-362.964088364308
2018-06-29,5185.4,5358.1912181613,-172.791218161305
2018-07-02,5100,5346.18635991367,-246.186359913669
2018-07-03,5144,5334.15078831568,-190.150788315681
2018-07-04,5085.4,5322.0856762981,-236.685676298102
2018-07-05,4920.2,5309.99211819102,-389.792118191024
2018-07-06,4948,5297.87111048819,-349.871110488193
2018-07-09,5088,5285.72348855893,-197.72348855893
2018-07-10,5115,5273.54994314995,-158.549943149946
2018-07-11,5008.8,5261.35108327702,-252.551083277015
2018-07-12,5178.4,5249.1274524177,-70.7274524177046
2018-07-13,5191,5236.87948965516,-45.8794896551648
2018-07-16,5199.2,5224.60760483662,-25.407604836617
2018-07-17,5184.4,5212.31218884459,-27.9121888445882
2018-07-18,5159.2,5199.99362205911,-40.7936220591113
2018-07-19,5119.4,5187.65227332241,-68.2522733224146
2018-07-20,5156,5175.28849461433,-19.2884946143268
2018-07-23,5191,5162.90260970191,28.0973902980941
2018-07-24,5299,5150.49493437913,148.505065620867
2018-07-25,5297.8,5138.06579605427,159.734203945734
2018-07-26,5261.6,5125.61558352167,135.984416478326
2018-07-27,5230,5113.14475160336,116.855248396641
2018-07-30,5140.4,5100.65381133185,39.7461886681537
2018-07-31,5157.4,5088.1433220429,69.2566779571033
2018-08-01,5074.8,5075.61385950177,-0.813859501771885
2018-08-02,4946.4,5063.06602810163,-116.666028101628
2018-08-03,4878.2,5050.50043189925,-172.300431899246
2018-08-06,4806,5037.91762672633,-231.917626726335
2018-08-07,4929,5025.31809719255,-96.3180971925467
2018-08-08,4855.4,5012.70223204211,-157.302232042107
2018-08-09,4977,5000.07038020518,-23.0703802051832
2018-08-10,5012.8,4987.42282558956,25.3771744104427
2018-08-13,5046.4,4974.75984256665,71.6401574333523
2018-08-14,5036.8,4962.08171599777,74.71828400223
2018-08-15,4926,4949.38876035739,-23.3887603573948
2018-08-16,4871,4936.68132100554,-65.6813210055378
2018-08-17,4835.6,4923.95973363423,-88.3597336342259
2018-08-20,4783.6,4911.22430678549,-127.624306785493
2018-08-21,4825,4898.47531247699,-73.4753124769874
2018-08-22,4806,4885.71296997159,-79.7129699715887
2018-08-23,4826.2,4872.93746816048,-46.737468160484
2018-08-24,4809.4,4860.14896298469,-50.7489629846885
2018-08-27,4931.4,4847.34759106583,84.0524089341732
2018-08-28,4936.8,4834.53346804797,102.26653195203
2018-08-29,4918.2,4821.70674431905,96.4932556809543
2018-08-30,4846,4808.86761253988,37.1323874601194
2018-08-31,4783.4,4796.01630525771,-12.6163052577146
2018-09-03,4819.6,4783.15307036883,36.4469296311724
2018-09-04,4857.6,4770.27815055443,87.321849445574
2018-09-05,4785,4757.3918035614,27.6081964386036
2018-09-06,4767.8,4744.49432323198,23.3056767680222
2018-09-07,4765,4731.58601482054,33.4139851794605
2018-09-10,4684.2,4718.66719321508,-34.4671932150793
2018-09-11,4694.4,4705.73818711558,-11.3381871155838
2018-09-12,4675,4692.79931097469,-17.7993109746939
2018-09-13,4718,4679.85087455829,38.1491254417105
2018-09-14,4654.4,4666.89318027474,-12.49318027474
2018-09-17,4602.8,4653.92654630171,-51.1265463017123
2018-09-18,4679.4,4640.95128565272,38.448714347284
2018-09-19,4734.4,4627.9676902076,106.432309792396
2018-09-20,4743.6,4614.97606773937,128.623932260635
2018-09-21,4788,4601.97677001585,186.023229984155
2018-09-25,4793.2,4588.97020197283,204.229798027168
2018-09-26,4800,4575.95684544063,224.043154559365
2018-09-27,4764.6,4562.93726666996,201.662733330038
2018-09-28,4820.4,4549.91212452195,270.48787547805
2018-10-08,4654.8,4536.88216121701,117.917838782993
2018-10-09,4624.8,4523.84823078433,100.951769215666
2018-10-10,4639.2,4510.81123599564,128.388764004364
2018-10-11,4258.2,4497.77212135202,-239.572121352022
2018-10-12,4267.2,4484.73188442535,-217.531884425347
2018-10-15,4178.399,4471.69142375799,-293.292423757991
2018-10-16,4100.399,4458.6515479734,-358.252547973395
2018-10-17,4120.6,4445.61294445971,-325.012944459708
2018-10-18,4033.2,4432.57615251788,-399.376152517883
2018-10-19,4091.4,4419.54157710159,-328.141577101586
2018-10-22,4317.6,4406.50945807845,-88.909458078449
2018-10-23,4219.6,4393.47989967556,-173.879899675562
2018-10-24,4209.8,4380.45296936843,-170.652969368426
2018-10-25,4226,4367.42866275758,-141.428662757584
2018-10-26,4199.8,4354.4069049025,-154.606904902505
2018-10-29,4156,4341.38756240173,-185.387562401727
2018-10-30,4189.6,4328.37043794552,-138.77043794552
2018-10-31,4252,4315.35525759238,-63.3552575923852
2018-11-01,4280,4302.34169003871,-22.3416900387065
2018-11-02,4436,4289.32937779235,146.670622207647
2018-11-05,4430.2,4276.31795412604,153.882045873964
2018-11-06,4439.2,4263.30711294021,175.892887059794
2018-11-07,4388.4,4250.29661174396,138.103388256038
2018-11-08,4370.8,4237.28628075345,133.513719246552
2018-11-09,4363.4,4224.2760072712,139.123992728801
