"LH0Date","LH0Close","LH0_hpft","LH0_hpfc"
2021-01-11,26030,28608.5273966184,-2578.52739661842
2021-01-12,25560,28555.2098830184,-2995.20988301844
2021-01-13,25870,28501.8913035589,-2631.89130355894
2021-01-14,24890,28448.569354281,-3558.56935428103
2021-01-15,24725,28395.2406433078,-3670.24064330785
2021-01-18,25140,28341.900307793,-3201.90030779299
2021-01-19,25025,28288.5419677602,-3263.54196776022
2021-01-20,24910,28235.1579196964,-3325.1579196964
2021-01-21,24870,28181.7391110715,-3311.73911107147
2021-01-22,24565,28128.2751148685,-3563.27511486855
2021-01-25,24930,28074.7541351313,-3144.75413513133
2021-01-26,25555,28021.1629029886,-2466.16290298864
2021-01-27,25275,27967.4868496545,-2692.48684965455
2021-01-28,25190,27913.7103869306,-2723.71038693063
2021-01-29,25570,27859.8168136522,-2289.81681365215
2021-02-01,25685,27805.7883027821,-2120.78830278209
2021-02-02,25380,27751.6060807662,-2371.60608076617
2021-02-03,25315,27697.2504974008,-2382.25049740079
2021-02-04,25445,27642.7009221557,-2197.70092215575
2021-02-05,26170,27587.9357397743,-1417.93573977427
2021-02-08,26900,27532.9324265586,-632.932426558585
2021-02-09,26845,27477.6678726935,-632.667872693453
2021-02-10,26705,27422.1187067339,-717.118706733915
2021-02-18,27000,27366.2612957169,-366.261295716929
2021-02-19,28330,27310.0717102504,1019.92828974956
2021-02-22,29380,27253.525869545,2126.47413045498
2021-02-23,28980,27196.6001144083,1783.39988559173
2021-02-24,28900,27139.2716646466,1760.72833535339
2021-02-25,28915,27081.5184772534,1833.48152274665
2021-02-26,28970,27023.3192370347,1946.68076296532
2021-03-01,29185,26964.6533866846,2220.3466133154
2021-03-02,28750,26905.5011735778,1844.49882642224
2021-03-03,28785,26845.8437628903,1939.15623710967
2021-03-04,28845,26785.6630822404,2059.33691775965
2021-03-05,28400,26724.9418608134,1675.05813918661
2021-03-08,28545,26663.6636790442,1881.33632095577
2021-03-09,27900,26601.8128097689,1298.18719023109
2021-03-10,28050,26539.3743034899,1510.6256965101
2021-03-11,28595,26476.3337473311,2118.66625266889
2021-03-12,28750,26412.6773528467,2337.32264715334
2021-03-15,28405,26348.3922073624,2056.60779263765
2021-03-16,28450,26283.4663643597,2166.53363564033
2021-03-17,28610,26217.8887274396,2392.1112725604
2021-03-18,28470,26151.6490957588,2318.35090424119
2021-03-19,28505,26084.7382572783,2420.26174272167
2021-03-22,28250,26017.1479582726,2232.85204172737
2021-03-23,28135,25948.8709454555,2186.1290545445
2021-03-24,28000,25879.9008885075,2120.09911149248
2021-03-25,27520,25810.2323607727,1709.76763922733
2021-03-26,27215,25739.8608119562,1475.13918804377
2021-03-29,26555,25668.7823985132,886.21760148685
2021-03-30,27030,25596.9938866598,1433.00611334017
2021-03-31,26985,25524.4924089426,1460.50759105741
2021-04-01,27940,25451.2756902527,2488.72430974733
2021-04-02,27660,25377.342059197,2282.65794080299
2021-04-06,27120,25302.69087312,1817.30912687997
2021-04-07,26810,25227.3224329264,1582.67756707356
2021-04-08,26920,25151.237790724,1768.76220927603
2021-04-09,26610,25074.4386528329,1535.56134716709
2021-04-12,27095,24996.9274567121,2098.07254328791
2021-04-13,27605,24918.7072745576,2686.29272544243
2021-04-14,27425,24839.7820458247,2585.21795417529
2021-04-15,27190,24760.1568203738,2429.84317962621
2021-04-16,26920,24679.8377166931,2240.16228330691
2021-04-19,27180,24598.8318576667,2581.1681423333
2021-04-20,27110,24517.147292173,2592.85270782701
2021-04-21,27170,24434.793136042,2735.20686395798
2021-04-22,27195,24351.779576883,2843.22042311699
2021-04-23,27720,24268.1179329316,3451.88206706843
2021-04-26,27370,24183.8206976956,3186.17930230435
2021-04-27,27035,24098.9017915533,2936.09820844666
2021-04-28,27250,24013.3764519198,3236.62354808024
2021-04-29,27320,23927.2611298753,3392.73887012472
2021-04-30,27290,23840.573614392,3449.42638560804
2021-05-06,26700,23753.3330968616,2946.66690313844
2021-05-07,26900,23665.5601945309,3234.43980546907
2021-05-10,25005,23577.2767426799,1427.72325732006
2021-05-11,24950,23488.5059135769,1461.49408642312
2021-05-12,25255,23399.2714696516,1855.72853034845
2021-05-13,25020,23309.5977774584,1710.40222254156
2021-05-14,24970,23219.5099706349,1750.49002936512
2021-05-17,24940,23129.0338898308,1810.9661101692
2021-05-18,24585,23038.196099276,1546.80390072397
2021-05-19,23550,22947.0239117827,602.976088217329
2021-05-20,23565,22855.5452795496,709.454720450422
2021-05-21,23890,22763.7884040203,1126.21159597968
2021-05-24,23940,22671.7817798999,1268.21822010006
2021-05-25,23895,22579.5543674236,1315.44563257637
2021-05-26,23120,22487.1356510567,632.864348943312
2021-05-27,22445,22394.5556590166,50.4443409834474
2021-05-28,22485,22301.8446811218,183.155318878194
2021-05-31,22245,22209.0330280424,35.9669719575511
2021-06-01,22025,22116.1510861576,-91.1510861575767
2021-06-02,21525,22023.2292567137,-498.229256713671
2021-06-03,20640,21930.2979032789,-1290.29790327886
2021-06-04,19870,21837.3871834734,-1967.38718347344
2021-06-07,20025,21744.5267215604,-1719.52672156035
2021-06-08,19770,21651.7453285638,-1881.74532856381
2021-06-09,20215,21559.0711047252,-1344.07110472521
2021-06-10,19935,21466.5313724472,-1531.53137244719
2021-06-11,19795,21374.1528985483,-1579.15289854833
2021-06-15,18810,21281.9618167738,-2471.96181677383
2021-06-16,18970,21189.9836081098,-2219.98360810978
2021-06-17,18465,21098.2427317326,-2633.24273173258
2021-06-18,17600,21006.7627291673,-3406.7627291673
2021-06-21,16735,20915.5660534629,-4180.56605346286
2021-06-22,17040,20824.6737494484,-3784.67374944836
2021-06-23,18160,20734.1051338752,-2574.10513387519
2021-06-24,17840,20643.877959063,-2803.87795906304
2021-06-25,18925,20554.0089132999,-1629.00891329992
2021-06-28,18925,20464.5135258639,-1539.51352586386
2021-06-29,19240,20375.4066526665,-1135.40665266651
2021-06-30,19370,20286.7025132454,-916.702513245403
2021-07-01,18890,20198.4148578065,-1308.41485780648
2021-07-02,18580,20110.557057628,-1530.55705762805
2021-07-05,18745,20023.1419431432,-1278.14194314324
2021-07-06,18985,19936.1817121136,-951.18171211363
2021-07-07,18625,19849.6880339684,-1224.68803396841
2021-07-08,18865,19763.6721849561,-898.67218495608
2021-07-09,19165,19678.1449350893,-513.144935089319
2021-07-12,18760,19593.1166829056,-833.116682905596
2021-07-13,18270,19508.5976148278,-1238.5976148278
2021-07-14,18210,19424.5975729043,-1214.59757290426
2021-07-15,18120,19341.1258871943,-1221.12588719425
2021-07-16,18400,19258.1913856931,-858.191385693111
2021-07-19,18785,19175.8023916304,-390.802391630403
2021-07-20,18840,19093.9668734945,-253.966873494539
2021-07-21,18740,19012.6926382315,-272.692638231523
2021-07-22,18375,18931.9873878089,-556.98738780885
2021-07-23,18295,18851.8587114723,-556.858711472256
2021-07-26,18460,18772.3139682331,-312.313968233067
2021-07-27,18390,18693.3602869187,-303.360286918731
2021-07-28,18430,18615.0046672582,-185.004667258202
2021-07-29,18600,18537.253983584,62.7460164159544
2021-07-30,18765,18460.1150337553,304.88496624473
2021-08-02,18160,18383.594641567,-223.594641567045
2021-08-03,18780,18307.6997568429,472.300243157105
2021-08-04,18655,18232.4372369795,422.562763020474
2021-08-05,17400,18157.8141346039,-757.814134603861
2021-08-06,17550,18083.8376770154,-533.837677015353
2021-08-09,17365,18010.5147782627,-645.514778262694
2021-08-10,17025,17937.8521317274,-912.852131727435
2021-08-11,17085,17865.8561639607,-780.856163960726
2021-08-12,18275,17794.532924177,480.467075823047
2021-08-13,18140,17723.8881388149,416.111861185084
2021-08-16,18130,17653.9277329229,476.072267077107
2021-08-17,18030,17584.6578035502,445.342196449771
2021-08-18,17685,17516.0846445363,168.915355463734
2021-08-19,17360,17448.2147338067,-88.2147338066602
2021-08-20,17775,17381.0546191108,393.945380889208
2021-08-23,17000,17314.6108117334,-314.610811733421
2021-08-24,16895,17248.8899857977,-353.889985797744
2021-08-25,16985,17183.8986853841,-198.898685384067
2021-08-26,17140,17119.6433082864,20.3566917136342
2021-08-27,17175,17056.1301700793,118.869829920666
2021-08-30,16430,16993.3655947565,-563.365594756537
2021-08-31,16760,16931.3559554458,-171.355955445776
2021-09-01,16565,16870.1073924021,-305.107392402068
2021-09-02,16085,16809.6259750493,-724.625975049342
2021-09-03,16090,16749.9176466908,-659.917646690843
2021-09-06,15965,16690.9880511018,-725.988051101763
2021-09-07,15910,16632.8425592718,-722.842559271777
2021-09-08,15585,16575.4862420963,-990.486242096272
2021-09-09,14995,16518.9238716765,-1523.92387167655
2021-09-10,15070,16463.1598106873,-1393.1598106873
2021-09-13,14575,16408.1977918748,-1833.19779187479
2021-09-14,14385,16354.0409721055,-1969.04097210551
2021-09-15,14110,16300.6917504806,-2190.69175048058
2021-09-16,14580,16248.1517121762,-1668.15171217615
2021-09-17,14175,16196.4215368258,-2021.4215368258
2021-09-22,13685,16145.5012145149,-2460.50121451491
2021-09-23,13600,16095.3898997542,-2495.38989975423
2021-09-24,13670,16046.0857299845,-2376.08572998452
2021-09-27,14360,15997.5858111492,-1637.58581114924
2021-09-28,13920,15949.8862670165,-2029.88626701647
2021-09-29,13870,15902.9825444408,-2032.98254444081
2021-09-30,13880,15856.8692512044,-1976.86925120441
2021-10-08,14225,15811.5401547353,-1586.54015473527
2021-10-11,15285,15766.9882053034,-481.988205303381
2021-10-12,15290,15723.2056973669,-433.205697366935
2021-10-13,15410,15680.1847261499,-270.184726149907
2021-10-14,14685,15637.9172078075,-952.917207807479
2021-10-15,15175,15596.3949468082,-421.394946808165
2021-10-18,15845,15555.6093537262,289.390646273803
2021-10-19,16375,15515.5516649475,859.448335052478
2021-10-20,16225,15476.2132364771,748.786763522928
2021-10-21,15815,15437.5857795849,377.414220415112
2021-10-22,16325,15399.6613150572,925.338684942754
2021-10-25,17185,15362.4320196911,1822.56798030889
2021-10-26,17320,15325.8904527787,1994.1095472213
2021-10-27,17495,15290.0299269881,2204.97007301188
2021-10-28,17385,15254.8445792742,2130.15542072577
2021-10-29,16705,15220.329458037,1484.67054196299
2021-11-01,15885,15186.4804921965,698.519507803471
2021-11-02,16205,15153.294224377,1051.70577562295
2021-11-03,16245,15120.7674859409,1124.23251405906
2021-11-04,16705,15088.8975429846,1616.1024570154
2021-11-05,16675,15057.6821263171,1617.31787368287
2021-11-08,16245,15027.1196347796,1217.88036522035
2021-11-09,16155,14997.209135747,1157.79086425298
2021-11-10,16200,14967.9502000159,1232.04979998414
2021-11-11,15915,14939.3428769674,975.657123032643
2021-11-12,16250,14911.3877252633,1338.61227473666
2021-11-15,16725,14884.0857068646,1840.91429313538
2021-11-16,16280,14857.4383370571,1422.56166294291
2021-11-17,16095,14831.4478920881,1263.5521079119
2021-11-18,16240,14806.1172362391,1433.8827637609
2021-11-19,16490,14781.4497560833,1708.55024391667
2021-11-22,16200,14757.4494309108,1442.55056908923
2021-11-23,16315,14734.1209462561,1580.8790537439
2021-11-24,16560,14711.4695839452,1848.53041605477
2021-11-25,16820,14689.5012792768,2130.49872072321
2021-11-26,16725,14668.2227316586,2056.77726834138
2021-11-29,16080,14647.6415211585,1432.35847884146
2021-11-30,16105,14627.7660780345,1477.23392196554
2021-12-01,16215,14608.605424625,1606.39457537499
2021-12-02,14050,14590.1691938974,-540.169193897402
2021-12-03,14030,14572.4676828358,-542.46768283582
2021-12-06,14015,14555.5109651425,-540.510965142525
2021-12-07,14010,14539.308890284,-529.308890283997
2021-12-08,13830,14523.8710843014,-693.871084301391
2021-12-09,14130,14509.206954442,-379.206954441966
2021-12-10,14260,14495.3256211331,-235.325621133124
2021-12-13,14410,14482.2360480537,-72.2360480536906
2021-12-14,14260,14469.9471016091,-209.947101609104
2021-12-15,14300,14458.4676183456,-158.467618345625
2021-12-16,14350,14447.8063480247,-97.8063480247343
2021-12-17,14190,14437.9719749037,-247.971974903709
2021-12-20,14045,14428.9731428105,-383.973142810538
2021-12-21,14220,14420.8183930737,-200.818393073686
2021-12-22,14075,14413.5161083006,-338.51610830063
2021-12-23,14500,14407.0745880891,92.9254119109174
2021-12-24,14580,14401.5019921061,178.498007893901
2021-12-27,14490,14396.8065184323,93.1934815676684
2021-12-28,14605,14392.9964389341,212.003561065895
2021-12-29,14535,14390.080063997,144.919936002968
2021-12-30,14445,14388.0657916412,56.9342083587571
2021-12-31,14450,14386.9620797906,63.0379202094304
2022-01-04,14165,14386.7774099031,-221.777409903056
2022-01-05,14245,14387.5202894969,-142.520289496852
2022-01-06,14075,14389.1991344121,-314.199134412107
2022-01-07,13915,14391.8223015806,-476.822301580566
2022-01-10,13510,14395.3980180537,-885.398018053742
2022-01-11,13665,14399.9343137866,-734.934313786613
2022-01-12,13755,14405.4388527451,-650.438852745125
2022-01-13,13710,14411.9189951013,-701.918995101263
2022-01-14,13760,14419.3818321645,-659.381832164476
2022-01-17,13790,14427.8341650958,-637.834165095782
2022-01-18,13890,14437.2825224974,-547.282522497358
2022-01-19,13785,14447.7331693143,-662.733169314285
2022-01-20,13830,14459.1921442699,-629.192144269928
2022-01-21,13850,14471.6652121376,-621.665212137583
2022-01-24,13505,14485.1578776091,-980.157877609085
2022-01-25,13535,14499.6753884043,-964.675388404336
2022-01-26,13465,14515.2225870863,-1050.22258708634
2022-01-27,13240,14531.8039174585,-1291.80391745852
2022-01-28,13425,14549.4233892057,-1124.42338920571
2022-02-07,13705,14568.0844780317,-863.084478031703
2022-02-08,14790,14587.7901948514,202.209805148601
2022-02-09,14575,14608.5431938115,-33.5431938114624
2022-02-10,14630,14630.3462126479,-0.346212647926336
2022-02-11,14715,14653.2019752292,61.7980247707834
2022-02-14,14485,14677.1132052804,-192.113205280418
2022-02-15,14175,14702.0826520711,-527.082652071059
2022-02-16,14355,14728.1129854624,-373.11298546243
2022-02-17,14340,14755.2066574363,-415.206657436326
2022-02-18,14190,14783.3659657487,-593.365965748745
2022-02-21,13950,14812.593036522,-862.593036522034
2022-02-22,13835,14842.8897506074,-1007.88975060744
2022-02-23,13950,14874.2576322949,-924.257632294919
2022-02-24,14195,14906.6977892524,-711.697789252369
2022-02-25,14260,14940.2109470989,-680.210947098897
2022-02-28,14275,14974.7975372626,-699.797537262577
2022-03-01,14080,15010.4577100016,-930.457710001585
2022-03-02,14135,15047.1913263072,-912.191326307234
2022-03-03,13870,15084.9978625532,-1214.99786255319
2022-03-04,13890,15123.8764180555,-1233.87641805547
2022-03-07,13385,15163.8255898961,-1778.82558989607
2022-03-08,13290,15204.8434651199,-1914.84346511985
2022-03-09,13420,15246.9273954793,-1826.92739547933
2022-03-10,13320,15290.0739412075,-1970.07394120749
2022-03-11,13130,15334.2789073576,-2204.27890735757
2022-03-14,12840,15379.5372846374,-2539.53728463742
2022-03-15,12810,15425.8431525894,-2615.84315258945
2022-03-16,12625,15473.1895410151,-2848.18954101514
2022-03-17,12630,15521.5683984328,-2891.56839843277
2022-03-18,12650,15570.9704960342,-2920.9704960342
2022-03-21,13115,15621.3854097509,-2506.38540975089
2022-03-22,12935,15672.8015081041,-2737.80150810413
2022-03-23,12805,15725.2061235769,-2920.20612357694
2022-03-24,12850,15778.5854569519,-2928.58545695188
2022-03-25,12705,15832.9245019209,-3127.92450192093
2022-03-28,12645,15888.2070416109,-3243.20704161086
2022-03-29,12990,15944.4155661946,-2954.41556619465
2022-03-30,12895,16001.5312252323,-3106.53122523228
2022-03-31,13005,16059.5339470477,-3054.53394704765
2022-04-01,12955,16118.4023758481,-3163.40237584808
2022-04-06,12745,16178.1138932193,-3433.11389321934
2022-04-07,12775,16238.6445731274,-3463.64457312741
2022-04-08,12675,16299.9690704227,-3624.96907042273
2022-04-11,12525,16362.060608227,-3837.060608227
2022-04-12,12695,16424.8909112454,-3729.89091124536
2022-04-13,12750,16488.4301180954,-3738.43011809536
2022-04-14,12695,16552.6468256059,-3857.64682560586
2022-04-15,12660,16617.5080852926,-3957.50808529264
2022-04-18,13400,16682.9793540747,-3282.9793540747
2022-04-19,18030,16749.0244529949,1280.97554700507
2022-04-20,17855,16815.6058460451,1039.39415395492
2022-04-21,17800,16882.6865267203,917.313473279705
2022-04-22,18030,16950.2299181607,1079.77008183933
2022-04-25,18430,17018.199822686,1411.80017731396
2022-04-26,18330,17086.5604889496,1243.43951105045
2022-04-27,18575,17155.2767491872,1419.72325081284
2022-04-28,18420,17224.3139496198,1195.68605038015
2022-04-29,18555,17293.6380233283,1261.36197667168
2022-05-05,18395,17363.2153976394,1031.78460236064
2022-05-06,18485,17433.0130212772,1051.98697872275
2022-05-09,19155,17502.9982694649,1652.00173053505
2022-05-10,18955,17573.1389522733,1381.86104772666
2022-05-11,19320,17643.403562645,1676.59643735504
2022-05-12,19335,17713.761164728,1621.238835272
2022-05-13,19720,17784.1815157086,1935.81848429135
2022-05-16,19790,17854.6350429277,1935.36495707227
2022-05-17,18820,17925.0929739156,894.907026084434
2022-05-18,18980,17995.5273362045,984.472663795473
2022-05-19,19065,18065.9105272457,999.089472754312
2022-05-20,19065,18136.2153514314,928.784648568604
2022-05-23,19095,18206.4150261375,888.584973862545
2022-05-24,19065,18276.4831526616,788.516847338363
2022-05-25,19125,18346.3936996075,778.606300392509
2022-05-26,18670,18416.1209615197,253.879038480298
2022-05-27,18735,18485.6395547869,249.360445213104
2022-05-30,18875,18554.9242007419,320.075799258075
2022-05-31,19080,18623.9497237922,456.050276207819
2022-06-01,18950,18692.6910806531,257.308919346908
2022-06-02,19020,18761.1234165513,258.876583448684
2022-06-06,19250,18829.2219830748,420.778016925197
2022-06-07,18695,18896.9621388196,-201.962138819582
2022-06-08,18700,18964.3194163182,-264.319416318249
2022-06-09,18725,19031.269264618,-306.269264617972
2022-06-10,18700,19097.787023508,-397.787023508017
2022-06-13,19195,19163.8479061767,31.1520938232718
2022-06-14,19425,19229.4269613833,195.573038616701
2022-06-15,19390,19294.4992507653,95.500749234678
2022-06-16,19330,19359.0399168004,-29.039916800356
2022-06-17,19585,19423.0241414449,161.975858555131
2022-06-20,19760,19486.4270946494,273.572905350649
2022-06-21,19725,19549.2240133194,175.775986680556
2022-06-22,19370,19611.3902474427,-241.390247442683
2022-06-23,19770,19672.9012196689,97.0987803311203
2022-06-24,19675,19733.7322528634,-58.7322528633649
2022-06-27,20650,19793.8587100319,856.14128996807
2022-06-28,20515,19853.2559298998,661.744070100245
2022-06-29,20660,19911.8996050875,748.100394912545
2022-06-30,20830,19969.7657017535,860.234298246526
2022-07-01,21375,20026.8304952917,1348.16950470829
2022-07-04,22695,20083.0706166831,2611.92938331686
2022-07-05,22215,20138.463254185,2076.53674581502
2022-07-06,21220,20192.9866757247,1027.01332427533
2022-07-07,21995,20246.6200075843,1748.37999241569
2022-07-08,22940,20299.3428005711,2640.65719942895
2022-07-11,22705,20351.1353282051,2353.86467179486
2022-07-12,22665,20401.978955547,2263.02104445301
2022-07-13,22685,20451.8560206474,2233.14397935263
2022-07-14,22300,20500.7497970013,1799.25020299873
2022-07-15,21160,20548.6444811968,611.355518803174
2022-07-18,21715,20595.5250135567,1119.47498644332
2022-07-19,21550,20641.3765871148,908.623412885194
2022-07-20,21105,20686.1848576507,418.815142349263
2022-07-21,20555,20729.9358565361,-174.935856536069
2022-07-22,20970,20772.615788258,197.384211741982
2022-07-25,20200,20814.2107849957,-614.210784995717
2022-07-26,20270,20854.7070605186,-584.707060518616
2022-07-27,20685,20894.0905747057,-209.090574705698
2022-07-28,20925,20932.3470457396,-7.34704573956151
2022-07-29,21000,20969.4621053766,30.5378946234072
2022-08-01,20810,21005.4213823328,-195.421382332805
2022-08-02,22255,21040.2105179526,1214.78948204736
2022-08-03,21985,21073.8150727975,911.184927202459
2022-08-04,21985,21106.2211095723,878.778890427742
2022-08-05,22520,21137.4150676316,1382.58493236838
2022-08-08,21800,21167.3837495819,632.616250418141
2022-08-09,21950,21196.1145295328,753.885470467233
2022-08-10,21745,21223.5950430952,521.404956904766
2022-08-11,21730,21249.8132375039,480.186762496103
2022-08-12,21790,21274.7572755223,515.242724477702
2022-08-15,22235,21298.4155184019,936.584481598089
2022-08-16,22565,21320.7765403769,1244.22345962311
2022-08-17,22515,21341.8293028272,1173.17069717278
2022-08-18,22555,21361.5632814444,1193.43671855561
2022-08-19,22785,21379.9684368611,1405.03156313889
2022-08-22,23305,21397.0352230301,1907.96477696985
2022-08-23,23360,21412.7546746868,1947.24532531324
2022-08-24,23265,21427.1186152429,1837.88138475709
2022-08-25,23710,21440.1196730249,2269.88032697512
2022-08-26,23810,21451.7512360619,2358.24876393809
2022-08-29,23590,21462.0076306606,2127.99236933943
2022-08-30,23585,21470.8841579335,2114.11584206647
2022-08-31,23340,21478.3769986223,1861.62300137771
2022-09-01,23285,21484.4832073574,1800.5167926426
2022-09-02,23025,21489.2006082888,1535.79939171122
2022-09-05,23380,21492.527769826,1887.47223017401
2022-09-06,23030,21494.463895221,1535.53610477905
2022-09-07,23350,21495.0089679274,1854.99103207264
2022-09-08,22940,21494.1636061273,1445.83639387271
2022-09-09,23090,21491.9291947838,1598.07080521619
2022-09-13,23315,21488.307716506,1826.69228349403
2022-09-14,23370,21483.3018144872,1886.69818551279
2022-09-15,23290,21476.9148869969,1813.08511300314
2022-09-16,23395,21469.1511121954,1925.84888780464
2022-09-19,23400,21460.0154176949,1939.98458230511
2022-09-20,22745,21449.5135271766,1295.4864728234
2022-09-21,22625,21437.651966235,1187.34803376499
2022-09-22,22165,21424.4377959681,740.562204031912
2022-09-23,22305,21409.8785682692,895.121431730817
2022-09-26,21795,21393.9821411568,401.017858843213
2022-09-27,22410,21376.7567426533,1033.24325734665
2022-09-28,22400,21358.2107665475,1041.7892334525
2022-09-29,22350,21338.3530337311,1011.64696626895
2022-09-30,22590,21317.1927957254,1272.80720427457
2022-10-10,23765,21294.739722226,2470.26027777399
2022-10-11,23785,21271.0040090563,2513.99599094366
2022-10-12,23935,21245.9968731494,2689.00312685061
2022-10-13,23975,21219.7305706202,2755.26942937977
2022-10-14,23880,21192.2184691123,2687.78153088774
2022-10-17,23780,21163.4750751817,2616.52492481829
2022-10-18,24045,21133.5160064102,2911.48399358981
2022-10-19,23590,21102.3579619419,2487.64203805809
2022-10-20,23350,21070.0188444129,2279.98115558709
2022-10-21,23435,21036.517584755,2398.48241524502
2022-10-24,22520,21001.8740563449,1518.12594365507
2022-10-25,22980,20966.1091239977,2013.8908760023
2022-10-26,22410,20929.2442800638,1480.75571993624
2022-10-27,22370,20891.301849352,1478.69815064799
2022-10-28,21910,20852.3047687581,1057.6952312419
2022-10-31,21870,20812.2765864101,1057.7234135899
2022-11-01,21655,20771.2412876479,883.7587123521
2022-11-02,22290,20729.223295029,1560.77670497098
2022-11-03,21975,20686.247396422,1288.75260357805
2022-11-04,22200,20642.3390248586,1557.66097514143
2022-11-07,22275,20597.5241460881,1677.47585391186
2022-11-08,21500,20551.8293697341,948.170630265854
2022-11-09,21215,20505.28199882,709.718001179957
2022-11-10,21155,20457.9097283076,697.090271692429
2022-11-11,21540,20409.7405465263,1130.25945347369
2022-11-14,21590,20360.8027299544,1229.19727004556
2022-11-15,21790,20311.1250222741,1478.87497772588
2022-11-16,21755,20260.7366752681,1494.26332473195
2022-11-17,21605,20209.6675520258,1395.33244797421
2022-11-18,21365,20157.948133307,1207.05186669301
2022-11-21,20900,20105.6094766459,794.390523354099
2022-11-22,20895,20052.6831385206,842.316861479426
2022-11-23,20195,19999.2010037816,195.798996218399
2022-11-24,20305,19945.1953054566,359.804694543379
2022-11-25,20305,19890.6983575098,414.301642490174
2022-11-28,20645,19835.7426226349,809.257377365099
2022-11-29,20515,19780.3607347803,734.639265219678
2022-11-30,20485,19724.5856624097,760.41433759034
2022-12-01,20795,19668.4506776565,1126.54932234346
2022-12-02,21365,19611.9893669782,1753.01063302175
2022-12-05,21055,19555.2357825037,1499.76421749628
2022-12-06,20990,19498.2247009852,1491.77529901483
2022-12-07,20155,19440.9915191178,714.008480882204
2022-12-08,19160,19383.572250236,-223.57225023596
2022-12-09,19000,19326.0032028166,-326.003202816621
2022-12-12,17895,19268.3205929211,-1373.32059292114
2022-12-13,17745,19210.5605018541,-1465.56050185406
2022-12-14,16495,19152.7584432446,-2657.75844324457
2022-12-15,16640,19094.9493249183,-2454.94932491826
2022-12-16,15895,19037.1669560898,-3142.1669560898
2022-12-19,15470,18979.4441311967,-3509.44413119667
2022-12-20,15735,18921.8123458309,-3186.8123458309
2022-12-21,16000,18864.3016449217,-2864.30164492174
2022-12-22,16420,18806.9407560979,-2386.94075609786
2022-12-23,15900,18749.7572230012,-2849.75722300119
2022-12-26,16930,18692.7776026079,-1762.77760260791
2022-12-27,16810,18636.0272739197,-1826.02727391968
2022-12-28,16765,18579.5308872765,-1814.53088727647
2022-12-29,16300,18523.3123382124,-2223.31233821243
2022-12-30,16145,18467.3947722074,-2322.39477220738
2023-01-03,15615,18411.8004157124,-2796.80041571242
2023-01-04,15720,18356.5505351946,-2636.55053519456
2023-01-05,15890,18301.6652410369,-2411.66524103695
2023-01-06,15780,18247.1635537779,-2467.16355377794
2023-01-09,15760,18193.0634970702,-2433.06349707022
2023-01-10,15400,18139.3820747406,-2739.3820747406
2023-01-11,14870,18086.1352848851,-3216.1352848851
2023-01-12,14795,18033.3379932495,-3238.33799324947
2023-01-13,14820,17981.003736158,-3161.00373615799
2023-01-16,15180,17929.1447113374,-2749.14471133741
2023-01-17,14975,17877.7718098822,-2902.77180988222
2023-01-18,15050,17826.8947865011,-2776.89478650112
2023-01-19,14970,17776.5221960118,-2806.52219601184
2023-01-20,15255,17726.6614453771,-2471.66144537711
2023-01-30,14415,17677.3187814569,-3262.31878145688
2023-01-31,14555,17628.4994294238,-3073.49942942384
2023-02-01,14495,17580.2072659403,-3085.20726594026
2023-02-02,14460,17532.4448972085,-3072.44489720851
2023-02-03,14070,17485.2136541286,-3415.2136541286
2023-02-06,14540,17438.5135975756,-2898.51359757555
2023-02-07,14450,17392.3433767127,-2942.34337671272
2023-02-08,14325,17346.7004425744,-3021.70044257445
2023-02-09,14420,17301.5810299497,-2881.58102994974
2023-02-10,16465,17256.9801245758,-791.980124575822
2023-02-13,16980,17212.8915210624,-232.891521062354
2023-02-14,16880,17169.308686645,-289.308686645017
2023-02-15,16975,17126.2249922922,-151.224992292209
2023-02-16,17215,17083.633689383,131.36631061698
2023-02-17,17510,17041.5279667863,468.472033213748
2023-02-20,17275,16999.9010676738,275.09893232616
2023-02-21,17510,16958.746428864,551.253571136044
2023-02-22,17680,16918.0576008894,761.942399110615
2023-02-23,17465,16877.8283621482,587.171637851822
2023-02-24,17540,16838.0528059968,701.947194003242
2023-02-27,17105,16798.725268503,306.274731497024
2023-02-28,17255,16759.8403758934,495.159624106551
2023-03-01,17160,16721.3928809946,438.60711900539
2023-03-02,17250,16683.377741312,566.622258687961
2023-03-03,17030,16645.7900956557,384.209904344334
2023-03-06,16755,16608.6253170522,146.374682947814
2023-03-07,16825,16571.8789373464,253.121062653583
2023-03-08,16625,16535.5465488878,89.4534511122409
2023-03-09,16280,16499.6238486566,-219.623848656611
2023-03-10,15925,16464.106570609,-539.106570608963
2023-03-13,15735,16428.9903579173,-693.990357917322
2023-03-14,16245,16394.2706309098,-149.270630909766
2023-03-15,16010,16359.9425230452,-349.942523045211
2023-03-16,15980,16326.0011060827,-346.001106082723
2023-03-17,16040,16292.4413071267,-252.441307126721
2023-03-20,15845,16259.2579102604,-414.257910260445
2023-03-21,15895,16226.4455952161,-331.445595216102
2023-03-22,15870,16193.9988704903,-323.998870490259
2023-03-23,15715,16161.9121075724,-446.912107572414
2023-03-24,15720,16130.1795440235,-410.17954402347
2023-03-27,15445,16098.7952326694,-653.795232669433
2023-03-28,15475,16067.753056785,-592.753056784959
2023-03-29,15180,16037.0466293914,-857.04662939141
2023-03-30,15180,16006.6693184898,-826.669318489779
2023-03-31,15075,15976.6141378127,-901.614137812736
2023-04-03,14940,15946.8737593804,-1006.87375938045
2023-04-04,14965,15917.4404825235,-952.44048252345
2023-04-06,14820,15888.3061903701,-1068.30619037012
2023-04-07,14965,15859.4623723487,-894.462372348728
2023-04-10,14765,15830.9000762919,-1065.90007629186
2023-04-11,14790,15802.6099802982,-1012.60998029823
2023-04-12,14760,15774.5823218657,-1014.58232186571
2023-04-13,14580,15746.8069199208,-1166.8069199208
2023-04-14,14645,15719.273174002,-1074.27317400196
2023-04-17,16130,15691.9700013362,438.029998663759
2023-04-18,16255,15664.8858750898,590.114124910181
2023-04-19,16670,15638.0094494926,1031.99055050742
2023-04-20,16560,15611.3296227042,948.670377295817
2023-04-21,16810,15584.8357194673,1225.16428053271
2023-04-24,17080,15558.5174566666,1521.4825433334
2023-04-25,16345,15532.3650576212,812.634942378814
2023-04-26,16290,15506.3693745692,783.630625430843
2023-04-27,16285,15480.5215956597,804.478404340304
2023-04-28,16520,15454.8132329629,1065.18676703705
2023-05-04,15905,15429.2361310886,475.763868911365
2023-05-05,16165,15403.7825749516,761.217425048433
2023-05-08,16060,15378.445046128,681.554953872019
2023-05-09,16000,15353.216340851,646.783659149034
2023-05-10,15700,15328.0895370812,371.910462918803
2023-05-11,15580,15303.0579801333,276.942019866672
2023-05-12,15860,15278.115169055,581.884830945003
2023-05-15,15830,15253.2547173709,576.745282629127
2023-05-16,15860,15228.4704791329,631.529520867098
2023-05-17,15600,15203.7565467967,396.243453203304
2023-05-18,15690,15179.1072738668,510.892726133239
2023-05-19,15470,15154.5171776385,315.482822361499
2023-05-22,15175,15129.9809865899,45.019013410067
2023-05-23,15310,15105.493559607,204.506440392978
2023-05-24,15745,15081.0497741847,663.95022581527
2023-05-25,15690,15056.6445923528,633.355407647239
2023-05-26,15780,15032.2732505911,747.726749408862
2023-05-29,15570,15007.9312471836,562.068752816354
2023-05-30,15240,14983.6143894941,256.3856105059
2023-05-31,15195,14959.318717223,235.68128277703
2023-06-01,16105,14935.0403760503,1169.95962394971
2023-06-02,15880,14910.7756090772,969.224390922799
2023-06-05,15865,14886.5211430191,978.478856980876
2023-06-06,16175,14862.2741052299,1312.7258947701
2023-06-07,15940,14838.0320275271,1101.96797247287
2023-06-08,15920,14813.7929843566,1106.20701564345
2023-06-09,15905,14789.5555056731,1115.44449432687
2023-06-12,16100,14765.3185786933,1334.68142130666
