"LNKTDate","LNKTClose","LNKT_hpft","LNKT_hpfc"
2013-08-23,14550,13401.0304158439,1148.96958415606
2013-08-27,14425,13410.6766728633,1014.32332713674
2013-08-28,14224,13420.3234048204,803.676595179603
2013-08-29,14105,13429.9715059337,675.028494066339
2013-08-30,13789,13439.6222026289,349.377797371058
2013-09-02,13780,13449.2770003618,330.722999638238
2013-09-04,13670,13458.9375490064,211.062450993623
2013-09-05,13827,13468.6056351446,358.394364855381
2013-09-06,14018,13478.2831326031,539.716867396945
2013-09-09,13870,13487.9720633545,382.02793664549
2013-09-10,13690,13497.6746724682,192.325327531799
2013-09-11,13778,13507.3933629288,270.60663707123
2013-09-12,13833,13517.1306172204,315.86938277959
2013-09-13,13847,13526.8890296852,320.110970314815
2013-09-16,13920,13536.6713252329,383.32867476712
2013-09-17,13820,13546.4803610943,273.519638905716
2013-09-18,13991,13556.3191529529,434.680847047081
2013-09-23,13950,13566.1908295542,383.809170445808
2013-09-24,13770,13576.0986993232,193.901300676834
2013-09-25,13828,13586.0462293362,241.953770663792
2013-09-26,13810,13596.0369668206,213.963033179362
2013-09-27,13961,13606.0745590178,354.925440982233
2013-09-30,13908,13616.1627416125,291.837258387469
2013-10-02,13800,13626.3053970019,173.694602998118
2013-10-03,13555,13636.5065282166,-81.5065282165705
2013-10-04,13949,13646.7702100856,302.229789914358
2013-10-07,13898,13657.1004837467,240.899516253322
2013-10-08,13880,13667.5015152669,212.498484733137
2013-10-10,13752,13677.9775702916,74.0224297084366
2013-10-11,13907,13688.5330023045,218.466997695526
2013-10-14,14020,13699.1721953871,320.827804612906
2013-10-15,13990,13709.8996239264,280.100376073622
2013-10-16,14065,13720.7198949268,344.28010507319
2013-10-17,13983,13731.637731175,251.362268825038
2013-10-18,14210,13742.657997769,467.342002230973
2013-10-21,14450,13753.7856637103,696.214336289723
2013-10-22,14677,13765.0258911802,911.974108819775
2013-10-23,14523,13776.3841301475,746.615869852497
2013-10-24,14689,13787.8662075541,901.133792445941
2013-10-25,14533,13799.4782589632,733.521741036815
2013-10-28,14552,13811.22679243,740.773207570042
2013-10-29,14570,13823.1186192185,746.881380781544
2013-10-30,14650,13835.1608567985,814.839143201545
2013-11-01,14530,13847.3609313704,682.639068629584
2013-11-05,14350,13859.7266059563,490.273394043711
2013-11-06,14140,13872.2659257541,267.734074245863
2013-11-07,14040,13884.9871386209,155.012861379144
2013-11-08,13899,13897.8986030838,1.10139691624269
2013-11-11,13826,13911.0087417469,-85.0087417468725
2013-11-12,13661,13924.3259776691,-263.325977669088
2013-11-13,13783,13937.8586987699,-154.858698769852
2013-11-14,13700,13951.6151841208,-251.615184120842
2013-11-15,13813,13965.6036487808,-152.603648780812
2013-11-18,13614,13979.832203801,-365.832203801023
2013-11-19,13630,13994.3088971529,-364.308897152912
2013-11-20,13536,14009.0416255873,-473.041625587329
2013-11-21,13500,14024.0381352639,-524.038135263931
2013-11-22,13512,14039.3059768069,-527.305976806889
2013-11-25,13532,14054.8524842239,-522.852484223863
2013-11-26,13441,14070.684773555,-629.684773555005
2013-11-27,13325,14086.8097447149,-761.809744714852
2013-11-28,13425,14103.234037331,-678.234037330972
2013-11-29,13487,14119.9639761301,-632.963976130058
2013-12-02,13512,14137.0056054842,-625.005605484203
2013-12-03,13430,14154.3647081227,-724.364708122746
2013-12-04,13682,14172.0468084234,-490.046808423448
2013-12-05,13734,14190.0571313407,-456.057131340683
2013-12-06,13785,14208.4006992631,-423.400699263119
2013-12-09,13952,14227.0823460636,-275.082346063627
2013-12-10,13919,14246.1067305982,-327.106730598206
2013-12-11,14098,14265.4783980158,-167.478398015785
2013-12-12,14028,14285.2017582516,-257.201758251576
2013-12-13,14090,14305.281152012,-215.28115201198
2013-12-16,14045,14325.720813687,-280.720813687029
2013-12-17,14128,14346.5248886781,-218.524888678066
2013-12-18,14120,14367.6974063474,-247.697406347447
2013-12-19,14225,14389.2423057284,-164.242305728365
2013-12-20,14451,14411.1634234655,39.8365765344622
2013-12-23,14295,14433.4645283131,-138.464528313066
2013-12-24,14220,14456.1494054913,-236.149405491318
2013-12-27,14197,14479.2217829859,-282.221782985877
2013-12-30,14088,14502.6852911668,-414.685291166847
2013-12-31,13967,14526.5434437455,-559.5434437455
2014-01-02,13995,14550.7995830181,-555.799583018139
2014-01-03,13870,14575.4568199898,-705.456819989802
2014-01-06,13580,14600.5180359192,-1020.51803591918
2014-01-07,13517,14625.9858204576,-1108.98582045759
2014-01-08,13513,14651.8623414155,-1138.86234141546
2014-01-09,13413,14678.1493081934,-1265.14930819335
2014-01-10,13831,14704.8479594311,-873.847959431112
2014-01-13,14221,14731.9590108078,-510.959010807812
2014-01-14,14348,14759.4828167884,-411.482816788377
2014-01-15,14519,14787.4195206272,-268.41952062722
2014-01-16,14615,14815.7690954894,-200.769095489368
2014-01-17,14499,14844.5314035856,-345.531403585634
2014-01-20,14583,14873.7062241363,-290.706224136343
2014-01-21,14749,14903.2931935335,-154.293193533546
2014-01-22,14796,14933.291828003,-137.29182800301
2014-01-23,14590,14963.7015799918,-373.701579991821
2014-01-24,14490,14994.5218451964,-504.521845196369
2014-01-27,14120,15025.75186484,-905.751864839966
2014-01-28,14146,15057.3906715966,-911.390671596575
2014-01-29,14000,15089.4369237388,-1089.43692373883
2014-01-30,13816,15121.8889028067,-1305.88890280673
2014-01-31,14019,15154.7444400119,-1135.74444001195
2014-02-03,13815,15188.0008267632,-1373.0008267632
2014-02-04,13845,15221.654884998,-1376.65488499801
2014-02-05,13813,15255.7028691114,-1442.70286911144
2014-02-06,13965,15290.1404644437,-1325.14046444372
2014-02-07,14154,15324.9627599807,-1170.96275998066
2014-02-10,14150,15360.1642969479,-1210.16429694791
2014-02-11,14171,15395.7391325422,-1224.73913254215
2014-02-12,14380,15431.6808237269,-1051.68082372694
2014-02-13,14200,15467.9824212079,-1267.98242120789
2014-02-14,14250,15504.6365409677,-1254.63654096766
2014-02-17,14362,15541.6352748569,-1179.63527485686
2014-02-18,14454,15578.9701961093,-1124.9701961093
2014-02-19,14505,15616.6323903448,-1111.63239034483
2014-02-20,14355,15654.6124781656,-1299.61247816561
2014-02-21,14355,15692.9006206701,-1337.90062067007
2014-02-24,14382,15731.4864417494,-1349.48644174935
2014-02-25,14296,15770.35901226,-1474.35901226004
2014-02-26,14226,15809.5068452353,-1583.50684523526
2014-02-27,14445,15848.9178442674,-1403.9178442674
2014-02-28,14677,15888.5792583909,-1211.57925839086
2014-03-03,14700,15928.4777563167,-1228.47775631674
2014-03-04,15125,15968.5995059381,-843.599505938128
2014-03-05,15135,16008.9301673448,-873.930167344782
2014-03-06,15515,16049.4550519161,-534.455051916056
2014-03-07,15264,16090.1591097842,-826.159109784168
2014-03-10,15450,16131.0270701587,-681.027070158701
2014-03-11,15470,16172.0433207487,-702.043320748716
2014-03-12,15674,16213.1919677537,-539.191967753683
2014-03-13,15763,16254.4568271768,-491.456827176837
2014-03-14,15777,16295.821492141,-518.821492140961
2014-03-17,15949,16337.2693526205,-388.269352620531
2014-03-18,16250,16378.7835841299,-128.783584129874
2014-03-19,16340,16420.3472016886,-80.3472016885736
2014-03-20,15863,16461.9431670821,-598.943167082132
2014-03-21,16069,16503.5544088838,-434.554408883798
2014-03-24,16128,16545.1636080878,-417.163608087777
2014-03-25,16050,16586.753266061,-536.753266061024
2014-03-26,15893,16628.3057117318,-735.305711731755
2014-03-27,15710,16669.803052156,-959.803052156037
2014-03-28,15745,16711.2270904441,-966.227090444072
2014-03-31,15911,16752.5592329621,-841.559232962054
2014-04-01,16033,16793.7804866768,-760.78048667677
2014-04-02,16183,16834.8715106882,-651.871510688173
2014-04-03,16275,16875.8126496202,-600.812649620234
2014-04-04,16387,16916.5839786396,-529.583978639554
2014-04-07,16522,16957.1653245609,-435.165324560884
2014-04-08,16438,16997.5362952904,-559.536295290386
2014-04-09,16735,17037.676318854,-302.676318853966
2014-04-10,17130,17077.5645919879,52.4354080120595
2014-04-11,17475,17117.1801863148,357.81981368524
2014-04-14,17794,17156.5021951313,637.4978048687
2014-04-15,17556,17195.5098596424,360.490140357618
2014-04-16,17886,17234.1826845696,651.817315430403
2014-04-17,17909,17272.5003236462,636.499676353846
2014-04-22,18340,17310.4427000401,1029.55729995987
2014-04-23,18429,17347.9900000234,1081.00999997665
2014-04-24,18255,17385.1228354447,869.877164555306
2014-04-25,18480,17421.8222649997,1058.17773500028
2014-04-28,18110,17458.0697069555,651.930293044509
2014-04-29,18218,17493.8470169883,724.152983011665
2014-04-30,18325,17529.1363202555,795.863679744497
2014-05-01,18350,17563.9200412497,786.079958750317
2014-05-02,18285,17598.1809334437,686.81906655635
2014-05-06,18552,17631.9020752408,920.097924759185
2014-05-07,18690,17665.0668289499,1024.93317105006
2014-05-08,19450,17697.6589372111,1752.3410627889
2014-05-09,20200,17729.6625663312,2470.33743366879
2014-05-12,21179,17761.0626069628,3417.9373930372
2014-05-13,20890,17791.8449708983,3098.15502910169
2014-05-14,19625,17821.9969827663,1803.00301723365
2014-05-15,18630,17851.5072478496,778.492752150443
2014-05-16,19028,17880.3651167194,1147.63488328064
2014-05-19,20250,17908.5602617442,2341.43973825582
2014-05-20,19894,17936.0828296788,1957.9171703212
2014-05-21,19402,17962.9239351347,1439.07606486528
2014-05-22,19682,17989.0755020483,1692.92449795171
2014-05-23,19650,18014.530049211,1635.469950789
2014-05-27,19674,18039.2807952024,1634.71920479756
2014-05-28,19245,18063.3216346394,1181.67836536057
2014-05-29,18890,18086.6471378662,803.352862133785
2014-05-30,19300,18109.2523636844,1190.74763631562
2014-06-02,19440,18131.1327029707,1308.86729702932
2014-06-03,19022,18152.284038808,869.715961192001
2014-06-04,19156,18172.7027953122,983.297204687827
2014-06-05,19032,18192.3857561051,839.61424389489
2014-06-06,18804,18211.3301112647,592.669888735296
2014-06-09,18919,18229.533397931,689.466602068991
2014-06-10,18775,18246.9933982299,528.006601770068
2014-06-11,18250,18263.708179286,-13.7081792860471
2014-06-12,18087,18279.6760264791,-192.67602647914
2014-06-13,18080,18294.8952195238,-214.89521952378
2014-06-16,18734,18309.3639584894,424.636041510598
2014-06-17,19120,18323.0803546171,796.919645382947
2014-06-18,18607,18336.0426946735,270.957305326463
2014-06-19,18571,18348.2495948426,222.750405157356
2014-06-20,18407,18359.6997833095,47.3002166904621
2014-06-23,18376,18370.3920803351,5.60791966492218
2014-06-24,18180,18380.3253257335,-200.325325733475
2014-06-25,18610,18389.4983616351,220.501638364942
2014-06-26,18904,18397.9099473654,506.090052634632
2014-06-27,18906,18405.5589333966,500.441066603415
2014-06-30,19070,18412.4443793968,657.555620603226
2014-07-01,19136,18418.5655518985,717.434448101469
2014-07-02,19745,18423.921989239,1321.07801076102
2014-07-03,19820,18428.5135263149,1391.48647368508
2014-07-04,19370,18432.3405441044,937.65945589557
2014-07-07,19329,18435.4039987693,893.596001230694
2014-07-08,19726,18437.7052340612,1288.29476593878
2014-07-09,19525,18439.2459631095,1085.75403689046
2014-07-10,19292,18440.028431572,851.971568427977
2014-07-11,19378,18440.0553339152,937.94466608477
2014-07-14,19373,18439.3297167752,933.670283224824
2014-07-15,19340,18437.8550144963,902.144985503699
2014-07-16,19214,18435.6350473655,778.364952634526
2014-07-17,19291,18432.6740085797,858.325991420315
2014-07-18,18663,18428.9764130806,234.023586919379
2014-07-21,18872,18424.5471306082,447.452869391795
2014-07-22,19099,18419.3911276375,679.608872362539
2014-07-23,19030,18413.5135556028,616.486444397205
2014-07-24,19182,18406.9198468617,775.080153138337
2014-07-25,19182,18399.6156886018,782.384311398168
2014-07-28,18780,18391.6070883981,388.3929116019
2014-07-29,18715,18382.9003772321,332.099622767866
2014-07-30,19010,18373.5020466312,636.497953368802
2014-07-31,18510,18363.4187253987,146.58127460132
2014-08-01,18422,18352.6573054403,69.3426945597324
2014-08-04,18569,18341.2247392544,227.775260745642
2014-08-05,18475,18329.1280080013,145.871991998749
2014-08-06,18733,18316.3741869949,416.625813005066
2014-08-07,18880,18302.9704118476,577.029588152386
2014-08-08,18550,18288.9239903868,261.076009613188
2014-08-11,18720,18274.2424689599,445.757531040068
2014-08-12,18806,18258.9335018348,547.066498165201
2014-08-13,18670,18243.0049275369,426.99507246308
2014-08-14,18600,18226.4648107262,373.535189273824
2014-08-15,18663,18209.3213925665,453.678607433476
2014-08-18,18500,18191.5830686252,308.416931374836
2014-08-19,18652,18173.2584220016,478.741577998437
2014-08-20,18935,18154.3561632834,780.643836716645
2014-08-21,18876,18134.8852009504,741.114799049643
2014-08-22,18750,18114.854766169,635.145233830997
2014-08-26,18940,18094.2743964531,845.725603546944
2014-08-27,18866,18073.1538918591,792.846108140923
2014-08-28,18690,18051.5034020331,638.496597966899
2014-08-29,18795,18029.333404352,765.666595647993
2014-09-01,18730,18006.6546401217,723.345359878252
2014-09-02,18540,17983.4781671435,556.521832856488
2014-09-03,19080,17959.8153422202,1120.1846577798
2014-09-04,19365,17935.6777521988,1429.32224780119
2014-09-05,19599,17911.0774469654,1687.92255303456
2014-09-08,19935,17886.0270672301,2048.97293276991
2014-09-09,18865,17860.5399514238,1004.46004857617
2014-09-10,18750,17834.6302849391,915.369715060882
2014-09-11,18373,17808.3126683719,564.687331628105
2014-09-12,18426,17781.602080696,644.397919304021
2014-09-15,18099,17754.5137343035,344.486265696473
2014-09-16,18305,17727.0631079553,577.936892044743
2014-09-17,18061,17699.265822808,361.734177192003
2014-09-18,17858,17671.1377389155,186.862261084534
2014-09-19,17775,17642.6948658572,132.305134142831
2014-09-22,16980,17613.9532904537,-633.95329045368
2014-09-23,17179,17584.9291542156,-405.929154215637
2014-09-24,17474,17555.638336603,-81.6383366030063
2014-09-25,17247,17526.0965492804,-279.096549280445
2014-09-26,16860,17496.3194701673,-636.319470167262
2014-09-29,16659,17466.3226618146,-807.322661814641
2014-09-30,16265,17436.1214237454,-1171.12142374543
2014-10-01,16160,17405.7307217678,-1245.73072176784
2014-10-02,16025,17375.1650375952,-1350.16503759515
2014-10-03,16660,17344.438338006,-684.438338005977
2014-10-06,16756,17313.5640316749,-557.564031674945
2014-10-07,16986,17282.5552443575,-296.555244357468
2014-10-08,16427,17251.4248713343,-824.424871334303
2014-10-09,16600,17220.1856853021,-620.185685302116
2014-10-10,16420,17188.8501181734,-768.850118173428
2014-10-13,16510,17157.4303455013,-647.430345501256
2014-10-14,16364,17125.9382250267,-761.93822502667
2014-10-15,15725,17094.3853468691,-1369.38534686914
2014-10-16,15548,17062.7829861935,-1514.78298619351
2014-10-17,15695,17031.1418521158,-1336.14185211579
2014-10-20,15275,16999.4720276015,-1724.47202760154
2014-10-21,15330,16967.783043309,-1637.78304330905
2014-10-22,15244,16936.0837170693,-1692.08371706925
2014-10-23,15210,16904.3821897194,-1694.38218971939
2014-10-24,14950,16872.6859026574,-1922.68590265738
2014-10-27,14700,16841.0015968916,-2141.00159689161
2014-10-28,15610,16809.3352186695,-1199.3352186695
2014-10-29,15640,16777.6918292345,-1137.69182923448
2014-10-30,15763,16746.075994073,-983.075994072951
2014-10-31,15740,16714.4918083954,-974.491808395366
2014-11-03,15755,16682.942961048,-927.942961048041
2014-11-04,15238,16651.4327380615,-1413.43273806154
2014-11-05,15335,16619.9640418922,-1284.96404189222
2014-11-06,15477,16588.5391907401,-1111.53919074008
2014-11-07,15410,16557.1599716527,-1147.15997165275
2014-11-10,15240,16525.8277122122,-1285.82771221215
2014-11-11,15455,16494.5432658104,-1039.54326581044
2014-11-12,15567,16463.3069543303,-896.306954330342
2014-11-13,15315,16432.1186699491,-1117.11866994913
2014-11-14,15585,16400.9779343469,-815.977934346863
2014-11-17,15789,16369.8838074317,-580.883807431718
2014-11-18,15640,16338.8350118193,-698.835011819302
2014-11-19,16095,16307.8300300113,-212.830030011298
2014-11-20,16330,16276.8670556391,53.1329443609202
2014-11-21,16530,16245.9441943586,284.055805641432
2014-11-24,16650,16215.0595737888,434.940426211208
2014-11-25,16475,16184.211438966,290.788561034038
2014-11-26,16389,16153.3982147132,235.601785286758
2014-11-27,16375,16122.6184460541,252.381553945937
2014-11-28,16184,16091.8707754001,92.1292245998811
2014-12-01,16312,16061.1539494876,250.846050512428
2014-12-02,16300,16030.466753135,269.533246864958
2014-12-03,16590,15999.8080748508,590.191925149165
2014-12-04,17115,15969.1769145575,1145.82308544251
2014-12-05,16738,15938.5725161391,799.427483860908
2014-12-08,16689,15907.9945971169,781.005402883055
2014-12-09,16560,15877.4432054635,682.556794536465
2014-12-10,16350,15846.9187119876,503.081288012407
2014-12-11,16223,15816.4217696394,406.578230360645
2014-12-12,16600,15785.9532393226,814.046760677404
2014-12-15,16405,15755.5141500043,649.485849995724
2014-12-16,15981,15725.1058671455,255.894132854515
2014-12-17,15671,15694.7300246787,-23.7300246786827
2014-12-18,15520,15664.3883623127,-144.388362312652
2014-12-19,15612,15634.0826099472,-22.0826099471664
2014-12-22,15625,15603.8144377976,21.1855622024335
2014-12-23,15445,15573.5855069512,-128.585506951228
2014-12-24,15293,15543.3974872528,-250.397487252771
2014-12-29,15054,15513.2519953947,-459.251995394651
2014-12-30,15051,15483.1505445652,-432.150544565195
2014-12-31,15148,15453.0944581164,-305.094458116351
2015-01-02,14881,15423.0848807664,-542.084880766377
2015-01-05,15125,15393.1228311198,-268.122831119847
2015-01-06,15257,15363.2091037052,-106.20910370518
2015-01-07,15531,15333.3443822196,197.655617780405
2015-01-08,15573,15303.5293064578,269.470693542238
2015-01-09,15300,15273.7645979172,26.2354020828346
2015-01-12,15144,15244.0510894838,-100.051089483837
2015-01-13,14499,15214.3896248883,-715.389624888293
2015-01-14,14295,15184.781006504,-889.781006504011
2015-01-15,14447,15155.2257409912,-708.225740991187
2015-01-16,14750,15125.7239672101,-375.72396721013
2015-01-19,14470,15096.2755312694,-626.275531269409
2015-01-20,14735,15066.8801239682,-331.880123968182
2015-01-21,15060,15037.5371772286,22.4628227713879
2015-01-22,14795,15008.2459857869,-213.245985786919
2015-01-23,14250,14979.0058536645,-729.005853664514
2015-01-26,14745,14949.8159967356,-204.815996735574
2015-01-27,14765,14920.6753295325,-155.675329532514
2015-01-28,14960,14891.5826819251,68.4173180748786
2015-01-29,14925,14862.5368194332,62.463180566821
2015-01-30,15165,14833.5365358574,331.463464142592
2015-02-02,15290,14804.5806508184,485.419349181572
2015-02-03,15415,14775.6681209504,639.331879049564
2015-02-04,15120,14746.7981035405,373.201896459484
2015-02-05,15125,14717.9700201499,407.029979850149
2015-02-06,15130,14689.1834466062,440.816553393814
2015-02-09,15190,14660.4381269871,529.561873012854
2015-02-10,14795,14631.7339875862,163.266012413788
2015-02-11,14735,14603.0711735964,131.928826403561
2015-02-12,14745,14574.4498976985,170.550102301505
2015-02-13,14655,14545.8704271071,109.129572892927
2015-02-16,14560,14517.3330995354,42.6669004645555
2015-02-17,14220,14488.8382978067,-268.838297806724
2015-02-18,14200,14460.3864223807,-260.386422380717
2015-02-19,13960,14431.9777625904,-471.97776259036
2015-02-20,13965,14403.6125001353,-438.612500135258
2015-02-23,14130,14375.2906216184,-245.290621618421
2015-02-24,14335,14347.011932338,-12.0119323380227
2015-02-25,14305,14318.776136199,-13.7761361990008
2015-02-26,14395,14290.582932141,104.417067858955
2015-02-27,14065,14262.4320134094,-197.432013409374
2015-03-02,13860,14234.323116411,-374.323116411015
2015-03-03,13675,14206.2558959425,-531.255895942517
2015-03-04,13975,14178.2298520703,-203.229852070338
2015-03-05,14170,14150.244265261,19.7557347389804
2015-03-06,14395,14122.2983319741,272.701668025879
2015-03-09,14415,14094.3912568355,320.608743164529
2015-03-10,14060,14066.5223571947,-6.52235719473415
2015-03-11,13795,14038.6910829283,-243.691082928329
2015-03-12,13995,14010.8968812167,-15.8968812166663
2015-03-13,14145,13983.139098508,161.860901491974
2015-03-16,13940,13955.4170746796,-15.4170746795664
2015-03-17,13765,13927.7302165152,-162.730216515194
2015-03-18,13515,13900.077924426,-385.077924426032
2015-03-19,13750,13872.4595315571,-122.459531557133
2015-03-20,14135,13844.8742118777,290.125788122298
2015-03-23,14290,13817.3210887372,472.678911262787
2015-03-24,13955,13789.7994054114,165.20059458861
2015-03-25,13670,13762.3086005625,-92.3086005624925
2015-03-26,13605,13734.84818114,-129.848181140047
2015-03-27,13260,13707.4176159369,-447.417615936856
2015-03-30,12865,13680.0163200718,-815.016320071757
2015-03-31,12360,13652.6435237191,-1292.6435237191
2015-04-01,12700,13625.2981201583,-925.298120158286
2015-04-02,13000,13597.9784683418,-597.978468341828
2015-04-07,12650,13570.6825447413,-920.682544741267
2015-04-08,12660,13543.4080786479,-883.408078647854
2015-04-09,12535,13516.1524187797,-981.152418779703
2015-04-10,12685,13488.9125486896,-803.912548689563
2015-04-13,12500,13461.6850463612,-961.685046361205
2015-04-14,12570,13434.4661574733,-864.466157473289
2015-04-15,12680,13407.2517301825,-727.25173018254
2015-04-16,12795,13380.0372553102,-585.037255310154
2015-04-17,12600,13352.8179230607,-752.817923060679
2015-04-20,12770,13325.5886818078,-555.588681807814
2015-04-21,12680,13298.3441687406,-618.344168740578
2015-04-22,12655,13271.07879139,-616.078791389989
2015-04-23,12715,13243.7867016884,-528.786701688426
2015-04-24,13255,13216.4617969061,38.538203093864
2015-04-27,13460,13189.0977557341,270.902244265884
2015-04-28,13410,13161.6882727936,248.311727206431
2015-04-29,13455,13134.2271546857,320.772845314272
2015-04-30,13925,13106.708310654,818.291689346026
2015-05-01,13750,13079.1257825363,670.874217463725
2015-05-05,14245,13051.4739504194,1193.52604958057
2015-05-06,13970,13023.7474717027,946.252528297303
2015-05-07,14150,12995.941497141,1154.05850285896
2015-05-08,14330,12968.0515686321,1361.94843136793
2015-05-11,14270,12940.073705115,1329.92629488499
2015-05-12,14300,12912.0044885035,1387.99551149653
2015-05-13,14000,12883.8410504494,1116.15894955061
2015-05-14,13830,12855.5810963461,974.418903653856
2015-05-15,13865,12827.2227929621,1037.77720703789
2015-05-18,13710,12798.7647098516,911.235290148391
2015-05-19,12955,12770.2058455442,184.794154455835
2015-05-20,13080,12741.5455752373,338.454424762696
2015-05-21,13030,12712.7833505151,317.216649484851
2015-05-22,12755,12683.9187628652,71.081237134803
2015-05-26,12715,12654.9515348995,60.0484651005374
2015-05-27,12870,12625.8814186121,244.11858138789
2015-05-28,12809,12596.7081908191,212.291809180915
2015-05-29,12619,12567.4317292449,51.5682707551084
2015-06-01,12985,12538.0519993672,446.948000632765
2015-06-02,13049,12508.5689879799,540.431012020125
2015-06-03,12950,12478.982866627,471.017133373045
2015-06-04,12970,12449.2940302449,520.705969755056
2015-06-05,13125,12419.5030684701,705.496931529932
2015-06-08,13415,12389.6107861773,1025.38921382273
2015-06-09,13440,12359.6182798657,1080.38172013434
2015-06-10,13530,12329.527069889,1200.47293011097
2015-06-11,13300,12299.3391231875,1000.6608768125
2015-06-12,13130,12269.0569029284,860.943097071637
2015-06-15,12965,12238.6832859118,726.316714088155
2015-06-16,12715,12208.2215048177,506.778495182323
2015-06-17,12750,12177.6750925555,572.324907444467
2015-06-18,12745,12147.047791517,597.952208483009
2015-06-19,12645,12116.3435806696,528.656419330385
2015-06-22,12480,12085.5666861505,394.433313849489
2015-06-23,12840,12054.721552622,785.278447377959
2015-06-24,12775,12023.8127877894,751.187212210595
2015-06-25,12740,11992.8453239604,747.154676039615
2015-06-26,12455,11961.8244039533,493.175596046682
2015-06-29,11865,11930.7555794303,-65.7555794302617
2015-06-30,12085,11899.6446059122,185.355394087771
2015-07-01,12005,11868.4972117395,136.502788260497
2015-07-02,12150,11837.3192018709,312.680798129146
2015-07-03,12010,11806.1164376898,203.883562310163
2015-07-06,11655,11774.8949098296,-119.89490982963
2015-07-07,10740,11743.6606932007,-1003.66069320069
2015-07-08,10980,11712.4198131537,-732.419813153734
2015-07-09,11435,11681.1778801665,-246.177880166525
2015-07-10,11280,11649.9402019639,-369.940201963917
2015-07-13,11625,11618.7119845106,6.28801548940099
2015-07-14,11625,11587.4982808531,37.5017191468867
2015-07-15,11500,11556.3041466371,-56.304146637062
2015-07-16,11535,11525.1346530098,9.86534699019765
2015-07-17,11495,11493.9948478448,1.00515215520742
2015-07-20,11675,11462.8897830934,212.110216906573
2015-07-21,11710,11431.8245111226,278.175488877435
2015-07-22,11485,11400.804171977,84.1958280230266
2015-07-23,11405,11369.8340206879,35.1659793120776
2015-07-24,11345,11338.9193470898,6.080652910161
2015-07-27,11020,11308.0654555534,-288.065455553403
2015-07-28,11290,11277.2776529628,12.7223470372416
2015-07-29,11285,11246.5611271274,38.4388728725902
2015-07-30,11030,11215.9210711157,-185.921071115724
2015-07-31,11080,11185.3626938851,-105.362693885052
2015-08-03,10780,11154.8911275406,-374.891127540648
2015-08-04,10870,11124.511460635,-254.511460634956
2015-08-05,10865,11094.2286267557,-229.228626755688
2015-08-06,10860,11064.0474542855,-204.047454285459
2015-08-07,10845,11033.972676853,-188.972676853016
2015-08-10,11170,11004.0089437424,165.991056257599
2015-08-11,10720,10974.1608261237,-254.160826123695
2015-08-12,10665,10944.4329637811,-279.432963781066
2015-08-13,10480,10914.8298914387,-434.829891438655
2015-08-14,10600,10885.3560283145,-285.356028314452
2015-08-17,10615,10856.0156138853,-241.015613885259
2015-08-18,10395,10826.8127696732,-431.81276967318
2015-08-19,10420,10797.751517574,-377.751517574042
2015-08-20,10425,10768.8357009897,-343.835700989667
2015-08-21,10155,10740.0690071747,-585.069007174741
2015-08-24,9540,10711.4549812559,-1171.45498125588
2015-08-25,9650,10682.9969265159,-1032.99692651588
2015-08-26,9565,10654.6976620049,-1089.69766200491
2015-08-27,10010,10626.5595797739,-616.559579773894
2015-08-28,10020,10598.5846214367,-578.584621436667
2015-09-01,9760,10570.7744737462,-810.774473746183
2015-09-02,9860,10543.1305842915,-683.130584291452
2015-09-03,9950,10515.6540655203,-565.654065520342
2015-09-04,9850,10488.3457475015,-638.345747501516
2015-09-07,9770,10461.2062264853,-691.206226485322
2015-09-08,10010,10434.2358348556,-424.235834855557
2015-09-09,10025,10407.434619279,-382.434619279019
2015-09-10,10440,10380.8024510608,59.1975489391874
2015-09-11,10255,10354.3390434226,-99.3390434225812
2015-09-14,9890,10328.0441340562,-438.044134056209
2015-09-15,10060,10301.9174195906,-241.917419590599
2015-09-16,10100,10275.9584155845,-175.958415584542
2015-09-17,9975,10250.1665375987,-275.166537598651
2015-09-18,9750,10224.5411284589,-474.54112845891
2015-09-21,9825,10199.0814172483,-374.081417248285
2015-09-22,9680,10173.786436894,-493.786436893988
2015-09-23,9775,10148.6550656928,-373.655065692807
2015-09-24,9890,10123.6859778303,-233.685977830284
2015-09-25,9915,10098.8776930374,-183.877693037426
2015-09-28,9835,10074.2286344494,-239.228634449366
2015-09-29,9855,10049.7371491936,-194.737149193563
2015-09-30,10355,10025.4014855097,329.598514490276
2015-10-01,10070,10001.2198111413,68.7801888586581
2015-10-02,10030,9977.19043007431,52.8095699256941
2015-10-05,9950,9953.31167472579,-3.31167472578855
2015-10-06,9925,9929.58189934225,-4.58189934224471
2015-10-07,10170,9905.99945680115,264.000543198849
2015-10-08,10175,9882.56269808598,292.437301914019
2015-10-09,10520,9859.27008330778,660.729916692219
2015-10-12,10565,9836.12019345895,728.879806541047
2015-10-13,10450,9813.11188265131,636.88811734869
2015-10-14,10475,9790.2443062862,684.755693713799
2015-10-15,10545,9767.51688302882,777.483116971183
2015-10-16,10575,9744.92931459497,830.070685405032
2015-10-19,10390,9722.48162408077,667.518375919232
2015-10-20,10425,9700.17417770001,724.825822299988
2015-10-21,10270,9678.00761759173,591.992382408265
2015-10-22,10415,9655.98288550897,759.017114491031
2015-10-23,10515,9634.10116791053,880.898832089468
2015-10-26,10475,9612.36396500247,862.636034997534
2015-10-27,10520,9590.77314111885,929.226858881154
2015-10-28,10585,9569.33091717278,1015.66908282722
2015-10-29,10425,9548.03989818269,876.960101817312
2015-10-30,10125,9526.90310900328,598.096890996721
2015-11-02,10050,9505.92393698977,544.076063010231
2015-11-03,9955,9485.10601672616,469.893983273837
2015-11-04,9915,9464.45320769587,450.546792304132
2015-11-05,9730,9443.96956361746,286.030436382541
2015-11-06,9710,9423.6593244477,286.340675552296
2015-11-09,9575,9403.52684837644,171.473151623559
2015-11-10,9500,9383.57661195567,116.423388044328
2015-11-11,9545,9363.81316261723,181.186837382774
2015-11-12,9515,9344.24109591753,170.758904082467
2015-11-13,9475,9324.86508230849,150.134917691513
2015-11-16,9325,9305.68986282698,19.3101371730179
2015-11-17,9205,9286.72024056967,-81.720240569668
2015-11-18,9115,9267.96102661525,-152.961026615255
2015-11-19,8915,9249.41699826248,-334.416998262475
2015-11-20,8800,9231.092869582,-431.092869581999
2015-11-23,8300,9212.99321641016,-912.993216410159
2015-11-24,8670,9195.12243638669,-525.122436386692
2015-11-25,8960,9177.48454975691,-217.484549756909
2015-11-26,9150,9160.08335970148,-10.0833597014759
2015-11-27,8800,9142.92257950171,-342.922579501712
2015-11-30,8905,9126.00591827076,-221.005918270762
2015-12-01,8960,9109.33694337098,-149.336943370984
2015-12-02,9025,9092.91913081083,-67.9191308108287
2015-12-03,8730,9076.75589486786,-346.75589486786
2015-12-04,8955,9060.8506217453,-105.850621745304
2015-12-07,8860,9045.20655431103,-185.206554311031
2015-12-08,8705,9029.82689167854,-324.82689167854
2015-12-09,8670,9014.71475640453,-344.71475640453
2015-12-10,8650,8999.87313677503,-349.873136775029
2015-12-11,8700,8985.30487858538,-285.304878585376
2015-12-14,8750,8971.012683007,-221.012683006996
2015-12-15,8650,8956.9991332779,-306.999133277901
2015-12-16,8750,8943.26672127823,-193.26672127823
2015-12-17,8680,8929.81781198741,-249.817811987408
2015-12-18,8785,8916.65469049548,-131.654690495478
2015-12-21,8890,8903.77953862843,-13.779538628431
2015-12-22,8725,8891.19448379136,-166.194483791357
2015-12-23,8685,8878.9016476936,-193.901647693603
2015-12-24,8630,8866.90308334608,-236.90308334608
2015-12-29,8740,8855.20076360861,-115.200763608607
2015-12-30,8685,8843.79656341455,-158.79656341455
2015-12-31,8820,8832.6923100785,-12.6923100785021
2016-01-04,8515,8821.88976527489,-306.889765274895
2016-01-05,8565,8811.3906854314,-246.390685431405
2016-01-06,8540,8801.19670011962,-261.196700119616
2016-01-07,8465,8791.30933706353,-326.309337063529
2016-01-08,8485,8781.73001601873,-296.730016018734
2016-01-11,8345,8772.46002185771,-427.460021857713
2016-01-12,8190,8763.50051679674,-573.500516796735
2016-01-13,8235,8754.85248635723,-519.852486357225
2016-01-14,8570,8746.51667899855,-176.516678998551
2016-01-15,8455,8738.4936282937,-283.493628293699
2016-01-18,8580,8730.783794851,-150.783794851004
2016-01-19,8605,8723.38752209448,-118.387522094477
2016-01-20,8515,8716.30509111948,-201.305091119481
2016-01-21,8605,8709.53673408444,-104.536734084439
2016-01-22,8720,8703.0825999373,16.9174000626967
2016-01-25,8575,8696.94279441416,-121.942794414157
2016-01-26,8650,8691.11743024395,-41.1174302439512
2016-01-27,8710,8685.60656974953,24.3934302504748
2016-01-28,8610,8680.41025825762,-70.4102582576169
2016-01-29,8675,8675.52855117818,-0.52855117817856
2016-02-01,8470,8670.96147481588,-200.961474815885
2016-02-02,8380,8666.70905525784,-286.709055257836
2016-02-03,8530,8662.77123552135,-132.771235521349
2016-02-04,8555,8659.14784010932,-104.147840109317
2016-02-05,8115,8655.83863864271,-540.838638642711
2016-02-08,8200,8652.84335769221,-452.843357692213
2016-02-09,8060,8650.16150026674,-590.161500266743
2016-02-10,7900,8647.79238218889,-747.792382188892
2016-02-11,7585,8645.73507533169,-1060.73507533169
2016-02-12,7750,8643.98834246122,-893.988342461218
2016-02-15,8270,8642.55050787799,-372.550507877991
2016-02-16,8350,8641.41952634391,-291.419526343908
2016-02-17,8425,8640.59319862332,-215.593198623315
2016-02-18,8350,8640.06920501933,-290.069205019329
2016-02-19,8550,8639.84513671821,-89.8451367182126
2016-02-22,8765,8639.9184650028,125.081534997196
2016-02-23,8650,8640.28662401743,9.71337598256596
2016-02-24,8675,8640.94709961046,34.0529003895398
2016-02-26,8475,8641.89738164485,-166.897381644853
2016-02-29,8530,8643.13497406007,-113.134974060071
2016-03-01,8675,8644.65731180694,30.3426881930591
2016-03-02,8725,8646.46178307035,78.5382169296476
2016-03-03,8990,8648.54578857781,341.454211422194
2016-03-04,9235,8650.90676152175,584.093238478246
2016-03-07,9370,8653.54227623786,716.457723762141
2016-03-08,8595,8656.45014850252,-61.450148502518
2016-03-09,8835,8659.62849024692,175.371509753084
2016-03-10,8745,8663.07538800115,81.9246119988463
2016-03-11,8770,8666.78900078686,103.210999213135
2016-03-14,8650,8670.76752148965,-20.7675214896504
2016-03-15,8570,8675.00918565922,-105.009185659222
2016-03-16,8670,8679.51222026066,-9.51222026065608
2016-03-17,8880,8684.2748088518,195.725191148196
2016-03-18,8655,8689.29513105904,-34.2951310590401
2016-03-21,8750,8694.57144741355,55.4285525864472
2016-03-22,8835,8700.10200427039,134.897995729605
2016-03-23,8670,8705.88507089604,-35.8850708960407
2016-03-24,8650,8711.91897231925,-61.9189723192463
2016-03-29,8525,8718.20201873469,-193.202018734689
2016-03-30,8445,8724.73249474241,-279.732494742406
2016-03-31,8495,8731.50860508044,-236.508605080444
2016-04-01,8315,8738.52843885695,-423.52843885695
2016-04-04,8385,8745.78998741636,-360.789987416355
2016-04-05,8500,8753.29106703402,-253.291067034019
2016-04-06,8550,8761.02934484913,-211.029344849134
2016-04-07,8395,8769.00238330033,-374.002383300326
2016-04-08,8560,8777.20765759541,-217.207657595409
2016-04-11,8535,8785.64248834443,-250.642488344428
2016-04-12,8865,8794.30410637261,70.6958936273896
2016-04-13,8950,8803.18963889966,146.810361100342
2016-04-14,8995,8812.29624236824,182.703757631757
2016-04-15,8940,8821.62113390614,118.378866093857
2016-04-18,9115,8831.16160616423,283.83839383577
2016-04-19,9220,8840.91500072566,379.084999274341
2016-04-20,9275,8850.87877650127,424.121223498726
2016-04-21,9065,8861.05054910048,203.949450899523
2016-04-22,9010,8871.42810944751,138.571890552491
2016-04-25,9090,8882.00933277083,207.990667229166
2016-04-26,9185,8892.79215157902,292.207848420981
2016-04-27,9215,8903.77458435572,311.225415644276
2016-04-28,9265,8914.95477037137,350.045229628635
2016-04-29,9425,8926.33097754456,498.669022455443
2016-05-03,9500,8937.90161848881,562.098381511189
2016-05-04,9405,8949.66531194686,455.334688053138
2016-05-05,8925,8961.62090901055,-36.6209090105549
2016-05-06,9035,8973.76744898875,61.2325510112477
2016-05-09,8640,8986.10395605255,-346.103956052547
2016-05-10,8695,8998.62947968431,-303.629479684313
2016-05-11,8830,9011.34292630097,-181.342926300974
2016-05-12,8615,9024.24307681129,-409.243076811291
2016-05-13,8640,9037.32863716392,-397.328637163922
2016-05-16,8685,9050.59814414289,-365.598144142894
2016-05-17,8755,9064.0499702928,-309.049970292797
2016-05-18,8650,9077.68233703459,-427.682337034592
2016-05-19,8565,9091.49333804031,-526.493338040313
2016-05-20,8475,9105.4808901955,-630.480890195504
2016-05-23,8350,9119.64269275424,-769.642692754243
2016-05-24,8420,9133.97618435548,-713.976184355474
2016-05-25,8350,9148.47848549846,-798.478485498458
2016-05-26,8350,9163.14642155337,-813.146421553374
2016-05-27,8400,9177.97648783189,-777.97648783189
2016-05-31,8465,9192.96484352349,-727.964843523491
2016-06-01,8450,9208.10732623334,-758.107326233338
2016-06-02,8410,9223.39947265543,-813.399472655434
2016-06-03,8510,9238.83650611245,-728.836506112447
2016-06-06,8650,9254.4133137005,-604.413313700505
2016-06-07,8635,9270.12448124426,-635.124481244263
2016-06-08,8990,9285.96434472785,-295.964344727852
2016-06-09,8950,9301.92697760063,-351.926977600629
2016-06-10,8920,9318.00633097225,-398.006330972254
2016-06-13,8850,9334.19621047988,-484.19621047988
2016-06-14,8845,9350.49025724071,-505.490257240712
2016-06-15,8955,9366.88191222499,-411.881912224986
2016-06-16,8880,9383.36440745334,-503.364407453336
2016-06-17,9040,9399.93080469104,-359.930804691041
2016-06-20,9215,9416.57395763283,-201.57395763283
2016-06-21,9175,9433.28657119254,-258.28657119254
2016-06-22,9185,9450.06126696147,-265.061266961474
2016-06-23,9215,9466.8905597655,-251.890559765505
2016-06-24,8980,9483.76685486492,-503.766854864915
2016-06-27,8950,9500.68245339854,-550.682453398541
2016-06-28,9350,9517.62944826825,-167.629448268252
2016-06-29,9445,9534.59970474597,-89.5997047459678
2016-06-30,9420,9551.58501881233,-131.585018812325
2016-07-01,9935,9568.57714941101,366.422850588989
2016-07-04,10000,9585.56780109379,414.432198906211
2016-07-05,9670,9602.54882987688,67.4511701231202
2016-07-06,10125,9619.51226308611,505.487736913887
2016-07-07,9675,9636.45015592896,38.5498440710406
2016-07-08,9870,9653.35477256114,216.645227438861
2016-07-11,10020,9670.2183930733,349.781606926695
2016-07-12,10440,9687.03338710865,752.96661289135
2016-07-13,10290,9703.79226889589,586.207731104106
2016-07-14,10345,9720.48786390989,624.512136090112
2016-07-15,10205,9737.11323994033,467.886760059672
2016-07-18,10590,9753.66172292486,836.33827707514
2016-07-19,10460,9770.12683220696,689.873167793043
2016-07-20,10570,9786.50243283863,783.497567161368
2016-07-21,10725,9802.78267503773,922.217324962271
2016-07-22,10375,9818.96203288832,556.037967111681
2016-07-25,10480,9835.03536168234,644.964638317664
2016-07-26,10335,9850.99774655478,484.002253445223
2016-07-27,10330,9866.84453924406,463.155460755939
2016-07-28,10715,9882.57129155514,832.428708444855
2016-07-29,10630,9898.173746743,731.826253257
2016-08-01,10740,9913.64799215483,826.352007845174
2016-08-02,10725,9928.99041764569,796.009582354315
2016-08-03,10750,9944.19775465107,805.802245348928
2016-08-04,10570,9959.26706364519,610.732936354808
2016-08-05,10710,9974.19573818812,735.804261811878
2016-08-08,10730,9988.98142429265,741.018575707351
2016-08-09,10790,10003.6220721232,786.377927876764
2016-08-10,10830,10018.1159381518,811.884061848235
2016-08-11,10730,10032.4616039074,697.538396092614
2016-08-12,10295,10046.6579865189,248.342013481136
2016-08-15,10465,10060.7042914497,404.295708550346
2016-08-16,10245,10074.5998268179,170.40017318209
2016-08-17,10235,10088.3440678612,146.655932138778
2016-08-18,10330,10101.9365602538,228.063439746215
2016-08-19,10355,10115.3769102913,239.62308970867
2016-08-22,10270,10128.6648185421,141.335181457875
2016-08-23,10240,10141.8000846248,98.1999153751591
2016-08-24,10000,10154.7825665801,-154.782566580109
2016-08-25,9840,10167.6121630409,-327.61216304086
2016-08-26,9830,10180.288708659,-350.288708659035
2016-08-30,9820,10192.8119026652,-372.811902665221
2016-08-31,9770,10205.1812994941,-435.181299494062
2016-09-01,9930,10217.3962994754,-287.396299475361
2016-09-02,10035,10229.456123052,-194.456123052028
2016-09-05,10025,10241.359871869,-216.359871869033
2016-09-06,10120,10253.1065671912,-133.106567191176
2016-09-07,10225,10264.6951408485,-39.6951408485439
2016-09-08,10295,10276.1244696505,18.8755303494613
2016-09-09,10355,10287.393413998,67.6065860019662
2016-09-12,10090,10298.5008420944,-208.50084209439
2016-09-13,9900,10309.4456500889,-409.445650088915
2016-09-14,9870,10320.2266479446,-450.226647944607
2016-09-15,9715,10330.8424763763,-615.842476376326
2016-09-16,9725,10341.2915899936,-616.291589993629
2016-09-19,10160,10351.5721888412,-191.572188841237
2016-09-20,10275,10361.6822182139,-86.6822182138833
2016-09-21,10335,10371.6195442179,-36.6195442178569
2016-09-22,10645,10381.3819971286,263.61800287138
2016-09-23,10640,10390.9673920847,249.032607915255
2016-09-26,10465,10400.3736531936,64.6263468063825
2016-09-27,10640,10409.5988075027,230.401192497263
2016-09-28,10695,10418.6409087737,276.359091226282
2016-09-29,10410,10427.4981060065,-17.4981060065335
2016-09-30,10515,10436.1686624372,78.8313375628022
2016-10-03,10315,10444.6508340684,-129.650834068403
2016-10-04,10050,10452.9429094886,-402.942909488641
2016-10-05,10085,10461.0431236941,-376.04312369407
2016-10-06,10260,10468.9495451204,-208.949545120398
2016-10-07,10220,10476.6600867621,-256.660086762144
2016-10-10,10535,10484.1725752426,50.8274247573549
2016-10-11,10440,10491.4847310921,-51.4847310920668
2016-10-12,10580,10498.5942958508,81.405704149245
2016-10-13,10425,10505.4989897773,-80.4989897772639
2016-10-14,10485,10512.19656678,-27.1965667799996
2016-10-17,10320,10518.6847474924,-198.684747492428
2016-10-18,10440,10524.9612413058,-84.9612413058392
2016-10-19,10315,10531.0236754835,-216.02367548346
2016-10-20,10130,10536.8696421687,-406.869642168725
2016-10-21,9975,10542.4966442095,-567.496644209526
2016-10-24,10160,10547.9020162705,-387.90201627055
2016-10-25,10235,10553.082858436,-318.08285843597
2016-10-26,10220,10558.036110447,-338.036110447034
2016-10-27,10340,10562.7585805618,-222.758580561841
2016-10-28,10380,10567.2469373089,-187.246937308851
2016-10-31,10425,10571.4977571367,-146.497757136673
2016-11-01,10435,10575.5075390931,-140.507539093108
2016-11-02,10340,10579.2727216696,-239.27272166957
2016-11-03,10480,10582.7896852781,-102.789685278074
2016-11-04,10450,10586.0547114247,-136.05471142466
2016-11-07,11210,10589.0640391261,620.935960873945
2016-11-08,11220,10591.8138511598,628.186148840178
2016-11-09,11655,10594.3005869728,1060.69941302721
2016-11-10,11475,10596.5209456792,878.479054320766
2016-11-11,11205,10598.4720648439,606.527935156122
2016-11-14,11355,10600.1514451592,754.848554840847
2016-11-15,11365,10601.5568380323,763.443161967661
2016-11-16,11330,10602.686306894,727.313693105989
2016-11-17,11195,10603.5382307511,591.46176924888
2016-11-18,10905,10604.1112892537,300.888710746308
2016-11-21,11365,10604.4044065382,760.59559346176
2016-11-22,11345,10604.4166311162,740.583368883831
2016-11-23,11630,10604.1473258992,1025.8526741008
2016-11-24,11560,10603.5961599254,956.403840074631
2016-11-25,11690,10602.7632262797,1087.23677372029
2016-11-28,11520,10601.6490133861,918.350986613932
2016-11-29,11150,10600.2544590883,549.7455409117
2016-11-30,11170,10598.580880839,571.41911916098
2016-12-01,11200,10596.6298233341,603.37017666586
2016-12-02,11480,10594.4030674712,885.596932528829
2016-12-05,11625,10591.9026435562,1033.09735644376
2016-12-06,11610,10589.1309479666,1020.86905203345
2016-12-07,11400,10586.0908041192,813.909195880755
2016-12-08,11150,10582.785457418,567.214542581993
2016-12-09,11470,10579.218489704,890.781510296009
2016-12-12,11335,10575.393717282,759.606282717976
2016-12-13,11380,10571.31532467,808.68467533003
2016-12-14,11470,10566.9878103763,903.012189623682
2016-12-15,11260,10562.4160071874,697.583992812617
2016-12-16,11180,10557.6051211584,622.39487884162
2016-12-19,10895,10552.5606466982,342.439353301768
2016-12-20,10945,10547.2883354883,397.711664511748
2016-12-21,10820,10541.7940807609,278.205919239128
2016-12-22,10600,10536.0839401458,63.9160598542031
2016-12-23,10440,10530.1640862726,-90.1640862725834
2016-12-28,10115,10524.0407181907,-409.040718190749
2016-12-29,10150,10517.7199976798,-367.719997679828
2016-12-30,10055,10511.2079174384,-456.207917438358
2017-01-03,9970,10504.510318164,-534.510318164044
2017-01-04,10215,10497.6328519768,-282.63285197679
2017-01-05,10245,10490.5809500511,-245.580950051141
2017-01-06,10295,10483.3599267328,-188.359926732806
2017-01-09,10390,10475.974994854,-85.9749948539573
2017-01-10,10535,10468.4312893868,66.5687106132047
2017-01-11,10095,10460.7339097646,-365.733909764621
2017-01-12,10325,10452.8879829376,-127.887982937594
2017-01-13,10405,10444.898484676,-39.8984846759586
2017-01-16,10255,10436.7703378867,-181.770337886718
2017-01-17,10150,10428.5084489841,-278.508448984097
2017-01-18,10170,10420.1176492458,-250.117649245775
2017-01-19,9910,10411.6026548255,-501.602654825467
2017-01-20,9695,10402.9680784881,-707.968078488103
2017-01-23,9785,10394.2183256563,-609.218325656337
2017-01-24,9820,10385.3575091073,-565.357509107253
2017-01-25,9735,10376.3894897914,-641.38948979138
2017-01-26,9350,10367.3178949635,-1017.31789496355
2017-01-27,9550,10358.1460867538,-808.146086753793
2017-01-30,9730,10348.8770067738,-618.877006773802
2017-01-31,9965,10339.5132625798,-374.513262579839
2017-02-01,10280,10330.05720591,-50.0572059099865
2017-02-02,10345,10320.5110336932,24.4889663067919
2017-02-03,10280,10310.8769221671,-30.8769221670699
2017-02-06,10455,10301.1570576916,153.842942308378
2017-02-07,10350,10291.3536138638,58.6463861362459
2017-02-08,10475,10281.4688278729,193.531172127123
2017-02-09,10285,10271.5049611503,13.4950388496828
2017-02-10,10650,10261.4643551256,388.535644874434
2017-02-13,10685,10251.3493568063,433.650643193698
2017-02-14,10790,10241.1624738054,548.837526194599
2017-02-15,10910,10230.9063929893,679.093607010678
2017-02-16,11050,10220.5840280918,829.415971908187
2017-02-17,11070,10210.1985735568,859.80142644323
2017-02-20,11155,10199.7535666752,955.246433324797
2017-02-21,10830,10189.2529001455,640.747099854526
2017-02-22,10735,10178.7008615265,556.299138473547
2017-02-23,10560,10168.1020032361,391.897996763944
2017-02-24,10885,10157.461107644,727.538892356044
2017-02-27,11035,10146.7831191146,888.216880885397
2017-02-28,10960,10136.0732827478,823.926717252169
2017-03-01,11035,10125.3372107966,909.662789203399
2017-03-02,10810,10114.580856092,695.419143907971
2017-03-03,10980,10103.8105474833,876.189452516724
2017-03-06,11075,10093.0329012778,981.967098722193
2017-03-07,10665,10082.2548959646,582.745104035438
2017-03-08,10175,10071.4839159382,103.51608406178
2017-03-09,10150,10060.7275864768,89.2724135231658
2017-03-10,9920,10049.9935756478,-129.993575647848
2017-03-13,10210,10039.2895884203,170.710411579697
2017-03-14,10220,10028.6232760291,191.376723970868
2017-03-15,10255,10018.0023602742,236.997639725827
2017-03-16,10210,10007.4346420626,202.565357937353
2017-03-17,10275,9996.92802026693,278.071979733067
2017-03-20,10180,9986.49047749209,193.509522507907
2017-03-21,10150,9976.13011128671,173.869888713291
2017-03-22,10065,9965.8550991885,99.1449008114962
2017-03-23,10015,9955.6736906059,59.3263093941001
2017-03-24,9880,9945.59417592992,-65.5941759299239
2017-03-27,9845,9935.62487007498,-90.6248700749774
2017-03-28,10000,9925.77406084101,74.2259391589872
2017-03-29,10020,9916.04999856754,103.950001432458
2017-03-30,10025,9906.46096427634,118.539035723666
2017-03-31,10020,9897.01528195742,122.984718042582
2017-04-03,9815,9887.7213246002,-72.7213246002023
2017-04-04,10000,9878.58751603136,121.412483968639
2017-04-05,10345,9869.622250017,475.377749983
2017-04-06,10115,9860.83397051061,254.166029489387
2017-04-07,10205,9852.23131796778,352.768682032219
2017-04-10,10105,9843.82303790604,261.176962093963
2017-04-11,9855,9835.61802166318,19.381978336823
2017-04-12,9705,9827.62526853725,-122.625268537254
2017-04-13,9705,9819.85378583785,-114.853785837855
2017-04-18,9350,9812.31253018602,-462.312530186017
2017-04-19,9395,9805.01041072794,-410.010410727941
2017-04-20,9490,9797.95614550669,-307.956145506687
2017-04-21,9380,9791.15828308463,-411.158283084633
2017-04-24,9270,9784.6252447272,-514.625244727196
2017-04-25,9300,9778.36528174367,-478.365281743667
2017-04-26,9285,9772.38643271822,-487.386432718224
2017-04-27,9345,9766.69653849702,-421.696538497023
2017-04-28,9455,9761.30323846121,-306.303238461205
2017-05-02,9540,9756.21399767915,-216.21399767915
2017-05-03,9230,9751.43615460605,-521.436154606052
2017-05-04,8995,9746.97695832271,-751.976958322713
2017-05-05,9160,9742.84344236891,-582.843442368909
2017-05-08,9140,9739.04232944805,-599.04232944805
2017-05-09,9225,9735.58010133888,-510.580101338878
2017-05-10,9145,9732.46299220065,-587.462992200648
2017-05-11,9300,9729.69702513848,-429.697025138478
2017-05-12,9335,9727.28798042551,-392.287980425513
2017-05-15,9160,9725.24146071399,-565.241460713992
2017-05-16,9165,9723.56290650055,-558.562906500552
2017-05-17,9125,9722.25752463334,-597.257524633343
2017-05-18,9175,9721.3302910733,-546.330291073303
2017-05-19,9350,9720.78593489993,-370.785934899932
2017-05-22,9400,9720.62895936111,-320.62895936111
2017-05-23,9345,9720.8637144365,-375.863714436501
2017-05-24,9125,9721.49441757032,-596.494417570319
2017-05-25,9045,9722.52513084082,-677.525130840815
2017-05-26,9085,9723.9596697594,-638.959669759401
2017-05-30,9110,9725.80156977482,-615.801569774821
2017-05-31,8950,9728.05410221646,-778.054102216461
2017-06-01,8815,9730.7202838655,-915.720283865505
2017-06-02,8905,9733.80280988745,-828.802809887446
2017-06-05,8860,9737.30399692566,-877.303996925661
2017-06-06,8925,9741.2258190294,-816.225819029402
2017-06-07,8820,9745.56988760628,-925.569887606277
2017-06-08,8830,9750.3374766686,-920.337476668598
2017-06-09,8955,9755.52947763545,-800.529477635448
2017-06-12,8745,9761.14640149549,-1016.14640149549
2017-06-13,8799,9767.18842833019,-968.188428330191
2017-06-14,8895,9773.65531818753,-878.655318187532
2017-06-15,8900,9780.54643090487,-880.546430904867
2017-06-16,8940,9787.86076311962,-847.860763119618
2017-06-19,9015,9795.59694748558,-780.596947485581
2017-06-20,8880,9803.75326618589,-923.753266185888
2017-06-21,8970,9812.32767873617,-842.327678736168
2017-06-22,9021,9821.31776280889,-800.317762808895
2017-06-23,9100,9830.7207478927,-730.720747892695
2017-06-26,9025,9840.53353265694,-815.533532656937
2017-06-27,9230,9850.75271372039,-620.752713720385
2017-06-28,9240,9861.37455059248,-621.374550592478
2017-06-29,9260,9872.39504619006,-612.395046190058
2017-06-30,9380,9883.80994657762,-503.80994657762
2017-07-03,9330,9895.6147446799,-565.614744679899
2017-07-04,9160,9907.80472516737,-747.804725167372
2017-07-05,9140,9920.37493890738,-780.374938907384
2017-07-06,9095,9933.32012765582,-838.320127655824
2017-07-07,8975,9946.63471059291,-971.634710592911
2017-07-10,9005,9960.31276037027,-955.312760370273
2017-07-11,9175,9974.34794800543,-799.347948005429
2017-07-12,9195,9988.73354962786,-793.733549627856
2017-07-13,9209,10003.462510949,-794.462510948986
2017-07-14,9535,10018.5274495824,-483.527449582355
2017-07-17,9615,10033.9206547428,-418.920654742818
2017-07-18,9725,10049.6342157741,-324.634215774118
2017-07-19,9690,10065.6600488554,-375.660048855352
2017-07-20,9510,10081.9899359746,-571.98993597456
2017-07-21,9550,10098.6155038375,-548.615503837481
2017-07-24,9760,10115.5281427122,-355.528142712202
2017-07-25,10025,10132.7190160911,-107.71901609109
2017-07-26,9975,10150.1791405052,-175.179140505225
2017-07-27,10145,10167.8994879588,-22.8994879588463
2017-07-28,10270,10185.870958045,84.1290419549971
2017-07-31,10280,10204.0844408903,75.9155591097223
2017-08-01,10225,10222.5308613971,2.46913860287776
2017-08-02,10351,10241.2011758486,109.798824151404
2017-08-03,10375,10260.0863415479,114.913658452103
2017-08-04,10330,10279.177361185,50.8226388149925
2017-08-07,10385,10298.4652849505,86.5347150495349
2017-08-08,10750,10317.9411840434,432.058815956646
2017-08-09,10755,10337.5961654317,417.403834568328
2017-08-10,10875,10357.4215146798,517.578485320201
2017-08-11,10650,10377.4086898898,272.59131011017
2017-08-14,10425,10397.5493631105,27.4506368895011
2017-08-15,10330,10417.8353190684,-87.8353190684184
2017-08-16,10720,10438.2583538373,281.741646162663
2017-08-17,10725,10458.8102271835,266.189772816538
2017-08-18,10995,10479.4828153334,515.517184666602
2017-08-21,11335,10500.2681045461,834.73189545394
2017-08-22,11445,10521.1582941745,923.841705825498
2017-08-23,11780,10542.1459286163,1237.85407138372
2017-08-24,11740,10563.2239341479,1176.77606585205
2017-08-25,11455,10584.3857487253,870.614251274662
2017-08-29,11725,10605.625296736,1119.37470326396
2017-08-30,11610,10626.9368624446,983.063137555426
2017-08-31,11795,10648.3151928198,1146.68480718018
2017-09-01,12145,10669.7554411896,1475.24455881036
2017-09-04,12280,10691.2532348752,1588.74676512481
2017-09-05,11985,10712.8048110045,1272.19518899553
2017-09-06,12250,10734.4070634294,1515.59293657059
2017-09-07,12151,10756.0574118764,1394.94258812361
2017-09-08,11505,10777.7539025569,727.246097443139
2017-09-11,11835,10799.4951582955,1035.50484170451
2017-09-12,11920,10821.2801025313,1098.71989746874
2017-09-13,11435,10843.1080867392,591.891913260827
2017-09-14,11215,10864.9789165609,350.021083439119
2017-09-15,11090,10886.8926423024,203.10735769762
2017-09-18,11170,10908.8494589543,261.15054104572
2017-09-19,11135,10930.8496454636,204.150354536439
2017-09-20,11360,10952.8935887264,407.106411273634
2017-09-21,10720,10974.9817600264,-254.981760026375
2017-09-22,10630,10997.1147989287,-367.114798928723
2017-09-25,10620,11019.2932395993,-399.293239599301
2017-09-26,10455,11041.5174644536,-586.517464453568
2017-09-27,10280,11063.7876908551,-783.787690855133
2017-09-28,10455,11086.1038937249,-631.10389372491
2017-09-29,10520,11108.4657239976,-588.465723997583
2017-10-02,10460,11130.8725717347,-670.872571734716
2017-10-03,10730,11153.3235837499,-423.323583749856
2017-10-04,10575,11175.8176295448,-600.817629544833
2017-10-05,10560,11198.3534036365,-638.353403636507
2017-10-06,10575,11220.9293521879,-645.929352187907
2017-10-09,10990,11243.5436574923,-253.543657492345
2017-10-10,11040,11266.1942348421,-226.194234842077
2017-10-11,11185,11288.8788947245,-103.878894724527
2017-10-12,11420,11311.5953541274,108.404645872579
2017-10-13,11715,11334.3412870993,380.658712900721
2017-10-16,11880,11357.1144124987,522.885587501315
2017-10-17,11770,11379.9126065332,390.08739346681
2017-10-18,11635,11402.7339615503,232.266038449724
2017-10-19,11765,11425.5767311439,339.423268856148
2017-10-20,11720,11448.4392649173,271.560735082721
2017-10-23,11905,11471.3200527778,433.679947222194
2017-10-24,12040,11494.217696885,545.782303115018
2017-10-25,11865,11517.1309786643,347.869021335745
2017-10-26,11765,11540.0589051455,224.941094854542
2017-10-27,11585,11563.0006271535,21.9993728464633
2017-10-30,11650,11585.955388495,64.0446115049863
2017-10-31,12405,11608.9224420701,796.077557929883
2017-11-01,12725,11631.9010672525,1093.0989327475
2017-11-02,12605,11654.8908724823,950.109127517721
2017-11-03,12710,11677.8919180427,1032.1080819573
2017-11-06,12950,11700.9046569539,1249.09534304606
2017-11-07,12660,11723.9299688681,936.070031131865
2017-11-08,12695,11746.9692497632,948.030750236798
2017-11-09,12285,11770.0242825508,514.975717449198
2017-11-10,12100,11793.0972420204,306.90275797963
2017-11-13,12500,11816.1905158316,683.809484168442
2017-11-14,11805,11839.3066185053,-34.3066185053383
2017-11-15,11655,11862.448347222,-207.448347221986
2017-11-16,11390,11885.6184849808,-495.618484980786
2017-11-17,11595,11908.8197290303,-313.819729030297
2017-11-20,11670,11932.0545717502,-262.05457175021
2017-11-21,11850,11955.3253757999,-105.325375799852
2017-11-22,11855,11978.6343955157,-123.634395515699
2017-11-23,11915,12001.983841697,-86.9838416969788
2017-11-24,12036,12025.3758740373,10.6241259626676
2017-11-27,11585,12048.8126162749,-463.8126162749
2017-11-28,11375,12072.2961965394,-697.296196539359
2017-11-29,11420,12095.8285512389,-675.828551238864
2017-11-30,11295,12119.4113285474,-824.411328547381
2017-12-01,11330,12143.0458972786,-813.045897278582
2017-12-04,11380,12166.7332854676,-786.733285467613
2017-12-05,10905,12190.4741850691,-1285.47418506913
2017-12-06,10830,12214.2689628339,-1384.26896283387
2017-12-07,11005,12238.1174541493,-1233.11745414931
2017-12-08,10955,12262.0189222017,-1307.0189222017
2017-12-11,11210,12285.9721204562,-1075.97212045615
2017-12-12,11105,12309.9752621088,-1204.97526210875
2017-12-13,11095,12334.026115592,-1239.02611559198
2017-12-14,11190,12358.12195125,-1168.12195124995
2017-12-15,11575,12382.2595272632,-807.259527263223
2017-12-18,11815,12406.4351189577,-591.435118957693
2017-12-19,11765,12430.6446679707,-665.644667970653
2017-12-20,12005,12454.8838714639,-449.883871463907
2017-12-21,12080,12479.1481514485,-399.148151448519
2017-12-22,12080,12503.4327439716,-423.432743971631
2017-12-27,12060,12527.7327200886,-467.732720088596
2017-12-28,12350,12552.0429758247,-202.042975824726
2017-12-29,12645,12576.3582138634,68.6417861365999
2018-01-02,12655,12600.6730533716,54.326946628436
2018-01-03,12450,12624.9821418899,-174.982141889925
2018-01-04,12640,12649.2801494158,-9.28014941574942
2018-01-05,12545,12673.5616736158,-128.56167361576
2018-01-08,12575,12697.8213083206,-122.821308320575
2018-01-09,12665,12722.0535942187,-57.0535942186567
2018-01-10,12865,12746.253021229,118.746978771012
2018-01-11,12620,12770.414055687,-150.414055687002
2018-01-12,12650,12794.5312130133,-144.531213013285
2018-01-15,12859,12818.5989464533,40.4010535466756
2018-01-16,12545,12842.6116495092,-297.611649509201
2018-01-17,12410,12866.5637323832,-456.563732383242
2018-01-18,12465,12890.4494822569,-425.449482256934
2018-01-19,12680,12914.2629975868,-234.262997586809
2018-01-22,12745,12937.9982009657,-192.998200965672
2018-01-23,12820,12961.6489181514,-141.648918151364
2018-01-24,13535,12985.2088951241,549.791104875931
2018-01-25,13720,13008.6718193119,711.328180688066
2018-01-26,13635,13032.0316054048,602.96839459522
2018-01-29,13845,13055.2824621268,789.717537873229
2018-01-30,13395,13078.4188474451,316.581152554927
2018-01-31,13490,13101.4355457642,388.564454235787
2018-02-01,13955,13124.3274723506,830.67252764938
2018-02-02,13505,13147.0897030876,357.910296912372
2018-02-05,13675,13169.7176572253,505.282342774669
2018-02-06,13340,13192.2069019596,147.793098040445
2018-02-07,13170,13214.5532133495,-44.5532133494954
2018-02-08,13180,13236.7524285461,-56.7524285461243
2018-02-09,12965,13258.800366284,-293.800366283998
2018-02-12,13100,13280.6928218381,-180.692821838129
2018-02-13,13425,13302.4254690382,122.574530961833
2018-02-14,14015,13323.993907023,691.006092977021
2018-02-15,14151,13345.3937855989,805.606214401101
2018-02-16,13921,13366.6210402062,554.378959793824
2018-02-19,13670,13387.6719392904,282.328060709605
2018-02-20,13520,13408.5429804552,111.457019544834
2018-02-21,13780,13429.230778007,350.769221993008
2018-02-22,13820,13449.7319923241,370.26800767588
2018-02-23,13740,13470.0434287793,269.956571220698
2018-02-26,13935,13490.1620457984,444.837954201603
2018-02-27,13840,13510.0849133967,329.915086603261
2018-02-28,13791,13529.809285468,261.190714531993
2018-03-01,13395,13549.3325522794,-154.332552279412
2018-03-02,13485,13568.6522120637,-83.6522120636975
2018-03-05,13400,13587.7656992588,-187.765699258834
2018-03-06,13640,13606.6704137245,33.3295862754671
2018-03-07,13591,13625.3636777056,-34.363677705575
2018-03-08,13200,13643.8428272238,-443.842827223813
2018-03-09,13820,13662.1051840965,157.894815903488
2018-03-12,13690,13680.1478866743,9.852113325719
2018-03-13,13885,13697.9681385749,187.031861425137
2018-03-14,13795,13715.5631474892,79.4368525108499
2018-03-15,13600,13732.9301984183,-132.930198418271
2018-03-16,13624,13750.0666092008,-126.066609200831
2018-03-19,13475,13766.9696427267,-291.969642726701
2018-03-20,13460,13783.6365097743,-323.636509774263
2018-03-21,13510,13800.0643004342,-290.064300434242
2018-03-22,13165,13816.2499710187,-651.249971018712
2018-03-23,12950,13832.1903579389,-882.190357938939
2018-03-26,13005,13847.8820284057,-842.882028405671
2018-03-27,12965,13863.3211849671,-898.321184967134
2018-03-28,13030,13878.5036817587,-848.503681758693
2018-03-29,13385,13893.4250015859,-508.425001585908
2018-04-03,13465,13908.0802765166,-443.080276516604
2018-04-04,13155,13922.4644284562,-767.4644284562
2018-04-05,13365,13936.5721961585,-571.572196158547
2018-04-06,13265,13950.3980011387,-685.398001138742
2018-04-09,13470,13963.9360286467,-493.93602864673
2018-04-10,13685,13977.1801806165,-292.180180616533
2018-04-11,13825,13990.1241548092,-165.124154809214
2018-04-12,13770,14002.7615282096,-232.761528209565
2018-04-13,13940,14015.085809547,-75.0858095470349
2018-04-16,14200,14027.0904113371,172.909588662861
2018-04-17,14315,14038.7687150582,276.23128494175
2018-04-18,15305,14050.1141736619,1254.88582633807
2018-04-19,15025,14061.1203542828,963.879645717163
2018-04-20,14845,14071.7813427746,773.218657225372
2018-04-23,14280,14082.09162342,197.908376579999
2018-04-24,14090,14092.04600012,-2.04600011998224
2018-04-25,14180,14101.6393585823,78.3606414177463
2018-04-26,14290,14110.866583669,179.133416330993
2018-04-27,13875,14119.722592634,-244.722592633952
2018-04-30,13675,14128.2023767767,-453.202376776672
2018-05-01,13780,14136.3008262388,-356.300826238791
2018-05-02,13965,14144.0126438259,-179.012643825921
2018-05-03,13905,14151.3323850634,-246.332385063415
2018-05-04,14024,14158.2545314798,-134.254531479799
2018-05-08,13910,14164.7734627796,-254.773462779637
2018-05-09,13945,14170.8835031721,-225.883503172139
2018-05-10,13879,14176.5788715538,-297.578871553755
2018-05-11,14030,14181.85369345,-151.853693450013
2018-05-14,14475,14186.7019713783,288.298028621711
2018-05-15,14475,14191.1176450866,283.882354913412
2018-05-16,14450,14195.0947734933,254.90522650674
2018-05-17,14595,14198.6275328628,396.372467137201
2018-05-18,14635,14201.7102048266,433.289795173395
2018-05-21,14730,14204.3372348612,525.662765138766
2018-05-22,14815,14206.5032475473,608.496752452682
2018-05-23,14605,14208.2030847539,396.796915246143
2018-05-24,14885,14209.4318398766,675.568160123384
2018-05-25,14779,14210.1847703317,568.815229668277
2018-05-29,14845,14210.4574127886,634.542587211445
2018-05-30,15070,14210.2455390424,859.754460957635
2018-05-31,15295,14209.5451831822,1085.45481681778
2018-06-01,15410,14208.3527346848,1201.64726531521
2018-06-04,15500,14206.6650317103,1293.33496828966
2018-06-05,15755,14204.4794091316,1550.52059086844
2018-06-06,15640,14201.7937364342,1438.20626356581
2018-06-07,15410,14198.6065240272,1211.3934759728
2018-06-08,15445,14194.916876815,1250.083123185
2018-06-11,15265,14190.7244004439,1074.27559955607
2018-06-12,15255,14186.0292172951,1068.97078270495
2018-06-13,15650,14180.8318938108,1469.16810618924
2018-06-14,15280,14175.1334383031,1104.86656169687
2018-06-15,15170,14168.9354663801,1001.06453361991
2018-06-18,14980,14162.2400503568,817.759949643243
2018-06-19,14720,14155.0496763472,564.950323652838
2018-06-20,14960,14147.3671684958,812.632831504165
2018-06-21,15075,14139.1955844738,935.80441552616
2018-06-22,15370,14130.538317862,1239.46168213801
2018-06-25,14790,14121.3991490659,668.600850934148
2018-06-26,14900,14111.7823708343,788.217629165654
2018-06-27,14860,14101.692552289,758.307447711037
2018-06-28,14790,14091.1345883686,698.865411631381
2018-06-29,14940,14080.1136874662,859.886312533839
2018-07-02,14551,14068.6353468568,482.364653143181
2018-07-03,14340,14056.7054192585,283.294580741518
2018-07-04,14140,14044.3299567793,95.6700432206759
2018-07-05,14195,14031.5151286305,163.484871369522
2018-07-06,13960,14018.2671435682,-58.2671435681718
2018-07-09,14065,14004.5922779281,60.4077220719411
2018-07-10,14180,13990.4967839595,189.503216040524
2018-07-11,13945,13975.9869388822,-30.9869388822207
2018-07-12,14245,13961.0690982489,283.930901751059
2018-07-13,13970,13945.749604804,24.2503951960309
2018-07-16,13630,13930.0349186572,-300.034918657248
2018-07-17,13545,13913.9315099421,-368.931509942103
2018-07-18,13614,13897.4457247703,-283.445724770273
2018-07-19,13405,13880.583756752,-475.583756752045
2018-07-20,13531,13863.351682332,-332.351682332031
2018-07-23,13375,13845.7553813679,-470.75538136793
2018-07-24,13600,13827.800596337,-227.800596337033
2018-07-25,13715,13809.4928751243,-94.4928751242934
2018-07-26,13805,13790.8376714521,14.1623285478538
2018-07-27,13780,13771.8403999826,8.15960001744003
2018-07-30,13895,13752.5064812323,142.493518767692
2018-07-31,14065,13732.8413390907,332.158660909327
2018-08-01,13390,13712.8504563483,-322.850456348294
2018-08-02,13350,13692.5394530963,-342.539453096256
2018-08-03,13510,13671.9138159733,-161.913815973269
2018-08-06,13690,13650.9788900251,39.0211099748655
2018-08-07,13875,13629.739953369,245.260046630958
2018-08-08,14040,13608.2023002523,431.797699747684
2018-08-09,13880,13586.3713263032,293.628673696804
2018-08-10,13821,13564.252605637,256.74739436297
2018-08-13,13535,13541.8518337439,-6.85183374394001
2018-08-14,13425,13519.1748122428,-94.17481224284
2018-08-15,12849,13496.2273399204,-647.227339920382
2018-08-16,13340,13473.0151766353,-133.015176635249
2018-08-17,13555,13449.5438147078,105.456185292198
2018-08-20,13560,13425.8186914761,134.18130852387
2018-08-21,13560,13401.8452878698,158.154712130191
2018-08-22,13524,13377.6291402824,146.370859717579
2018-08-23,13240,13353.1758504831,-113.175850483079
2018-08-24,13420,13328.4910807446,91.5089192554046
2018-08-28,13674,13303.5804465575,370.41955344249
2018-08-29,13450,13278.4496012386,171.550398761442
2018-08-30,13310,13253.1043512209,56.8956487790871
2018-08-31,12810,13227.5505738498,-417.550573849773
2018-09-03,12805,13201.7941699887,-396.794169988736
2018-09-04,12490,13175.8408679027,-685.840867902685
2018-09-05,12475,13149.6962318379,-674.696231837907
2018-09-06,12470,13123.3655425415,-653.365542541468
2018-09-07,12335,13096.8538018683,-761.853801868291
2018-09-10,12415,13070.1657415982,-655.165741598244
2018-09-11,12215,13043.3057785913,-828.305778591339
2018-09-12,12630,13016.2780588888,-386.278058888758
2018-09-13,12595,12989.086386143,-394.086386142976
2018-09-14,12415,12961.7344043348,-546.734404334797
2018-09-17,12275,12934.2255945455,-659.225594545515
2018-09-18,12360,12906.5632118585,-546.563211858532
2018-09-19,12490,12878.7502388599,-388.750238859945
2018-09-20,12665,12850.7894322085,-185.789432208468
2018-09-21,13275,12822.6833878691,452.316612130913
2018-09-24,12820,12794.4346250087,25.5653749912788
2018-09-25,12955,12766.0458497643,188.954150235747
2018-09-26,12820,12737.5197788399,82.4802211600886
2018-09-27,12550,12708.8592070461,-158.859207046073
2018-09-28,12545,12680.0669632869,-135.066963286943
2018-10-01,12430,12651.1458108011,-221.145810801148
2018-10-02,12535,12622.0984569958,-87.0984569958003
2018-10-03,12915,12592.9275178652,322.072482134817
2018-10-04,12525,12563.6355734009,-38.6355734008557
2018-10-05,12655,12534.2253367257,120.77466327434
2018-10-08,12665,12504.6995049925,160.300495007484
2018-10-09,12970,12475.0608252775,494.939174722484
2018-10-10,12700,12445.3121109186,254.687889081439
2018-10-11,12705,12415.4563798415,289.543620158508
2018-10-12,12685,12385.4967552501,299.503244749904
2018-10-15,12585,12355.4364800336,229.563519966428
2018-10-16,12535,12325.2789208838,209.721079116192
2018-10-17,12365,12295.0275393851,69.9724606148994
2018-10-18,12310,12264.6858838119,45.3141161881122
2018-10-19,12475,12234.2575313624,240.74246863757
2018-10-22,12460,12203.7460779661,256.253922033948
2018-10-23,12395,12173.1552190654,221.844780934645
2018-10-24,12215,12142.488756028,72.5112439719616
2018-10-25,12185,12111.7505819234,73.2494180766452
2018-10-26,11880,12080.944619794,-200.944619793986
2018-10-29,11740,12050.0748229608,-310.074822960838
2018-10-30,11765,12019.1450616825,-254.145061682465
2018-10-31,11540,11988.159078045,-448.159078044982
2018-11-01,11830,11957.1205090811,-127.120509081146
2018-11-02,11940,11926.0328065727,13.9671934273006
2018-11-05,11740,11894.8993697549,-154.899369754912
2018-11-06,11795,11863.7236036365,-68.7236036365014
2018-11-07,11770,11832.508849197,-62.5088491970409
2018-11-08,11765,11801.2584190085,-36.258419008518
2018-11-09,11415,11769.9755998043,-354.975599804321
2018-11-12,11345,11738.66366333,-393.663663330036
2018-11-13,11325,11707.3257345986,-382.325734598591
2018-11-14,11305,11675.9647758982,-370.964775898217
2018-11-15,11325,11644.583591479,-319.583591479032
2018-11-16,11359,11613.1848322492,-254.184832249247
2018-11-19,11190,11581.7710170141,-391.771017014082
2018-11-20,11085,11550.3445595089,-465.344559508941
2018-11-21,11030,11518.9077115269,-488.907711526865
2018-11-22,10960,11487.4625325062,-527.462532506157
2018-11-23,10875,11456.0108797903,-581.010879790343
2018-11-26,10880,11424.5543926911,-544.554392691131
2018-11-27,10740,11393.0944703537,-653.094470353704
2018-11-28,10850,11361.6322868264,-511.632286826356
2018-11-29,11010,11330.1687461944,-320.168746194384
2018-11-30,11095,11298.7045410549,-203.704541054873
2018-12-03,11195,11267.24023166,-72.2402316600276
2018-12-04,11130,11235.7762940588,-105.776294058781
2018-12-05,11220,11204.3131744389,15.6868255611364
2018-12-06,10860,11172.8512752643,-312.851275264336
2018-12-07,10955,11141.3910054836,-186.391005483564
2018-12-10,10785,11109.9326447248,-324.932644724773
2018-12-11,10745,11078.4763955696,-333.476395569647
2018-12-12,10785,11047.0223262858,-262.022326285777
2018-12-13,10865,11015.570367295,-150.570367295025
2018-12-14,11040,10984.1203407098,55.8796592902452
2018-12-17,10995,10952.6720064026,42.3279935974
2018-12-18,10840,10921.2251473446,-81.225147344596
2018-12-19,10980,10889.7795640035,90.2204359965327
2018-12-20,10955,10858.3350232717,96.6649767282694
2018-12-21,10875,10826.8913293354,48.1086706645993
2018-12-24,10875,10795.4483263379,79.5516736620903
2018-12-27,10720,10764.0058783089,-44.005878308878
2018-12-28,10745,10732.5638821614,12.4361178386101
2018-12-31,10645,10701.1222166183,-56.1222166182678
2019-01-02,10825,10669.6807655429,155.319234457073
2019-01-03,10820,10638.2393896001,181.760610399887
