"LZNTDate","LZNTClose","LZNT_hpft","LZNT_hpfc"
2013-08-23,1978.8,1878.36387340336,100.436126596638
2013-08-27,1976,1879.399671286,96.6003287140016
2013-08-28,1956,1880.43551068489,75.5644893151087
2013-08-29,1935,1881.47147304699,53.5285269530125
2013-08-30,1901.2,1882.50767105456,18.6923289454437
2013-09-02,1915,1883.54423951641,31.4557604835931
2013-09-04,1873,1884.58132096801,-11.5813209680065
2013-09-05,1877,1885.61907094737,-8.619070947367
2013-09-06,1899,1886.65764020525,12.3423597947523
2013-09-09,1886.2,1887.69717592964,-1.49717592963505
2013-09-10,1881,1888.73783041034,-7.73783041034489
2013-09-11,1875,1889.77975531832,-14.7797553183239
2013-09-12,1880,1890.82309912601,-10.8230991260108
2013-09-13,1874,1891.86800419649,-17.8680041964866
2013-09-16,1867.8,1892.914608419,-25.1146084189988
2013-09-17,1862.2,1893.96304229688,-31.7630422968805
2013-09-18,1880,1895.0134259521,-15.0134259520993
2013-09-23,1891,1896.06586637705,-5.06586637705106
2013-09-24,1877.8,1897.12046435819,-19.3204643581893
2013-09-25,1886.2,1898.17731858794,-11.9773185879427
2013-09-26,1895,1899.23651977244,-4.23651977243646
2013-09-27,1910,1900.29815366685,9.70184633314572
2013-09-30,1917,1901.36230427517,15.6376957248316
2013-10-01,1873.5,1902.42905961171,-28.9290596117072
2013-10-02,1890,1903.4985141548,-13.4985141547991
2013-10-03,1871,1904.57075042466,-33.5707504246557
2013-10-04,1872,1905.64584536175,-33.6458453617481
2013-10-07,1878,1906.72386202975,-28.723862029751
2013-10-08,1887.5,1907.8048495845,-20.3048495844957
2013-10-09,1886,1908.88884530852,-22.8888453085234
2013-10-10,1901,1909.97587809117,-8.97587809117042
2013-10-11,1916,1911.06596736044,4.93403263956335
2013-10-14,1933.5,1912.15912883407,21.3408711659303
2013-10-15,1930,1913.25538026933,16.7446197306658
2013-10-16,1930,1914.35474824496,15.6452517550404
2013-10-17,1928.5,1915.45726626123,13.0427337387683
2013-10-18,1930,1916.56297428555,13.4370257144526
2013-10-21,1943.2,1917.67191767664,25.5280823233575
2013-10-22,1952.2,1918.78414734759,33.4158526524127
2013-10-23,1927,1919.89972476373,7.10027523626863
2013-10-24,1939.5,1921.01872520319,18.4812747968091
2013-10-25,1949.5,1922.14122687906,27.3587731209427
2013-10-28,1963,1923.26731564383,39.7326843561709
2013-10-29,1961.2,1924.39708865903,36.8029113409709
2013-10-30,1971.8,1925.53065951007,46.2693404899314
2013-10-31,1953.5,1926.66815699521,26.8318430047941
2013-11-01,1936,1927.80972903858,8.1902709614163
2013-11-04,1929,1928.95553465555,0.0444653444518606
2013-11-05,1925.2,1930.10573624697,-4.90573624697285
2013-11-06,1919.5,1931.26049623212,-11.7604962321199
2013-11-07,1904.5,1932.41997500241,-27.9199750024096
2013-11-08,1907.5,1933.58432808794,-26.0843280879438
2013-11-11,1896.8,1934.75369947784,-37.9536994778353
2013-11-12,1886,1935.92822237899,-49.9282223789861
2013-11-13,1889.5,1937.10801430976,-47.6080143097564
2013-11-14,1891,1938.29317215019,-47.2931721501928
2013-11-15,1896,1939.4837731011,-43.4837731011015
2013-11-18,1886,1940.67987481419,-54.6798748141914
2013-11-19,1893,1941.88151696674,-48.8815169667362
2013-11-20,1893.8,1943.08871663354,-49.2887166335402
2013-11-21,1892.8,1944.30147068376,-51.5014706837561
2013-11-22,1910,1945.51975561256,-35.5197556125608
2013-11-25,1904.2,1946.74352662651,-42.5435266265054
2013-11-26,1888.8,1947.97272424969,-59.1727242496874
2013-11-27,1872.5,1949.20727142043,-76.7072714204258
2013-11-28,1874,1950.44706661742,-76.4470666174206
2013-11-29,1879,1951.69197661167,-72.6919766116727
2013-12-02,1876,1952.94183657403,-76.941836574028
2013-12-03,1877.2,1954.1964516274,-76.996451627397
2013-12-04,1895,1955.45559509002,-60.4555950900217
2013-12-05,1893.2,1956.71900845292,-63.5190084529249
2013-12-06,1901,1957.9864082172,-56.9864082172042
2013-12-09,1924.8,1959.25748462775,-34.4574846277534
2013-12-10,1949.5,1960.53190437359,-11.0319043735858
2013-12-11,1962.8,1961.80931990037,0.990680099632602
2013-12-12,1961.2,1963.08937909362,-1.8893790936225
2013-12-13,1973,1964.37173024838,8.62826975161916
2013-12-16,1988.2,1965.65602087868,22.5439791213192
2013-12-17,1996.8,1966.94190206514,29.8580979348629
2013-12-18,1998,1968.22903420714,29.7709657928575
2013-12-19,1993.2,1969.51709004623,23.6829099537733
2013-12-20,2038,1970.80575463004,67.1942453699633
2013-12-23,2056.5,1972.09472279578,84.4052772042153
2013-12-24,2075.5,1973.38371715608,102.11628284392
2013-12-27,2091.2,1974.67249521328,116.527504786719
2013-12-30,2085.5,1975.96085668051,109.539143319489
2013-12-31,2059.2,1977.24864943868,81.9513505613243
2014-01-02,2070,1978.53576664776,91.4642333522384
2014-01-03,2027,1979.82213534315,47.1778646568546
2014-01-06,2039,1981.10772036784,57.8922796321587
2014-01-07,2042,1982.39250606629,59.6074939337058
2014-01-08,2043,1983.67650071329,59.3234992867088
2014-01-09,2009,1984.95973722296,24.0402627770401
2014-01-10,2041.5,1986.24227303138,55.2577269686236
2014-01-13,2069,1987.5241755119,81.4758244881049
2014-01-14,2068.2,1988.80553487919,79.3944651208062
2014-01-15,2082.2,1990.08647502678,92.1135249732224
2014-01-16,2071.8,1991.36715266663,80.4328473333674
2014-01-17,2074,1992.64776258677,81.3522374132275
2014-01-20,2076.5,1993.92853282291,82.5714671770864
2014-01-21,2090,1995.20972503852,94.7902749614827
2014-01-22,2085,1996.49163502877,88.5083649712305
2014-01-23,2044,1997.77459777134,46.2254022286569
2014-01-24,2025,1999.05898482971,25.9410151702889
2014-01-27,2014.8,2000.34518687507,14.4548131249318
2014-01-28,2004,2001.63360530158,2.36639469841806
2014-01-29,1992.2,2002.92464747846,-10.7246474784576
2014-01-30,1986.2,2004.21872175308,-18.0187217530754
2014-01-31,1975,2005.51623203967,-30.51623203967
2014-02-03,1955,2006.81757480428,-51.8175748042761
2014-02-04,1963.8,2008.12313389873,-44.3231338987295
2014-02-05,1968,2009.43327175557,-41.4332717555697
2014-02-06,1994.8,2010.74833248594,-15.9483324859404
2014-02-07,2018,2012.06864307413,5.93135692587115
2014-02-10,2012.8,2013.39452391202,-0.59452391202176
2014-02-11,2003.2,2014.7262978433,-11.5262978433025
2014-02-12,2022,2016.06428746589,5.93571253410593
2014-02-13,2026.5,2017.40881061321,9.09118938678596
2014-02-14,2037,2018.76018757225,18.2398124277479
2014-02-17,2054,2020.11874238794,33.8812576120586
2014-02-18,2069,2021.48480664483,47.515193355169
2014-02-19,2056,2022.8587259326,33.1412740673969
2014-02-20,2047,2024.24086548181,22.759134518186
2014-02-21,2044.2,2025.63160422229,18.5683957777107
2014-02-24,2045,2027.03133049158,17.9686695084231
2014-02-25,2045,2028.44044030263,16.5595596973658
2014-02-26,2055.5,2029.85933709595,25.6406629040484
2014-02-27,2069.5,2031.28843115709,38.2115688429095
2014-02-28,2065,2032.7281433704,32.2718566295982
2014-03-03,2067.8,2034.17891041538,33.6210895846204
2014-03-04,2119.5,2035.6411823114,83.858817688596
2014-03-05,2110,2037.11542297548,72.884577024521
2014-03-06,2110.8,2038.60213098844,72.1978690115647
2014-03-07,2058,2040.10183505869,17.8981649413138
2014-03-10,2040,2041.61509373833,-1.61509373832829
2014-03-11,2000.5,2043.14247297784,-42.6424729778425
2014-03-12,2001,2044.68453806011,-43.6845380601053
2014-03-13,1986.8,2046.24183664128,-59.44183664128
2014-03-14,1985,2047.81489832012,-62.8148983201225
2014-03-17,1965,2049.40422812452,-84.4042281245167
2014-03-18,1980.2,2051.01030511721,-70.8103051172074
2014-03-19,1985.5,2052.63357347161,-67.1335734716108
2014-03-20,1953,2054.27444809101,-101.274448091009
2014-03-21,1952,2055.93331612837,-103.933316128369
2014-03-24,1945.2,2057.61052287385,-112.410522873853
2014-03-25,1986.5,2059.30637065581,-72.8063706558146
2014-03-26,1970,2061.02111533659,-91.0211153365927
2014-03-27,1973.8,2062.75498268331,-88.9549826833139
2014-03-28,1975.5,2064.50816083864,-89.0081608386408
2014-03-31,1983.5,2066.28080117477,-82.7808011747693
2014-04-01,1972.5,2068.07301827155,-95.5730182715461
2014-04-02,1969,2069.88489249055,-100.884892490554
2014-04-03,1984,2071.71646468732,-87.7164646873229
2014-04-04,2005.5,2073.56773401566,-68.0677340156577
2014-04-07,2004,2075.43866337086,-71.4386633708586
2014-04-08,2028,2077.32918751177,-49.3291875117727
2014-04-09,2022,2079.23921166739,-57.2392116673913
2014-04-10,2041.8,2081.168620676,-39.3686206759987
2014-04-11,2027.5,2083.1172757155,-55.6172757155011
2014-04-14,2052.8,2085.08502169037,-32.285021690374
2014-04-15,2056.8,2087.07168051519,-30.2716805151851
2014-04-16,2065,2089.07706075915,-24.077060759146
2014-04-17,2063.5,2091.10095847838,-27.6009584783848
2014-04-22,2085.8,2093.14315977655,-7.34315977654694
2014-04-23,2058.8,2095.20343934812,-36.4034393481166
2014-04-24,2075.8,2097.28156885223,-21.4815688522298
2014-04-25,2054,2099.37730490033,-45.3773049003309
2014-04-28,2058,2101.4903952242,-43.4903952241977
2014-04-29,2048.5,2103.62056879851,-55.1205687985137
2014-04-30,2042.2,2105.76753662074,-63.5675366207378
2014-05-01,2021,2107.9309869037,-86.9309869036991
2014-05-02,2042.2,2110.11058158398,-67.9105815839786
2014-05-06,2047.8,2112.3059466644,-64.5059466643984
2014-05-07,2030.5,2114.51668007625,-84.0166800762518
2014-05-08,2038,2116.74235308669,-78.7423530866872
2014-05-09,2036,2118.98250223371,-82.9825022337135
2014-05-12,2081,2121.23663150643,-40.2366315064322
2014-05-13,2062.8,2123.50421059231,-60.7042105923138
2014-05-14,2092,2125.78469254662,-33.7846925466168
2014-05-15,2057.8,2128.07750533194,-70.2775053319363
2014-05-16,2065.2,2130.38206294563,-65.1820629456331
2014-05-19,2087.5,2132.69775033516,-45.1977503351555
2014-05-20,2077.5,2135.02392550432,-57.5239255043191
2014-05-21,2067.8,2137.359927774,-69.5599277739983
2014-05-22,2074.8,2139.705072687,-64.905072687002
2014-05-23,2081,2142.05864703284,-61.0586470328393
2014-05-27,2084,2144.4199107719,-60.4199107718974
2014-05-28,2073.8,2146.78809862537,-72.9880986253688
2014-05-29,2067.2,2149.16242033927,-81.9624203392747
2014-05-30,2053,2151.5420554893,-98.542055489302
2014-06-02,2085.8,2153.92614977116,-68.1261497711603
2014-06-03,2089,2156.31380814724,-67.3138081472394
2014-06-04,2082.5,2158.70410741932,-76.2041074193212
2014-06-05,2087.8,2161.09609656436,-73.2960965643609
2014-06-06,2100.5,2163.48879305961,-62.9887930596055
2014-06-09,2136.5,2165.88118408464,-29.3811840846386
2014-06-10,2132,2168.27223078201,-36.272230782013
2014-06-11,2117.2,2170.66088214928,-53.4608821492778
2014-06-12,2076,2173.04607219051,-97.046072190505
2014-06-13,2086.2,2175.42671281118,-89.2267128111837
2014-06-16,2107,2177.80167580187,-70.8016758018693
2014-06-17,2124,2180.16979607036,-56.1697960703577
2014-06-18,2132,2182.52987925791,-50.5298792579074
2014-06-19,2159.8,2184.88070778743,-25.0807077874273
2014-06-20,2176,2187.22104319479,-11.2210431947899
2014-06-23,2186,2189.54963664856,-3.54963664855674
2014-06-24,2176.2,2191.86523467893,-15.665234678935
2014-06-25,2182.8,2194.16658234883,-11.3665823488277
2014-06-26,2193,2196.45241824579,-3.45241824579103
2014-06-27,2186.8,2198.72147625891,-11.9214762589077
2014-06-30,2216.8,2200.97248885016,15.8275111498402
2014-07-01,2184.2,2203.20418355365,-19.0041835536469
2014-07-02,2246.2,2205.41529444593,40.7847055540738
2014-07-03,2243,2207.60454774799,35.3954522520067
2014-07-04,2237.5,2209.77068653961,27.7293134603875
2014-07-07,2264.8,2211.91246853162,52.8875314683773
2014-07-08,2276,2214.02866289703,61.9713371029675
2014-07-09,2281,2216.1180606704,64.8819393296011
2014-07-10,2276.2,2218.17947850276,58.020521497241
2014-07-11,2304,2220.21175986475,83.7882401352546
2014-07-14,2302,2222.21377221034,79.7862277896566
2014-07-15,2300.2,2224.18441762819,76.0155823718112
2014-07-16,2288.2,2226.1226311874,62.0773688125991
2014-07-17,2307.8,2228.02737937879,79.7726206212118
2014-07-18,2294,2229.89765435359,64.1023456464078
2014-07-21,2344,2231.73248123773,112.267518762274
2014-07-22,2372.5,2233.53091165442,138.969088345581
2014-07-23,2365,2235.29204363391,129.707956366091
2014-07-24,2388.5,2237.01503265056,151.484967349444
2014-07-25,2393.8,2238.69908779482,155.100912205183
2014-07-28,2415.2,2240.34348077491,174.85651922509
2014-07-29,2346.8,2241.94754741157,104.852452588429
2014-07-30,2382,2243.51069580416,138.489304195843
2014-07-31,2359.8,2245.03237739383,114.767622606171
2014-08-01,2343.5,2246.5121008677,96.9878991322985
2014-08-04,2403,2247.94942235318,155.050577646821
2014-08-05,2370,2249.34393806843,120.656061931565
2014-08-06,2355,2250.69530832349,104.304691676506
2014-08-07,2323.2,2252.00324330269,71.1967566973084
2014-08-08,2296.2,2253.26749630572,42.9325036942846
2014-08-11,2308.2,2254.48785006214,53.7121499378607
2014-08-12,2328,2255.66410504809,72.3358949519064
2014-08-13,2282,2256.79608394211,25.2039160578944
2014-08-14,2272.2,2257.88363932357,14.3163606764306
2014-08-15,2281.8,2258.92663419006,22.8733658099391
2014-08-18,2287.8,2259.92493745706,27.8750625429444
2014-08-19,2310.8,2260.87842749487,49.9215725051262
2014-08-20,2358,2261.78699419629,96.2130058037111
2014-08-21,2356.5,2262.65054808965,93.8494519103537
2014-08-22,2349,2263.46903947392,85.5309605260763
2014-08-26,2355.2,2264.24245744167,90.9575425583302
2014-08-27,2359.2,2264.97082644047,94.229173559525
2014-08-28,2342.5,2265.65420851608,76.8457914839154
2014-08-29,2356.8,2266.29270466483,90.5072953351653
2014-09-01,2356,2266.88644764802,89.1135523519808
2014-09-02,2381.5,2267.43560763898,114.064392361022
2014-09-03,2367.8,2267.94039164711,99.8596083528928
2014-09-04,2405,2268.40105383135,136.598946168647
2014-09-05,2395,2268.81788962859,126.182110371414
2014-09-08,2390,2269.19125094028,120.808749059719
2014-09-09,2310.8,2269.52154182642,41.2784581735769
2014-09-10,2310.5,2269.80921628457,40.6907837154321
2014-09-11,2275,2270.05474537505,4.94525462495394
2014-09-12,2284.8,2270.25861697818,14.5413830218164
2014-09-15,2257,2270.42132101842,-13.4213210184226
2014-09-16,2299.8,2270.54335343103,29.2566465689694
2014-09-17,2262.8,2270.62520460353,-7.82520460353222
2014-09-18,2256.8,2270.66737701691,-13.8673770169074
2014-09-19,2270,2270.67036991742,-0.670369917423486
2014-09-22,2240.2,2270.6346768193,-30.4346768192985
2014-09-23,2256.5,2270.56079095951,-14.0607909595077
2014-09-24,2282,2270.44919299462,11.5508070053822
2014-09-25,2267,2270.30035776905,-3.30035776905362
2014-09-26,2267.2,2270.11476490183,-2.91476490182818
2014-09-29,2290,2269.89289264774,20.1071073522593
2014-09-30,2271.2,2269.63521805677,1.56478194322602
2014-10-01,2273,2269.34222649033,3.65777350967429
2014-10-02,2259.8,2269.01440395661,-9.21440395660937
2014-10-03,2269.5,2268.65223797588,0.847762024122556
2014-10-06,2314.5,2268.25621225948,46.2437877405228
2014-10-07,2328.8,2267.82681086915,60.9731891308479
2014-10-08,2322.2,2267.36453698204,54.8354630179647
2014-10-09,2333.8,2266.86991897914,66.9300810208636
2014-10-10,2328.5,2266.34350790819,62.1564920918124
2014-10-13,2334.2,2265.78588248314,68.414117516862
2014-10-14,2348,2265.1976471109,82.802352889098
2014-10-15,2260.2,2264.57943447808,-4.37943447807783
2014-10-16,2235,2263.93191149839,-28.9319114983908
2014-10-17,2253,2263.25574327533,-10.2557432753289
2014-10-20,2215,2262.55158295308,-47.5515829530828
2014-10-21,2218.5,2261.82007943651,-43.3200794365074
2014-10-22,2253,2261.06186197458,-8.06186197458336
2014-10-23,2259,2260.27754190948,-1.27754190947766
2014-10-24,2256,2259.46772725094,-3.4677272509354
2014-10-27,2257,2258.6330254806,-1.63302548059554
2014-10-28,2258,2257.77404264668,0.225957353324091
2014-10-29,2280,2256.89138412239,23.1086158776076
2014-10-30,2296,2255.98565537434,40.0143446256624
2014-10-31,2310,2255.05747142128,54.9425285787238
2014-11-03,2311,2254.10746382232,56.8925361776809
2014-11-04,2257,2253.13628684758,3.86371315241525
2014-11-05,2229.8,2252.14461828428,-22.3446182842791
2014-11-06,2225.5,2251.13313751671,-25.6331375167093
2014-11-07,2239,2250.10251469286,-11.1025146928587
2014-11-10,2251.5,2249.05340936495,2.44659063504571
2014-11-11,2272,2247.98647649588,24.0135235041239
2014-11-12,2279,2246.90237205987,32.0976279401339
2014-11-13,2245,2245.80176195738,-0.801761957384239
2014-11-14,2264.8,2244.68532535676,20.1146746432427
2014-11-17,2257.2,2243.55374109489,13.6462589051084
2014-11-18,2252,2242.40769632328,9.59230367671866
2014-11-19,2257,2241.24788383426,15.7521161657417
2014-11-20,2251.8,2240.07500038521,11.7249996147914
2014-11-21,2294,2238.88974924482,55.1102507551773
2014-11-24,2293,2237.69283852844,55.3071614715621
2014-11-25,2271,2236.48499913173,34.5150008682729
2014-11-26,2272.5,2235.26698481214,37.2330151878573
2014-11-27,2258.5,2234.03956359423,24.4604364057743
2014-11-28,2212.8,2232.80351889319,-20.0035188931869
2014-12-01,2235.5,2231.55964423518,3.94035576482203
2014-12-02,2212,2230.3087248777,-18.3087248776964
2014-12-03,2214,2229.05154770703,-15.0515477070273
2014-12-04,2235,2227.78889204136,7.21110795863651
2014-12-05,2236.8,2226.5215309772,10.2784690228041
2014-12-08,2220.2,2225.2502405918,-5.05024059180524
2014-12-09,2199,2223.97580121116,-24.9758012111628
2014-12-10,2180,2222.69899107368,-42.6989910736793
2014-12-11,2187.5,2221.42057809377,-33.920578093774
2014-12-12,2192.2,2220.14131253582,-27.9413125358216
2014-12-15,2174.2,2218.86193064279,-44.6619306427938
2014-12-16,2140.8,2217.58315710785,-76.7831571078456
2014-12-17,2145,2216.30569816269,-71.3056981626872
2014-12-18,2129.8,2215.03022829996,-85.2302282999627
2014-12-19,2176,2213.7573925374,-37.7573925373958
2014-12-22,2164,2212.48780066198,-48.487800661975
2014-12-23,2165,2211.2220468533,-46.2220468532956
2014-12-24,2159.8,2209.96070524804,-50.1607052480395
2014-12-29,2139,2208.70433087655,-69.7043308765455
2014-12-30,2184.5,2207.45345803477,-22.9534580347659
2014-12-31,2178,2206.20859220566,-28.2085922056628
2015-01-02,2204,2204.97022938417,-0.970229384174015
2015-01-05,2183,2203.73885390492,-20.7388539049205
2015-01-06,2174.8,2202.5149497015,-27.7149497014964
2015-01-07,2137,2201.29899213487,-64.298992134866
2015-01-08,2163,2200.09144510975,-37.0914451097546
2015-01-09,2160,2198.89274595227,-38.8927459522655
2015-01-12,2140.2,2197.70331665639,-57.5033166563861
2015-01-13,2074.8,2196.52356313941,-121.723563139412
2015-01-14,2038.2,2195.35386754909,-157.153867549095
2015-01-15,2055,2194.19456171754,-139.194561717543
2015-01-16,2098,2193.04591251578,-95.0459125157779
2015-01-19,2073,2191.90812927738,-118.90812927738
2015-01-20,2105,2190.78138204779,-85.7813820477908
2015-01-21,2132.5,2189.66579172059,-57.1657917205893
2015-01-22,2143,2188.56144373081,-45.5614437308058
2015-01-23,2094,2187.46839988341,-93.4683998834122
2015-01-26,2133,2186.38670315011,-53.386703150113
2015-01-27,2114,2185.31635786654,-71.3163578665412
2015-01-28,2117,2184.25734630041,-67.2573463004129
2015-01-29,2093,2183.20962124013,-90.2096212401256
2015-01-30,2120,2182.17310767261,-62.1731076726099
2015-02-02,2127,2181.14769329573,-54.1476932957334
2015-02-03,2158,2180.13324010753,-22.1332401075324
2015-02-04,2142,2179.12958772355,-37.1295877235545
2015-02-05,2145,2178.13656661035,-33.1365666103461
2015-02-06,2159,2177.15399188659,-18.1539918865865
2015-02-09,2157,2176.18166497363,-19.1816649736303
2015-02-10,2117.5,2175.21937978868,-57.7193797886775
2015-02-11,2116.5,2174.26692232004,-57.7669223200387
2015-02-12,2141,2173.32405469714,-32.3240546971425
2015-02-13,2152,2172.39051517089,-20.390515170886
2015-02-16,2159,2171.46602863071,-12.4660286307075
2015-02-17,2115,2170.55031153741,-55.5503115374089
2015-02-18,2087,2169.64307519886,-82.6430751988552
2015-02-19,2085,2168.74400796064,-83.7440079606416
2015-02-20,2051.5,2167.85276400703,-116.352764007032
2015-02-23,2045,2166.9689629059,-121.968962905899
2015-02-24,2071.5,2166.09217612956,-94.5921761295581
2015-02-25,2060.5,2165.22192473325,-104.721924733253
2015-02-26,2073,2164.35769067163,-91.3576906716344
2015-02-27,2065,2163.49891261151,-98.4989126115065
2015-03-02,2058.5,2162.64499145609,-104.144991456089
2015-03-03,2033.5,2161.79528739311,-128.295287393114
2015-03-04,2031.5,2160.94911756095,-129.449117560955
2015-03-05,2022,2160.10574606587,-138.105746065869
2015-03-06,2017.5,2159.26438350507,-141.764383505067
2015-03-09,2044.5,2158.42418338839,-113.924183388389
2015-03-10,2017.5,2157.58424062598,-140.084240625979
2015-03-11,2001,2156.74360303631,-155.743603036307
2015-03-12,2012,2155.90126053265,-143.90126053265
2015-03-13,2014,2155.05613865014,-141.056138650141
2015-03-16,2013,2154.20710344093,-141.207103440925
2015-03-17,2015,2153.35296265021,-138.352962650209
2015-03-18,2006.5,2152.49246565385,-145.992465653853
2015-03-19,2020.5,2151.62430463817,-131.124304638169
2015-03-20,2055,2150.74711144205,-95.7471114420484
2015-03-23,2085,2149.8594637029,-64.8594637028973
2015-03-24,2085,2148.95989948007,-63.9598994800684
2015-03-25,2082.5,2148.04693002267,-65.5469300226682
2015-03-26,2081,2147.11904014133,-66.119040141331
2015-03-27,2085,2146.17468755224,-61.1746875522394
2015-03-30,2108,2145.21230264059,-37.2123026405938
2015-03-31,2080.5,2144.23029050445,-63.7302905044487
2015-04-01,2099,2143.22704085981,-44.2270408598111
2015-04-02,2130,2142.2009170791,-12.2009170790971
2015-04-07,2149,2141.15026425311,7.84973574689167
2015-04-08,2157,2140.07342242924,16.926577570763
2015-04-09,2177,2138.96873489966,38.031265100343
2015-04-10,2208,2137.83455195331,70.1654480466922
2015-04-13,2201,2136.66923959969,64.3307604003117
2015-04-14,2195.5,2135.47119285196,60.0288071480428
2015-04-15,2204.5,2134.23883331492,70.261166685082
2015-04-16,2230,2132.97060740695,97.029392593053
2015-04-17,2217,2131.66499058955,85.3350094104531
2015-04-20,2189.5,2130.32049843226,59.1795015677421
2015-04-21,2210.5,2128.93568177868,81.5643182213161
2015-04-22,2240.5,2127.50911593483,112.990884065168
2015-04-23,2223.5,2126.03940992214,97.46059007786
2015-04-24,2245,2124.52521946797,120.474780532034
2015-04-27,2298.5,2122.96524058588,175.534759414119
2015-04-28,2294,2121.35821908892,172.641780911082
2015-04-29,2300,2119.70297334918,180.297026650818
2015-04-30,2341,2117.99839310188,223.001606898124
2015-05-01,2348,2116.24344260974,231.756557390262
2015-05-05,2397,2114.4371783155,282.562821684497
2015-05-06,2358.5,2112.57875246063,245.921247539374
2015-05-07,2369,2110.66743408675,258.332565913255
2015-05-08,2351,2108.70259388939,242.29740611061
2015-05-11,2307,2106.68370934847,200.316290651533
2015-05-12,2353.5,2104.61035809983,248.889641900172
2015-05-13,2338,2102.48220058197,235.51779941803
2015-05-14,2304,2100.2990001145,203.700999885496
2015-05-15,2291.5,2098.06061737054,193.439382629463
2015-05-18,2283.5,2095.76699722505,187.733002774951
2015-05-19,2235,2093.41816451299,141.581835487015
2015-05-20,2204,2091.01422167053,112.985778329475
2015-05-21,2206,2088.55532965822,117.444670341779
2015-05-22,2175.5,2086.04169614035,89.4583038596544
2015-05-26,2185,2083.47357732815,101.526422671851
2015-05-27,2188.5,2080.85126641121,107.648733588792
2015-05-28,2228.1,2078.17509854614,149.92490145386
2015-05-29,2188.1,2075.44545338719,112.654546612814
2015-06-01,2155.1,2072.6627725615,82.4372274384953
2015-06-02,2157.9,2069.8275442631,88.0724557368953
2015-06-03,2172,2066.94029076227,105.059709237727
2015-06-04,2142,2064.00157073489,77.9984292651124
2015-06-05,2133,2061.01198628431,71.9880137156886
2015-06-08,2141.5,2057.97217175525,83.5278282447464
2015-06-09,2162.5,2054.88279124936,107.617208750637
2015-06-10,2142.5,2051.74454339547,90.7554566045304
2015-06-11,2125,2048.55817130694,76.4418286930574
2015-06-12,2123,2045.32445561181,77.6755443881882
2015-06-15,2109.5,2042.04420853605,67.4557914639522
2015-06-16,2098,2038.71827441358,59.2817255864184
2015-06-17,2079.5,2035.34752546196,44.1524745380431
2015-06-18,2070,2031.93285840326,38.0671415967371
2015-06-19,2047,2028.47518821049,18.5248117895123
2015-06-22,2035.5,2024.97544559209,10.5245544079134
2015-06-23,2055,2021.43456891392,33.5654310860817
2015-06-24,2042.5,2017.85350089222,24.6464991077759
2015-06-25,2037.5,2014.23319811788,23.266801882118
2015-06-26,2025.5,2010.57462736969,14.9253726303121
2015-06-29,2019,2006.87876504391,12.1212349560881
2015-06-30,2000,2003.14659370641,-3.14659370640546
2015-07-01,2047,1999.37910093341,47.6208990665902
2015-07-02,2026,1995.57727300056,30.4227269994441
2015-07-03,2018.5,1991.74211586807,26.7578841319259
2015-07-06,2013,1987.87464807158,25.1253519284203
2015-07-07,1939,1983.97589920747,-44.9758992074686
2015-07-08,1982,1980.04690925789,1.95309074211143
2015-07-09,2010,1976.08869961371,33.9113003862878
2015-07-10,2010,1972.1022924732,37.8977075268032
2015-07-13,2052,1968.08872405216,83.9112759478447
2015-07-14,2054.5,1964.04904623178,90.450953768223
2015-07-15,2078,1959.98434557886,118.015654421137
2015-07-16,2071.5,1955.8957460489,115.604253951103
2015-07-17,2064,1951.78442038036,112.215579619639
2015-07-20,2049.5,1947.6515890979,101.848410902099
2015-07-21,2038,1943.49851911149,94.5014808885114
2015-07-22,2001.5,1939.32651943121,62.1734805687888
2015-07-23,1982,1935.13693813023,46.8630618697708
2015-07-24,1959,1930.93114898174,28.0688510182633
2015-07-27,1932.5,1926.71054513023,5.78945486976561
2015-07-28,1977,1922.47653132275,54.5234686772545
2015-07-29,1966.5,1918.23051469943,48.2694853005728
2015-07-30,1951,1913.97392493823,37.0260750617704
2015-07-31,1917,1909.70821166979,7.29178833020772
2015-08-03,1902.5,1905.43483982984,-2.93483982984321
2015-08-04,1918,1901.15527736823,16.8447226317707
2015-08-05,1896,1896.87099102165,-0.870991021651096
2015-08-06,1869,1892.58345448975,-23.5834544897503
2015-08-07,1861,1888.29414111213,-27.2941411121295
2015-08-10,1892,1884.00451447994,7.99548552005553
2015-08-11,1809.5,1879.71602690205,-70.216026902048
2015-08-12,1829,1875.43013399231,-46.4301339923054
2015-08-13,1829,1871.1482623401,-42.1482623400991
2015-08-14,1832,1866.87181934246,-34.8718193424641
2015-08-17,1814.5,1862.60219497404,-48.1021949740387
2015-08-18,1766,1858.34076479484,-92.3407647948433
2015-08-19,1782.5,1854.0888844814,-71.5888844813983
2015-08-20,1820,1849.84787154025,-29.8478715402515
2015-08-21,1765,1845.61901388599,-80.6190138859903
2015-08-24,1712.5,1841.40358709533,-128.903587095329
2015-08-25,1738,1837.20283342026,-99.202833420262
2015-08-26,1692,1833.01794182927,-141.017941829267
2015-08-27,1751,1828.85006028435,-77.8500602843483
2015-08-28,1805,1824.70027845634,-19.7002784563368
2015-09-01,1806.5,1820.56965383601,-14.0696538360132
2015-09-02,1814,1816.45923577085,-2.45923577084977
2015-09-03,1817,1812.37006779246,4.62993220753551
2015-09-04,1785,1808.30319241595,-23.3031924159504
2015-09-07,1773,1804.25965407024,-31.2596540702445
2015-09-08,1814,1800.24048755164,13.7595124483592
2015-09-09,1816,1796.24671473498,19.7532852650199
2015-09-10,1812,1792.27936318269,19.7206368173066
2015-09-11,1813,1788.3394686225,24.6605313775017
2015-09-14,1753,1784.42807493376,-31.4280749337648
2015-09-15,1736,1780.54623618955,-44.5462361895488
2015-09-16,1748,1776.69499347181,-28.6949934718097
2015-09-17,1726,1772.87536944891,-46.8753694489072
2015-09-18,1685.5,1769.08837492779,-83.5883749277944
2015-09-21,1659,1765.33500133905,-106.335001339053
2015-09-22,1629.5,1761.61620556121,-132.116205561209
2015-09-23,1648.5,1757.93290051817,-109.432900518173
2015-09-24,1678,1754.28594452229,-76.2859445222889
2015-09-25,1633,1750.67615065081,-117.676150650807
2015-09-28,1628.5,1747.10430044737,-118.604300447375
2015-09-29,1655,1743.57112681305,-88.5711268130524
2015-09-30,1692.5,1740.07731362266,-47.5773136226602
2015-10-01,1683.5,1736.62350813935,-53.1235081393457
2015-10-02,1691.5,1733.21033795964,-41.7103379596369
2015-10-05,1671.5,1729.83840872098,-58.3384087209819
2015-10-06,1653.5,1726.50830881937,-73.0083088193743
2015-10-07,1695.5,1723.22060253616,-27.7206025361595
2015-10-08,1670,1719.97582397387,-49.975823973874
2015-10-09,1844,1716.77449577658,127.225504223423
2015-10-12,1840.5,1713.61711993026,126.882880069743
2015-10-13,1817,1710.50425101086,106.495748989142
2015-10-14,1818.5,1707.43649604257,111.063503957432
2015-10-15,1828.5,1704.41450607065,124.085493929349
2015-10-16,1804.5,1701.43897804955,103.061021950453
2015-10-19,1793,1698.51066022566,94.4893397743366
2015-10-20,1774,1695.63034344669,78.3696565533123
2015-10-21,1728.5,1692.79885761841,35.7011423815946
2015-10-22,1747.5,1690.01706504147,57.4829349585307
2015-10-23,1750.5,1687.28584277396,63.214157226041
2015-10-26,1741.5,1684.60609163505,56.8939083649479
2015-10-27,1743.5,1681.97873857414,61.5212614258623
2015-10-28,1747.5,1679.40473405824,68.0952659417595
2015-10-29,1710.5,1676.88505398487,33.6149460151306
2015-10-30,1694,1674.42070239924,19.5792976007632
2015-11-02,1695.5,1672.01269724179,23.4873027582065
2015-11-03,1679,1669.66206454616,9.3379354538448
2015-11-04,1687,1667.36984005473,19.6301599452689
2015-11-05,1656.5,1665.13706336981,-8.63706336981362
2015-11-06,1662,1662.96478220794,-0.964782207941539
2015-11-09,1658,1660.85404071557,-2.85404071556883
2015-11-10,1594.5,1658.8058826403,-64.3058826402989
2015-11-11,1612,1656.82135054991,-44.8213505499066
2015-11-12,1616.5,1654.90146043086,-38.4014604308568
2015-11-13,1621.5,1653.04720974219,-31.547209742194
2015-11-16,1588.5,1651.25958006934,-62.7595800693404
2015-11-17,1568.5,1649.53953995732,-81.0395399573178
2015-11-18,1521.5,1647.88803200897,-126.38803200897
2015-11-19,1502.5,1646.30596532853,-143.805965328534
2015-11-20,1567,1644.79419677666,-77.7941967766626
2015-11-23,1531,1643.35352377032,-112.353523770325
2015-11-24,1573,1641.98471156943,-68.9847115694317
2015-11-25,1585,1640.68847899158,-55.6884789915795
2015-11-26,1609,1639.46551633875,-30.4655163387471
2015-11-27,1556.5,1638.31649089362,-81.8164908936222
2015-11-30,1554,1637.24205734571,-83.2420573457131
2015-12-01,1564,1636.24283656478,-72.2428365647799
2015-12-02,1561,1635.31941501163,-74.3194150116279
2015-12-03,1522,1634.4723492849,-112.472349284895
2015-12-04,1554,1633.7021652625,-79.702165262495
2015-12-07,1542,1633.00934233079,-91.0093423307936
2015-12-08,1526.5,1632.39432693059,-105.894326930589
2015-12-09,1537,1631.85752788294,-94.8575278829445
2015-12-10,1527,1631.3993102365,-104.399310236502
2015-12-11,1553,1631.01999982966,-78.0199998296622
2015-12-14,1546.5,1630.71987934627,-84.2198793462684
2015-12-15,1511.5,1630.49919921988,-118.999199219884
2015-12-16,1501.5,1630.35817507101,-128.858175071005
2015-12-17,1487,1630.29697333059,-143.296973330592
2015-12-18,1516,1630.31570716486,-114.315707164859
2015-12-21,1536,1630.41443050669,-94.4144305066853
2015-12-22,1515,1630.59315003543,-115.593150035433
2015-12-23,1542,1630.85183340364,-88.8518334036378
2015-12-24,1553.5,1631.19040048206,-77.6904004820649
2015-12-29,1604.5,1631.60873441361,-27.1087344136053
2015-12-30,1616.5,1632.10668622724,-15.6066862272406
2015-12-31,1607,1632.68409574619,-25.6840957461906
2016-01-04,1566,1633.3407963425,-67.3407963424975
2016-01-05,1565,1634.07661077149,-69.0766107714863
2016-01-06,1541,1634.89133395245,-93.8913339524545
2016-01-07,1503,1635.78473225124,-132.784732251237
2016-01-08,1512,1636.75653322278,-124.756533222785
2016-01-11,1476.5,1637.80640953411,-161.306409534115
2016-01-12,1466,1638.93398228298,-172.933982282976
2016-01-13,1486.5,1640.1388058894,-153.638805889397
2016-01-14,1511.5,1641.4203632897,-129.920363289701
2016-01-15,1486,1642.77807391194,-156.778073911937
2016-01-18,1495.5,1644.21130348036,-148.71130348036
2016-01-19,1511.5,1645.71935291343,-134.219352913435
2016-01-20,1477.5,1647.30146165832,-169.801461658322
2016-01-21,1491.5,1648.95681368127,-157.456813681272
2016-01-22,1523,1650.68452275949,-127.684522759494
2016-01-25,1519,1652.483637584,-133.483637584
2016-01-26,1566,1654.353154066,-88.3531540660028
2016-01-27,1600.5,1656.29201293995,-55.7920129399541
2016-01-28,1577,1658.29911841884,-81.2991184188434
2016-01-29,1624.5,1660.37335165323,-35.8733516532341
2016-02-01,1650.5,1662.51356018794,-12.0135601879392
2016-02-02,1664.5,1664.71857673935,-0.21857673934651
2016-02-03,1696,1666.98722905774,29.0127709422562
2016-02-04,1715,1669.31834480321,45.6816551967887
2016-02-05,1669.5,1671.71076362847,-2.21076362847095
2016-02-08,1734,1674.16334406922,59.8366559307796
2016-02-09,1685,1676.67494374722,8.32505625278461
2016-02-10,1702.5,1679.24444501841,23.2555549815904
2016-02-11,1709,1681.87073367997,27.1292663200331
2016-02-12,1698.5,1684.55270514187,13.947294858129
2016-02-15,1682,1687.28926602846,-5.28926602845834
2016-02-16,1660.5,1690.07932872917,-29.579328729167
2016-02-17,1670,1692.92180344712,-22.9218034471243
2016-02-18,1704,1695.81558815851,8.18441184149297
2016-02-19,1746,1698.7595713645,47.2404286354984
2016-02-22,1784.5,1701.75264494952,82.7473550504839
2016-02-23,1739,1704.79372032519,34.2062796748132
2016-02-24,1782.5,1707.88174310749,74.6182568925077
2016-02-26,1756.5,1711.01567305206,45.4843269479365
2016-02-29,1765,1714.19450075862,50.8054992413753
2016-03-01,1788.5,1717.41723562834,71.0827643716632
2016-03-02,1815.5,1720.68290806326,94.8170919367355
2016-03-03,1847,1723.99057784832,123.009422151684
2016-03-04,1847.5,1727.33934396189,120.16065603811
2016-03-07,1814,1730.72835622957,83.2716437704321
2016-03-08,1762.5,1734.1568141465,28.3431858534996
2016-03-09,1792,1737.62395162902,54.3760483709813
2016-03-10,1772.5,1741.12901430939,31.3709856906084
2016-03-11,1803,1744.67127029669,58.328729703313
2016-03-14,1784,1748.2500006675,35.7499993324955
2016-03-15,1750,1751.86451060928,-1.86451060927508
2016-03-16,1775,1755.51412008696,19.485879913041
2016-03-17,1843,1759.19814829481,83.801851705189
2016-03-18,1845.5,1762.91592248178,82.5840775182165
2016-03-21,1864,1766.66680453711,97.3331954628924
2016-03-22,1868,1770.45019048701,97.5498095129854
2016-03-23,1835.5,1774.26551659133,61.2344834086702
2016-03-24,1790.5,1778.11225943306,12.3877405669374
2016-03-29,1795,1781.98992090703,13.0100790929731
2016-03-30,1797.5,1785.89800802872,11.601991971278
2016-03-31,1818,1789.83603319148,28.1639668085247
2016-04-01,1865,1793.80351358437,71.1964864156278
2016-04-04,1856,1797.79997803836,58.2000219616361
2016-04-05,1812.5,1801.82498481418,10.6750151858158
2016-04-06,1797,1805.8781162301,-8.87811623010255
2016-04-07,1750.5,1809.958959017,-59.4589590169953
2016-04-08,1758.5,1814.06709623588,-55.5670962358828
2016-04-11,1758.5,1818.20208636988,-59.7020863698755
2016-04-12,1846.5,1822.36346493286,24.1365350671424
2016-04-13,1878,1826.55074276027,51.4492572397264
2016-04-14,1861.5,1830.76344066463,30.7365593353675
2016-04-15,1880,1835.00110072551,44.9988992744927
2016-04-18,1890.5,1839.26327772776,51.2367222722395
2016-04-19,1931.5,1843.54954505693,87.9504549430731
2016-04-20,1931,1847.85949727781,83.1405027221942
2016-04-21,1904.5,1852.19276531033,52.3072346896738
2016-04-22,1908,1856.54901444138,51.45098555862
2016-04-25,1872,1860.92793157958,11.0720684204163
2016-04-26,1896.5,1865.32922490129,31.1707750987132
2016-04-27,1885.5,1869.75260715961,15.7473928403947
2016-04-28,1912,1874.19780399239,37.8021960076116
2016-04-29,1936.5,1878.66454754684,57.8354524531609
2016-05-03,1895,1883.15258559604,11.8474144039572
2016-05-04,1882,1887.66168981997,-5.66168981996706
2016-05-05,1861,1892.19163679581,-31.1916367958074
2016-05-06,1882.5,1896.74220076047,-14.2422007604696
2016-05-09,1831.5,1901.31314305746,-69.8131430574584
2016-05-10,1850,1905.90421914312,-55.9042191431182
2016-05-11,1906.5,1910.51515561587,-4.01515561587131
2016-05-12,1875,1915.14565596559,-40.1456559655919
2016-05-13,1896,1919.79542202244,-23.795422022439
2016-05-16,1898,1924.46413902196,-26.464139021963
2016-05-17,1900,1929.15148236366,-29.1514823636601
2016-05-18,1893,1933.85711650782,-40.8571165078205
2016-05-19,1862.5,1938.58069386466,-76.0806938646601
2016-05-20,1861,1943.32184995568,-82.3218499556816
2016-05-23,1833,1948.08018885374,-115.080188853744
2016-05-24,1828,1952.85528060314,-124.855280603145
2016-05-25,1839.5,1957.64664767864,-118.146647678639
2016-05-26,1876.5,1962.45376094487,-85.9537609448671
2016-05-27,1904,1967.27604242937,-63.2760424293707
2016-05-31,1923,1972.11287862987,-49.1128786298651
2016-06-01,1964,1976.96362988831,-12.9636298883115
2016-06-02,1977.5,1981.82763624535,-4.32763624534598
2016-06-03,1998,1986.704232383,11.2957676170014
2016-06-06,2028,1991.59275119441,36.4072488055942
2016-06-07,1994.5,1996.49253024194,-1.99253024193522
2016-06-08,2075.5,2001.40292213723,74.0970778627712
2016-06-09,2072,2006.32327866831,65.6767213316884
2016-06-10,2088.5,2011.25298225195,77.2470177480501
2016-06-13,2076,2016.19144245303,59.8085575469673
2016-06-14,2017,2021.13810076726,-4.13810076725727
2016-06-15,2037.5,2026.09242341277,11.4075765872256
2016-06-16,1991,2031.05387489723,-40.0538748972278
2016-06-17,1979,2036.02192444367,-57.0219244436683
2016-06-20,2017.5,2040.9960247185,-23.4960247184956
2016-06-21,2037.5,2045.97560481754,-8.47560481754112
2016-06-22,2046,2050.96008412432,-4.96008412431553
2016-06-23,2041.5,2055.94887851887,-14.4488785188655
2016-06-24,2022,2060.94140183094,-38.9414018309354
2016-06-27,1996,2065.93706191768,-69.9370619176812
2016-06-28,2078.5,2070.93525053945,7.56474946054554
2016-06-29,2086,2075.93533054743,10.0646694525678
2016-06-30,2106,2080.93666791976,25.0633320802427
2016-07-01,2156,2085.9386327949,70.0613672050996
2016-07-04,2117.5,2090.94060567151,26.5593943284916
2016-07-05,2105.5,2095.94199600878,9.55800399122137
2016-07-06,2117,2100.9422242445,16.0577757555042
2016-07-07,2098,2105.94071476734,-7.94071476733658
2016-07-08,2143,2110.93689860362,32.0631013963811
2016-07-11,2134.5,2115.93020349728,18.5697965027169
2016-07-12,2192,2120.92007044587,71.0799295541295
2016-07-13,2179.5,2125.90594812294,53.5940518770631
2016-07-14,2191,2130.88731458361,60.1126854163882
2016-07-15,2206,2135.86367003665,70.1363299633489
2016-07-18,2224.5,2140.83453953898,83.6654604610182
2016-07-19,2245,2145.79947713907,99.200522860927
2016-07-20,2245,2150.7580714693,94.2419285306951
2016-07-21,2249,2155.70995216761,93.2900478323891
2016-07-22,2255,2160.65478782772,94.345212172281
2016-07-25,2257,2165.59228560571,91.407714394288
2016-07-26,2232,2170.5221916562,61.4778083437976
2016-07-27,2166.5,2175.44428991805,-8.94428991805081
2016-07-28,2208.5,2180.3583897426,28.1416102573997
2016-07-29,2246.5,2185.26429678397,61.2357032160259
2016-08-01,2262,2190.16182832889,71.8381716711065
2016-08-02,2275.5,2195.05082697648,80.4491730235204
2016-08-03,2279.5,2199.93116502085,79.5688349791545
2016-08-04,2255,2204.80274801056,50.1972519894384
2016-08-05,2266.5,2209.66551438476,56.8344856152375
2016-08-08,2281,2214.5194233321,66.4805766678963
2016-08-09,2273.5,2219.36445753432,54.1355424656753
2016-08-10,2284,2224.20062715358,59.7993728464214
2016-08-11,2278.5,2229.02796472947,49.4720352705333
2016-08-12,2237.5,2233.84652752024,3.65347247976207
2016-08-15,2263.5,2238.65639323389,24.843606766105
2016-08-16,2257.5,2243.45764108866,14.0423589113399
2016-08-17,2274,2248.25036057207,25.749639427926
2016-08-18,2296,2253.03464697623,42.9653530237717
2016-08-19,2295,2257.81060623709,37.1893937629087
2016-08-22,2284.5,2262.57836205077,21.9216379492282
2016-08-23,2302.5,2267.338053486,35.1619465139999
2016-08-24,2280,2272.08982867301,7.91017132699225
2016-08-25,2296.5,2276.83385027656,19.6661497234383
2016-08-26,2320,2281.57028423119,38.4297157688143
2016-08-30,2312.5,2286.29930460059,26.2006953994102
2016-08-31,2315.5,2291.0211013338,24.4788986662005
2016-09-01,2345,2295.73587521013,49.2641247898708
2016-09-02,2363.5,2300.4438371275,63.0561628724964
2016-09-05,2358,2305.14521834765,52.8547816523525
2016-09-06,2317.5,2309.84027619718,7.65972380282079
2016-09-07,2319.5,2314.52928985075,4.97071014924989
2016-09-08,2313,2319.21254164923,-6.2125416492258
2016-09-09,2292,2323.89031598817,-31.8903159881715
2016-09-12,2263.5,2328.56289469514,-65.0628946951439
2016-09-13,2231.5,2333.23054641551,-101.730546415514
2016-09-14,2275.5,2337.89351290028,-62.393512900277
2016-09-15,2231.5,2342.5519938491,-111.051993849102
2016-09-16,2217,2347.2061631707,-130.206163170701
2016-09-19,2254.5,2351.85614886935,-97.3561488693459
2016-09-20,2298.5,2356.50202512732,-58.0020251273227
2016-09-21,2261.5,2361.1438258838,-99.6438258837969
2016-09-22,2285,2365.78156110223,-80.7815611022297
2016-09-23,2276.5,2370.41519955733,-93.9151995573338
2016-09-26,2287,2375.04467663198,-88.0446766319769
2016-09-27,2306,2379.66988888825,-73.6698888882495
2016-09-28,2335,2384.29069649412,-49.2906964941203
2016-09-29,2355,2388.90692916538,-33.9069291653826
2016-09-30,2377.5,2393.51839624305,-16.0183962430499
2016-10-03,2409,2398.12489305236,10.8751069476379
2016-10-04,2379.5,2402.72620829721,-23.2262082972054
2016-10-05,2345,2407.32213517679,-62.3221351767897
2016-10-06,2324,2411.91245728955,-87.9124572895532
2016-10-07,2329.5,2416.49693247246,-86.9969324724642
2016-10-10,2332.5,2421.07528222302,-88.5752822230227
2016-10-11,2251.5,2425.64719207769,-174.147192077686
2016-10-12,2262.5,2430.21231095945,-167.712310959454
2016-10-13,2251.5,2434.77021580589,-183.270215805886
2016-10-14,2261.5,2439.32041422901,-177.820414229005
2016-10-17,2282,2443.86233808431,-161.862338084308
2016-10-18,2290,2448.39534572348,-158.395345723481
2016-10-19,2315.5,2452.91872859083,-137.418728590826
2016-10-20,2284.5,2457.43171265637,-172.931712656375
2016-10-21,2257,2461.93346708678,-204.933467086778
2016-10-24,2321,2466.4230895657,-145.423089565701
2016-10-25,2360.5,2470.89959306553,-110.399593065532
2016-10-26,2343.5,2475.36193044658,-131.861930446585
2016-10-27,2359.5,2479.80900893443,-120.309008934434
2016-10-28,2398.5,2484.23968124824,-85.7396812482404
2016-10-31,2462,2488.65275037624,-26.6527503762415
2016-11-01,2469,2493.04698386539,-24.0469838653948
2016-11-02,2426,2497.4211382454,-71.4211382454014
2016-11-03,2483,2501.77396010595,-18.773960105953
2016-11-04,2444.5,2506.10416651411,-61.604166514108
2016-11-07,2471.5,2510.41046677654,-38.9104667765417
2016-11-08,2481,2514.6915447352,-33.6915447352046
2016-11-09,2512,2518.94606814806,-6.94606814805954
2016-11-10,2521,2523.17269084633,-2.17269084633278
2016-11-11,2476.5,2527.37006378998,-50.8700637899764
2016-11-14,2624.5,2531.5368370409,92.9631629590961
2016-11-15,2622,2535.67163963337,86.3283603666289
2016-11-16,2531,2539.77313902889,-8.77313902888552
2016-11-17,2532,2543.8400383736,-11.8400383736035
2016-11-18,2559,2547.87103718721,11.1289628127905
2016-11-21,2575,2551.86483009519,23.1351699048119
2016-11-22,2614,2555.8201163233,58.1798836766977
2016-11-23,2706,2559.73560466054,146.264395339456
2016-11-24,2740.5,2563.61002794494,176.889972055058
2016-11-25,2888,2567.44217947451,320.557820525493
2016-11-28,2820.5,2571.23092566641,249.269074333592
2016-11-29,2735,2574.97526544344,160.024734556558
2016-11-30,2702,2578.6743007664,123.325699233596
2016-12-01,2761,2582.32719974372,178.672800256285
2016-12-02,2660,2585.93318146175,74.0668185382532
2016-12-05,2770,2589.49153886307,180.508461136933
2016-12-06,2816.5,2593.00159550639,223.498404493606
2016-12-07,2745.5,2596.46274956543,149.037250434567
2016-12-08,2692.5,2599.87449159905,92.6255084009522
2016-12-09,2705.5,2603.23637377219,102.263626227814
2016-12-12,2745,2606.54798653752,138.452013462481
2016-12-13,2717,2609.80896261935,107.191037380647
2016-12-14,2818.5,2613.01899197246,205.481008027545
2016-12-15,2800,2616.17780886009,183.822191139908
2016-12-16,2733.5,2619.28523248305,114.214767516948
2016-12-19,2609,2622.34115802691,-13.3411580269074
2016-12-20,2641,2625.34552788889,15.654472111108
2016-12-21,2619.5,2628.29827895171,-8.79827895171141
2016-12-22,2550,2631.19935456894,-81.1993545689366
2016-12-23,2577,2634.04869445724,-57.0486944572417
2016-12-28,2581,2636.8462047688,-55.8462047687977
2016-12-29,2523.5,2639.5917680741,-116.091768074096
2016-12-30,2568,2642.28524385906,-74.2852438590596
2017-01-03,2546.5,2644.92644362199,-98.4264436219909
2017-01-04,2630.5,2647.51514815463,-17.0151481546333
2017-01-05,2607,2650.05109756321,-43.0510975632074
2017-01-06,2625,2652.53402492053,-27.5340249205278
2017-01-09,2676.5,2654.96364550381,21.536354496192
2017-01-10,2712.5,2657.33966320881,55.1603367911878
2017-01-11,2690,2659.66179083359,30.3382091664103
2017-01-12,2750,2661.9297639772,88.0702360227955
2017-01-13,2791,2664.14333077953,126.856669220472
2017-01-16,2747.5,2666.30227578486,81.197724215135
2017-01-17,2715,2668.40643597503,46.5935640249718
2017-01-18,2776.5,2670.45568189578,106.04431810422
2017-01-19,2756,2672.44990335267,83.5500966473275
2017-01-20,2752.5,2674.38903398582,78.1109660141792
2017-01-23,2793,2676.2730419716,116.726958028396
2017-01-24,2829.5,2678.10192777425,151.398072225751
2017-01-25,2802,2679.87574010819,122.124259891814
2017-01-26,2765,2681.5945902698,83.4054097301954
2017-01-27,2762,2683.25864003675,78.7413599632543
2017-01-30,2782,2684.86808566309,97.1319143369122
2017-01-31,2867,2686.42315595141,180.576844048586
2017-02-01,2866,2687.9241198547,178.075880145303
2017-02-02,2855,2689.37132096922,165.628679030784
2017-02-03,2785,2690.76517650051,94.2348234994864
2017-02-06,2794,2692.10617211847,101.893827881526
2017-02-07,2799,2693.39483244585,105.605167554151
2017-02-08,2836,2694.63172422422,141.368275775779
2017-02-09,2828.5,2695.81745784811,132.682542151895
2017-02-10,2926,2696.95270214791,229.047297852088
2017-02-13,2914,2698.03818079967,215.961819200335
2017-02-14,2900,2699.07471215843,200.925287841574
2017-02-15,2869.8,2700.06320384912,169.736796150878
2017-02-16,2866,2701.00464655112,164.995353448884
2017-02-17,2811,2701.90010110616,109.099898893836
2017-02-20,2880,2702.75069655846,177.249303441538
2017-02-21,2867,2703.55760704973,163.442392950269
2017-02-22,2858,2704.32207998946,153.67792001054
2017-02-23,2781.5,2705.04543034749,76.4545696525072
2017-02-24,2830,2705.72903661808,124.270963381923
2017-02-27,2811,2706.37430889869,104.62569110131
2017-02-28,2818,2706.98270865544,111.017291344561
2017-03-01,2863,2707.55574060245,155.444259397551
2017-03-02,2786,2708.0949553439,77.9050446561028
2017-03-03,2786,2708.60196773848,77.3980322615229
2017-03-06,2744,2709.07842484758,34.9215751524191
2017-03-07,2695,2709.52600572593,-14.5260057259338
2017-03-08,2694,2709.94640386337,-15.9464038633669
2017-03-09,2682.5,2710.34130674527,-27.8413067452725
2017-03-10,2709.5,2710.71239526541,-1.21239526541235
2017-03-13,2754,2711.06133880912,42.9386611908756
2017-03-14,2749.5,2711.38980626054,38.1101937394623
2017-03-15,2822,2711.69948425291,110.300515747086
2017-03-16,2830,2711.99207517274,118.007924827263
2017-03-17,2892,2712.26932700033,179.73067299967
2017-03-20,2865.5,2712.5330364957,152.966963504297
2017-03-21,2820.5,2712.78507471229,107.714925287713
2017-03-22,2864.5,2713.02737593393,151.472624066075
2017-03-23,2824,2713.26191896948,110.738081030519
2017-03-24,2830,2713.49074524051,116.509254759492
2017-03-27,2771,2713.71594194323,57.2840580567679
2017-03-28,2821.5,2713.93964443412,107.560355565883
2017-03-29,2860.5,2714.16401174855,146.335988251449
2017-03-30,2845.5,2714.39124738305,131.108752616953
2017-03-31,2769,2714.62361532353,54.376384676466
2017-04-03,2706,2714.86343375102,-8.86343375102501
2017-04-04,2755,2715.11304332355,39.8869566764496
2017-04-05,2786,2715.37478103534,70.6252189646559
2017-04-06,2733.5,2715.65100036832,17.8489996316793
2017-04-07,2687,2715.944083998,-28.9440839979999
2017-04-10,2626.5,2716.25642197796,-89.7564219779587
2017-04-11,2575,2716.5903923975,-141.590392397498
2017-04-12,2602,2716.94833624416,-114.948336244159
2017-04-13,2622.5,2717.33253597773,-94.8325359777328
2017-04-18,2523.5,2717.74522654298,-194.245226542983
2017-04-19,2569,2718.18860368476,-149.188603684761
2017-04-20,2634,2718.66478285472,-84.6647828547201
2017-04-21,2586,2719.17581783591,-133.17581783591
2017-04-24,2597.5,2719.72372741442,-122.223727414423
2017-04-25,2603.5,2720.31047532682,-116.810475326821
2017-04-26,2630.5,2720.93797478723,-90.4379747872331
2017-04-27,2620,2721.60809072511,-101.608090725114
2017-04-28,2626,2722.32265068639,-96.3226506863851
2017-05-02,2650.5,2723.08344021639,-72.583440216386
2017-05-03,2573,2723.89220504449,-150.892205044485
2017-05-04,2573.5,2724.75066089694,-151.250660896945
2017-05-05,2593,2725.66046112731,-132.66046112731
2017-05-08,2591,2726.62319656822,-135.62319656822
2017-05-09,2612.5,2727.64040321575,-115.140403215752
2017-05-10,2601,2728.71356100485,-127.713561004851
2017-05-11,2586.5,2729.84410227589,-143.344102275888
2017-05-12,2551,2731.03340657781,-180.033406577807
2017-05-15,2572.5,2732.28279420686,-159.782794206861
2017-05-16,2556,2733.59351104052,-177.593511040521
2017-05-17,2560.9,2734.96673690873,-174.066736908734
2017-05-18,2540,2736.40357823111,-196.403578231113
2017-05-19,2636,2737.90506947533,-101.905069475332
2017-05-22,2647.5,2739.47216392378,-91.9721639237816
2017-05-23,2667.5,2741.1057727351,-73.6057727351037
2017-05-24,2650.5,2742.80676905059,-92.3067690505892
2017-05-25,2634,2744.57599558581,-110.575995585813
2017-05-26,2645,2746.41425690037,-101.414256900371
2017-05-30,2630,2748.32231184627,-118.322311846266
2017-05-31,2600.5,2750.30087735483,-149.800877354833
2017-06-01,2567.5,2752.35062144783,-184.850621447831
2017-06-02,2536,2754.47215022537,-218.472150225367
2017-06-05,2496,2756.66599337764,-260.665993377642
2017-06-06,2463.5,2758.93259028723,-295.432590287231
2017-06-07,2441.5,2761.27227258796,-319.772272587964
2017-06-08,2472,2763.68524979371,-291.685249793712
2017-06-09,2540.5,2766.1715992373,-225.671599237297
2017-06-12,2481,2768.73127768065,-287.731277680645
2017-06-13,2473,2771.36414860197,-298.364148601972
2017-06-14,2483,2774.06995654318,-291.069956543177
2017-06-15,2515,2776.84832271438,-261.848322714385
2017-06-16,2522.5,2779.6987480089,-257.198748008896
2017-06-19,2562.5,2782.62062508253,-220.12062508253
2017-06-20,2557.5,2785.61324027557,-228.113240275573
2017-06-21,2644,2788.67578893925,-144.675788939247
2017-06-22,2691.5,2791.80737213187,-100.307372131867
2017-06-23,2705,2795.00703110878,-90.0070311087829
2017-06-26,2711,2798.27376566216,-87.2737656621615
2017-06-27,2750,2801.60653837889,-51.6065383788886
2017-06-28,2738.5,2805.00427577043,-66.5042757704345
2017-06-29,2747.5,2808.46588301608,-60.9658830160804
2017-06-30,2765,2811.99023780512,-46.9902378051189
2017-07-03,2808,2815.57619262583,-7.57619262582576
2017-07-04,2787,2819.22258054272,-32.222580542722
2017-07-05,2777,2822.92823148854,-45.9282314885383
2017-07-06,2780.5,2826.69196207655,-46.1919620765513
2017-07-07,2790.5,2830.51256993519,-40.0125699351894
2017-07-10,2775,2834.38883359887,-59.3888335988657
2017-07-11,2821.5,2838.31951506247,-16.8195150624658
2017-07-12,2819,2842.30335177189,-23.3033517718952
2017-07-13,2797,2846.33907422052,-49.3390742205248
2017-07-14,2791,2850.42540326918,-59.4254032691841
2017-07-17,2820.5,2854.56103938375,-34.061039383748
2017-07-18,2789.5,2858.74465846618,-69.2446584661844
2017-07-19,2780,2862.97492233888,-82.9749223388765
2017-07-20,2728,2867.25046420129,-139.250464201286
2017-07-21,2754.5,2871.56988295434,-117.06988295434
2017-07-24,2787.5,2875.93171993853,-88.4317199385274
2017-07-25,2845,2880.33446810228,-35.3344681022774
2017-07-26,2800,2884.7765838399,-84.7765838399035
2017-07-27,2795.5,2889.25650893989,-93.7565089398913
2017-07-28,2785.5,2893.77265014749,-108.272650147495
2017-07-31,2802,2898.32337545276,-96.323375452764
2017-08-01,2784.5,2902.90700809024,-118.407008090237
2017-08-02,2806,2907.52183147815,-101.52183147815
2017-08-03,2794,2912.16608009016,-118.166080090158
2017-08-04,2814,2916.83794643486,-102.837946434862
2017-08-07,2873.5,2921.53557417568,-48.0355741756787
2017-08-08,2930.5,2926.25706446703,4.24293553296611
2017-08-09,2940,2931.00049860733,8.99950139267478
2017-08-10,2926,2935.76395964885,-9.7639596488484
2017-08-11,2905,2940.54553436391,-35.5455343639084
2017-08-14,2921,2945.34330548876,-24.3433054887615
2017-08-15,2956,2950.15534106662,5.84465893338237
2017-08-16,3120,2954.97969907809,165.020300921906
2017-08-17,3051,2959.81443991976,91.1855600802384
2017-08-18,3140,2964.65769220098,175.342307799016
2017-08-21,3128,2969.50762222355,158.492377776452
2017-08-22,3121.5,2974.3624687687,147.137531231301
2017-08-23,3107,2979.22053613205,127.779463867948
2017-08-24,3111.5,2984.08018942997,127.419810570031
2017-08-25,3068,2988.9398465977,79.0601534022976
2017-08-29,3112,2993.79797824073,118.202021759269
2017-08-30,3086,2998.65308764482,87.3469123551804
2017-08-31,3159,3003.5037269557,155.496273044301
2017-09-01,3210,3008.3484844248,201.6515155752
2017-09-04,3210,3013.18601257945,196.813987420546
2017-09-05,3100,3018.01504730163,81.9849526983665
2017-09-06,3106.5,3022.83440582829,83.6655941717076
2017-09-07,3134,3027.64293928565,106.357060714348
2017-09-08,3032.5,3032.43953338396,0.0604666160425982
2017-09-11,3088,3037.22311779715,50.7768822028481
2017-09-12,3063,3041.9926222242,21.0073777757996
2017-09-13,3030,3046.74699735318,-16.746997353179
2017-09-14,3005,3051.48520255574,-46.4852025557422
2017-09-15,3033.5,3056.20619028109,-22.7061902810854
2017-09-18,3111,3060.90889376321,50.0911062367878
2017-09-19,3110.5,3065.59223685032,44.9077631496775
2017-09-20,3135.5,3070.25516409628,65.244835903716
2017-09-21,3043,3074.89663861802,-31.8966386180244
2017-09-22,3062,3079.51565050205,-17.5156505020499
2017-09-25,3115,3084.11117665004,30.8888233499551
2017-09-26,3113.5,3088.68218672348,24.8178132765248
2017-09-27,3123,3093.22766315202,29.7723368479759
2017-09-28,3160,3097.74659862402,62.2534013759794
2017-09-29,3165,3102.23799813448,62.7620018655168
2017-10-02,3242,3106.7008924115,135.299107588504
2017-10-03,3283,3111.13433812644,171.865661873563
2017-10-04,3280.5,3115.53744787789,164.962552122114
2017-10-05,3296,3119.90940530676,176.090594693241
2017-10-06,3244.5,3124.24946224291,120.250537757089
2017-10-09,3251.5,3128.55694330488,122.943056695123
2017-10-10,3291,3132.83122281805,158.168777181952
2017-10-11,3221,3137.07172592743,83.9282740725677
2017-10-12,3259,3141.27794315868,117.722056841323
2017-10-13,3247,3145.44939972998,101.550600270017
2017-10-16,3190,3149.58566952114,40.4143304788629
2017-10-17,3073.5,3153.68636838892,-80.1863683889155
2017-10-18,3117,3157.75112889571,-40.7511288957081
2017-10-19,3114.5,3161.77955045802,-47.2795504580183
2017-10-20,3102.5,3165.77121564758,-63.2712156475822
2017-10-23,3148.5,3169.72568749265,-21.2256874926456
2017-10-24,3175,3173.64250286766,1.35749713233899
2017-10-25,3208,3177.52118987316,30.478810126835
2017-10-26,3219,3181.36127717093,37.6387228290714
2017-10-27,3172.5,3185.16230602139,-12.6623060213936
2017-10-30,3208.9,3188.92383324333,19.9761667566674
2017-10-31,3262.5,3192.64541042144,69.8545895785592
2017-11-01,3276.9,3196.32659739776,80.5734026022386
2017-11-02,3246.5,3199.96698288945,46.5330171105545
2017-11-03,3217.5,3203.56618891939,13.933811080608
2017-11-06,3236,3207.12385674539,28.8761432546111
2017-11-07,3163,3210.63963338491,-47.6396333849053
2017-11-08,3187.5,3214.11317779169,-26.6131777916891
2017-11-09,3190,3217.54412922714,-27.5441292271432
2017-11-10,3219,3220.93211595187,-1.93211595186638
2017-11-13,3212.9,3224.2767548408,-11.3767548408036
2017-11-14,3155,3227.57766197024,-72.5776619702413
2017-11-15,3144.5,3230.83444871376,-86.3344487137562
2017-11-16,3133,3234.04669644431,-101.046696444314
2017-11-17,3186.5,3237.21395084759,-50.7139508475896
2017-11-20,3164,3240.33571584071,-76.3357158407116
2017-11-21,3223,3243.41147437761,-20.4114743776106
2017-11-22,3230,3246.44067785816,-16.4406778581638
2017-11-23,3240,3249.42276924493,-9.42276924493113
2017-11-24,3234.5,3252.35718470468,-17.8571847046754
2017-11-27,3186,3255.24335650897,-69.2433565089663
2017-11-28,3160,3258.08070954806,-98.0807095480562
2017-11-29,3156.5,3260.86864008974,-104.368640089739
2017-11-30,3167.5,3263.60650385922,-96.1065038592205
2017-12-01,3246.5,3266.29361343984,-19.7936134398411
2017-12-04,3178,3268.92924168847,-90.9292416884682
2017-12-05,3113.5,3271.51265328007,-158.012653280065
2017-12-06,3090,3274.04307530304,-184.043075303043
2017-12-07,3079.5,3276.51966952979,-197.019669529791
2017-12-08,3087.5,3278.94152165664,-191.441521656637
2017-12-11,3129,3281.30763593993,-152.307635939927
2017-12-12,3152.5,3283.61693750184,-131.116937501841
2017-12-13,3157.5,3285.86828850663,-128.368288506632
2017-12-14,3186,3288.0604969201,-102.060496920101
2017-12-15,3208.5,3290.19231764575,-81.6923176457509
2017-12-18,3195.5,3292.26246339946,-96.7624633994612
2017-12-19,3205.5,3294.26961312867,-88.7696131286718
2017-12-20,3217.5,3296.21240578309,-78.7124057830864
2017-12-21,3243,3298.08944361881,-55.0894436188113
2017-12-22,3275,3299.89929635532,-24.8992963553183
2017-12-27,3267,3301.64051094026,-34.6405109402644
2017-12-28,3298.5,3303.31162402897,-4.81162402896924
2017-12-29,3316,3304.91115795774,11.0888420422622
2018-01-02,3347,3306.43763307386,40.5623669261354
2018-01-03,3330,3307.88957430853,22.1104256914726
2018-01-04,3355.5,3309.26552335965,46.2344766403495
2018-01-05,3352,3310.56403106475,41.4359689352521
2018-01-08,3384.5,3311.78366737262,72.7163326273768
2018-01-09,3335,3312.92301936037,22.076980639631
2018-01-10,3350.5,3313.98070416291,36.5192958370923
2018-01-11,3380.5,3314.95534804079,65.5446519592076
2018-01-12,3397.5,3315.84559235042,81.654407649583
2018-01-15,3433,3316.65010554153,116.349894458473
2018-01-16,3404.5,3317.36758981671,87.1324101832906
2018-01-17,3367.6,3317.99679547263,49.6032045273719
2018-01-18,3375,3318.53650882323,56.4634911767691
2018-01-19,3407,3318.98553668628,88.0144633137205
2018-01-22,3416.5,3319.34270921926,97.1572907807433
2018-01-23,3410,3319.60689296146,90.3931070385447
2018-01-24,3439.5,3319.77699461294,119.723005387062
2018-01-25,3460,3319.85195823871,140.148041761291
2018-01-26,3485,3319.83077739244,165.169222607562
2018-01-29,3549,3319.71250355933,229.287496440674
2018-01-30,3513.5,3319.49625649888,194.003743501125
2018-01-31,3528.5,3319.18125074894,209.318749251057
2018-02-01,3562,3318.76678104069,243.233218959311
2018-02-02,3512.5,3318.25222862932,194.247771370683
2018-02-05,3520,3317.63707531266,202.362924687337
2018-02-06,3470.5,3316.92088318282,153.579116817178
2018-02-07,3383.5,3316.10329798075,67.3967020192526
2018-02-08,3422,3315.18402893044,106.815971069556
2018-02-09,3384.9,3314.16281311538,70.7371868846192
2018-02-12,3395,3313.03943177233,81.9605682276727
2018-02-13,3469,3311.81369537798,157.186304622017
2018-02-14,3566.5,3310.4854482881,256.014551711903
2018-02-15,3582,3309.05459983318,272.945400166815
2018-02-16,3566,3307.52116516958,258.478834830417
2018-02-19,3567.5,3305.88527227864,261.614727721364
2018-02-20,3551,3304.1471559862,246.852844013802
2018-02-21,3535.5,3302.30715925904,233.192840740959
2018-02-22,3530,3300.36572710322,229.634272896781
2018-02-23,3509.5,3298.32340091728,211.176599082718
2018-02-26,3530.5,3296.18081702118,234.31918297882
2018-02-27,3489,3293.93869902695,195.061300973045
2018-02-28,3454,3291.59786740475,162.402132595255
2018-03-01,3403.5,3289.15922325509,114.340776744914
2018-03-02,3364.5,3286.62373480927,77.8762651907288
2018-03-05,3308,3283.99241756213,24.0075824378733
2018-03-06,3307,3281.26631919964,25.7336808003556
2018-03-07,3273.5,3278.44649733148,-4.94649733148123
2018-03-08,3227,3275.53402020473,-48.5340202047297
2018-03-09,3276.9,3272.52995402157,4.37004597842812
2018-03-12,3241.5,3269.43534492235,-27.9353449223542
2018-03-13,3295.5,3266.25124085375,29.2487591462544
2018-03-14,3212.5,3262.97867821504,-50.4786782150415
2018-03-15,3233.5,3259.61870549575,-26.1187054957475
2018-03-16,3257,3256.17235031968,0.827649680321763
2018-03-19,3260.9,3252.64062951409,8.2593704859061
2018-03-20,3207,3249.0245602484,-42.0245602484032
2018-03-21,3259,3245.325163106,13.6748368939982
2018-03-22,3210.5,3241.54344129919,-31.0434412991883
2018-03-23,3223.5,3237.68040369295,-14.1804036929512
2018-03-26,3270.5,3233.73704632003,36.762953679972
2018-03-27,3283,3229.71435935157,53.2856406484321
2018-03-28,3280,3225.613348155,54.3866518450026
2018-03-29,3270.5,3221.43504012393,49.0649598760699
2018-04-03,3277,3217.18048513322,59.8195148667834
2018-04-04,3252,3212.85075333933,39.1492466606666
2018-04-05,3241,3208.44693962547,32.5530603745312
2018-04-06,3241.5,3203.97015505776,37.5298449422354
2018-04-09,3213,3199.42152415838,13.5784758416175
2018-04-10,3241.5,3194.8021869628,46.6978130372041
2018-04-11,3228,3190.11328911943,37.8867108805684
2018-04-12,3091,3185.35599557968,-94.3559955796825
2018-04-13,3117,3180.5314869556,-63.5314869556016
2018-04-16,3134.5,3175.64090485632,-41.1409048563156
2018-04-17,3173,3170.68536462963,2.31463537036749
2018-04-18,3263,3165.66596461748,97.3340353825207
2018-04-19,3216,3160.58380411838,55.4161958816215
2018-04-20,3240.5,3155.4400226649,85.0599773351021
2018-04-23,3231.5,3150.23578269649,81.264217303512
2018-04-24,3215.5,3144.97228181297,70.5277181870287
2018-04-25,3137,3139.65075120542,-2.65075120542244
2018-04-26,3135,3134.27245121832,0.727548781679666
2018-04-27,3140,3128.83864110045,11.1613588995549
2018-04-30,3120,3123.3505804012,-3.35058040119947
2018-05-01,3070.5,3117.80953328381,-47.3095332838061
2018-05-02,3053,3112.21676252631,-59.2167625263071
2018-05-03,3009.5,3106.57351135106,-97.0735113510631
2018-05-04,3067,3100.88099850253,-33.88099850253
2018-05-08,3075,3095.14040259883,-20.1404025988343
2018-05-09,3090.5,3089.35288825316,1.14711174683571
2018-05-10,3082,3083.51961175335,-1.51961175335193
2018-05-11,3093,3077.64172986157,15.3582701384323
2018-05-14,3055,3071.72039871169,-16.7203987116893
2018-05-15,3060,3065.75678078616,-5.75678078615747
2018-05-16,3079,3059.75203165584,19.2479683441642
2018-05-17,3093,3053.707304512,39.2926954879984
2018-05-18,3097,3047.62376050217,49.3762394978277
2018-05-21,3098,3041.50257701596,56.4974229840418
2018-05-22,3040.5,3035.34495185316,5.15504814684471
2018-05-23,3028,3029.15210616724,-1.15210616724415
2018-05-24,3037,3022.92526324274,14.0747367572611
2018-05-25,3051.1,3016.66564588776,34.4343541122405
2018-05-29,3078.5,3010.37448272841,68.1255172715886
2018-05-30,3145.5,3004.05301662457,141.446983375426
2018-05-31,3100,2997.70251859653,102.29748140347
2018-06-01,3088.5,2991.32431813298,97.1756818670228
2018-06-04,3119,2984.91978700827,134.080212991729
2018-06-05,3193.5,2978.49033716536,215.009662834635
2018-06-06,3184,2972.03743597054,211.96256402946
2018-06-07,3162.5,2965.56263966643,196.937360333574
2018-06-08,3202,2959.06759211245,242.932407887553
2018-06-11,3205.5,2952.55401857404,252.945981425957
2018-06-12,3199,2946.02374473513,252.976255264871
2018-06-13,3212,2939.47870083727,272.521299162727
2018-06-14,3180,2932.92092169233,247.079078307675
2018-06-15,3078,2926.35255476142,151.647445238576
2018-06-18,3071.5,2919.77584963829,151.724150361707
2018-06-19,3003,2913.19311860162,89.8068813983823
2018-06-20,3001,2906.60673664673,94.3932633532748
2018-06-21,2935,2900.01911589151,34.9808841084897
2018-06-22,2933.5,2893.43270747224,40.0672925277564
2018-06-25,2843,2886.84997698488,-43.8499769848807
2018-06-26,2840,2880.27340658758,-40.2734065875793
2018-06-27,2881.5,2873.70546031271,7.79453968728876
2018-06-28,2903,2867.14858554523,35.851414454774
2018-06-29,2857,2860.60523289201,-3.60523289200692
2018-07-02,2827.5,2854.07786777948,-26.5778677794821
2018-07-03,2780,2847.5689541438,-67.5689541437962
2018-07-04,2710,2841.08094493494,-131.080944934937
2018-07-05,2695,2834.61626517255,-139.61626517255
2018-07-06,2753,2828.1772856927,-75.1772856926984
2018-07-09,2688,2821.7663196197,-133.766319619704
2018-07-10,2628,2815.38564900259,-187.385649002592
2018-07-11,2564,2809.03750059681,-245.037500596813
2018-07-12,2580.9,2802.7240237001,-221.824023700095
2018-07-13,2577.9,2796.4472663215,-218.547266321498
2018-07-16,2476,2790.20918477704,-314.209184777037
2018-07-17,2508,2784.01164504399,-276.011645043995
2018-07-18,2600,2777.85638321819,-177.856383218194
2018-07-19,2565,2771.74502130347,-206.745021303472
2018-07-20,2578,2765.67910778484,-187.679107784842
2018-07-23,2555.1,2759.66010568733,-204.560105687334
2018-07-24,2595,2753.68940045695,-158.689400456949
2018-07-25,2584,2747.76829298273,-163.768292982733
2018-07-26,2589.5,2741.89801855795,-152.398018557947
2018-07-27,2586.5,2736.07974478068,-149.579744780681
2018-07-30,2550,2730.3145762537,-180.314576253699
2018-07-31,2636,2724.60355574956,-88.6035557495605
2018-08-01,2540,2718.94765150609,-178.947651506093
2018-08-02,2566,2713.34779513593,-147.347795135932
2018-08-03,2609,2707.80484428183,-98.8048442818322
2018-08-06,2565,2702.31959567907,-137.319595679068
2018-08-07,2602,2696.89280522084,-94.8928052208442
2018-08-08,2613.5,2691.52517203805,-78.0251720380494
2018-08-09,2598,2686.21735603672,-88.2173560367237
2018-08-10,2538,2680.96998487029,-142.969984870288
2018-08-13,2467,2675.78364972687,-208.783649726874
2018-08-14,2450,2670.65888269641,-220.658882696406
2018-08-15,2300,2665.59612956606,-365.59612956606
2018-08-16,2378,2660.59574491158,-282.595744911576
2018-08-17,2388.5,2655.65793218591,-267.157932185905
2018-08-20,2376,2650.78277802829,-274.782778028287
2018-08-21,2431,2645.97025864564,-214.970258645638
2018-08-22,2462.5,2641.22023666061,-178.720236660608
2018-08-23,2465,2636.53248583592,-171.532485835919
2018-08-24,2531.5,2631.90670605852,-100.406706058524
2018-08-28,2521,2627.3425263107,-106.342526310702
2018-08-29,2515,2622.83953407068,-107.839534070685
2018-08-30,2464,2618.39727285888,-154.397272858882
2018-08-31,2473,2614.0152416193,-141.015241619298
2018-09-03,2471.5,2609.6928754742,-138.192875474196
2018-09-04,2404,2605.42955125593,-201.42955125593
2018-09-05,2417,2601.22458867336,-184.224588673361
2018-09-06,2438,2597.07722417254,-159.077224172539
2018-09-07,2403.5,2592.98661804847,-189.486618048475
2018-09-10,2363,2588.95186484005,-225.951864840049
2018-09-11,2321,2584.97198075998,-263.971980759982
2018-09-12,2390,2581.04588862159,-191.045888621585
2018-09-13,2351.5,2577.17240212276,-225.672402122759
2018-09-14,2312.5,2573.35025599072,-260.850255990718
2018-09-17,2333,2569.57809166879,-236.578091668792
2018-09-18,2375,2565.85444277528,-190.854442775277
2018-09-19,2428.5,2562.17774513667,-133.677745136665
2018-09-20,2468,2558.54635568788,-90.5463556878768
2018-09-21,2506.5,2554.95857610673,-48.4585761067344
2018-09-24,2519,2551.41267064295,-32.4126706429513
2018-09-25,2516,2547.90688351534,-31.9068835153373
2018-09-26,2545,2544.4394455446,0.560554455394868
2018-09-27,2516,2541.00857436251,-25.0085743625063
2018-09-28,2598.5,2537.61248783251,60.8875121674916
2018-10-01,2646.5,2534.24939348046,112.250606519542
2018-10-02,2657,2530.91752400073,126.082475999267
2018-10-03,2632,2527.61515848757,104.384841512426
2018-10-04,2612,2524.34062815262,87.6593718473832
2018-10-05,2621,2521.09230735604,99.9076926439564
2018-10-08,2623,2517.86860669283,105.131393307166
2018-10-09,2685,2514.66797805582,170.332021944185
2018-10-10,2617,2511.48891679493,105.511083205073
2018-10-11,2617,2508.3299886685,108.670011331501
2018-10-12,2638.5,2505.18980304892,133.31019695108
2018-10-15,2594.5,2502.06701422835,92.4329857716529
2018-10-16,2599.5,2498.96033160408,100.539668395916
2018-10-17,2666,2495.86850278145,170.131497218547
2018-10-18,2665,2492.79031692483,172.209683075167
2018-10-19,2623,2489.72463352415,133.275366475848
2018-10-22,2656,2486.67038325388,169.329616746117
2018-10-23,2666,2483.62655187918,182.373448120823
2018-10-24,2665.5,2480.59219515924,184.90780484076
2018-10-25,2650,2477.56644423912,172.433555760879
2018-10-26,2654,2474.54850669732,179.451493302676
2018-10-29,2605.5,2471.53766138945,133.962338610547
2018-10-30,2541.5,2468.53326134914,72.9667386508614
2018-10-31,2487.5,2465.53471498467,21.9652850153279
2018-11-01,2545,2462.54146086585,82.4585391341541
2018-11-02,2552.4,2459.55294664203,92.8470533579734
2018-11-05,2527,2456.56865404761,70.4313459523853
2018-11-06,2484,2453.58810319626,30.4118968037439
2018-11-07,2464,2450.61084331508,13.3891566849202
2018-11-08,2501,2447.63643620227,53.363563797733
2018-11-09,2500,2444.66444919055,55.3355508094522
2018-11-12,2492,2441.694471671,50.305528329004
2018-11-13,2498,2438.72611590818,59.2738840918223
2018-11-14,2507,2435.75901496094,71.240985039056
2018-11-15,2568,2432.79282638958,135.207173610416
2018-11-16,2617,2429.82723720255,187.172762797454
2018-11-19,2606,2426.86199029749,179.138009702515
2018-11-20,2542,2423.89690594175,118.103094058246
2018-11-21,2558.5,2420.93187845115,137.568121548847
