"NI0Date","NI0Close","NI0_hpft","NI0_hpfc"
2015-03-30,98430,104211.837792739,-5781.83779273924
2015-03-31,95040,104010.466883263,-8970.46688326331
2015-04-01,92500,103809.093583808,-11309.0935838081
2015-04-02,96160,103607.711796364,-7447.71179636417
2015-04-03,97300,103406.310748198,-6106.31074819755
2015-04-07,96420,103204.876587989,-6784.87658798937
2015-04-08,93950,103003.392940318,-9053.39294031769
2015-04-09,94300,102801.840625166,-8501.84062516551
2015-04-10,94540,102600.196720207,-8060.19672020698
2015-04-13,95230,102398.434788795,-7168.43478879486
2015-04-14,93100,102196.525062526,-9096.52506252577
2015-04-15,94730,101994.434809851,-7264.43480985091
2015-04-16,95400,101792.127539085,-6392.12753908473
2015-04-17,95850,101589.563755715,-5739.56375571489
2015-04-20,95410,101386.701322982,-5976.70132298165
2015-04-21,95880,101183.495731619,-5303.49573161923
2015-04-22,96330,100979.900001836,-4649.900001836
2015-04-23,95860,100775.864961588,-4915.8649615875
2015-04-24,97830,100571.339516747,-2741.33951674668
2015-04-27,101490,100366.270541165,1123.72945883467
2015-04-28,102650,100160.603775538,2489.39622446241
2015-04-29,101020,99954.2854250614,1065.71457493855
2015-04-30,106010,99747.2627239498,6262.73727605021
2015-05-04,107580,99539.4833469409,8040.51665305914
2015-05-05,107960,99330.8975575365,8629.10244246352
2015-05-06,113380,99121.4589428642,14258.5410571358
2015-05-07,112500,98911.1246569739,13588.8753430261
2015-05-08,112300,98699.8577478259,13600.1422521742
2015-05-11,113880,98487.6268804739,15392.3731195261
2015-05-12,111600,98274.4063417221,13325.5936582779
2015-05-13,111750,98060.176780965,13689.823219035
2015-05-14,109400,97844.924355862,11555.075644138
2015-05-15,110210,97628.640882894,12581.359117106
2015-05-18,108610,97411.3229549455,11198.6770450545
2015-05-19,106430,97192.9723655264,9237.02763447359
2015-05-20,102340,96973.5955372335,5366.4044627665
2015-05-21,101070,96753.2027108774,4316.79728912262
2015-05-22,100070,96531.8063455246,3538.19365447536
2015-05-25,99480,96309.4206846332,3170.57931536683
2015-05-26,100010,96086.0614342053,3923.93856579467
2015-05-27,100670,95861.7456108364,4808.25438916361
2015-05-28,99470,95636.491853117,3833.50814688301
2015-05-29,97600,95410.3207871803,2189.67921281967
2015-06-01,96810,95183.2546237745,1626.74537622548
2015-06-02,100280,94955.3164787744,5324.68352122559
2015-06-03,99060,94726.530140488,4333.46985951195
2015-06-04,98530,94496.9215982306,4033.0784017694
2015-06-05,98390,94266.5186325987,4123.48136740128
2015-06-08,100570,94035.3506913051,6534.64930869488
2015-06-09,100910,93803.4489265418,7106.55107345823
2015-06-10,101330,93570.8471916614,7759.15280833861
2015-06-11,101500,93337.5822775801,8162.41772241991
2015-06-12,98070,93103.6941825369,4966.30581746313
2015-06-15,97580,92869.2262787818,4710.77372121817
2015-06-16,95700,92634.2239914405,3065.77600855948
2015-06-17,95280,92398.7346928811,2881.26530711886
2015-06-18,96300,92162.8070227406,4137.19297725942
2015-06-19,94610,91926.4908116542,2683.5091883458
2015-06-23,95050,91689.837600408,3360.16239959195
2015-06-24,96390,91452.9000390419,4937.09996095814
2015-06-25,94850,91215.732166552,3634.26783344798
2015-06-26,93850,90978.3900627331,2871.60993726686
2015-06-29,90360,90740.9313096401,-380.931309640086
2015-06-30,87330,90503.4146763332,-3173.41467633317
2015-07-01,88360,90265.8987744164,-1905.8987744164
2015-07-02,89450,90028.4409037289,-578.440903728939
2015-07-03,89240,89791.097576288,-551.097576288048
2015-07-06,85530,89553.9250650068,-4023.92506500685
2015-07-07,84220,89316.9794149977,-5096.97941499768
2015-07-08,81630,89080.3150080425,-7450.31500804249
2015-07-09,83600,88843.9841190383,-5243.98411903832
2015-07-10,84570,88608.0359432202,-4038.03594322022
2015-07-13,82250,88372.5175081719,-6122.51750817188
2015-07-14,84500,88137.4741723152,-3637.47417231519
2015-07-15,86970,87902.9487632708,-932.948763270794
2015-07-16,85430,87668.9826050716,-2238.98260507156
2015-07-17,85600,87435.616636107,-1835.61663610697
2015-07-20,85320,87202.8908692632,-1882.89086926315
2015-07-21,87870,86970.8445586551,899.155441344861
2015-07-22,85220,86739.5161800863,-1519.5161800863
2015-07-23,84410,86508.9445810353,-2098.94458103527
2015-07-24,83360,86279.1679808733,-2919.1679808733
2015-07-27,82650,86050.2237313525,-3400.22373135248
2015-07-28,82740,85822.1479775581,-3082.14797755813
2015-07-29,84330,85594.9754590603,-1264.97545906035
2015-07-30,82620,85368.7396413912,-2748.73964139124
2015-07-31,81780,85143.4734671979,-3363.47346719785
2015-08-03,80340,84919.2087429001,-4579.20874290013
2015-08-04,81100,84695.9758846011,-3595.97588460105
2015-08-05,81190,84473.8034155381,-3283.8034155381
2015-08-06,80780,84252.7183725214,-3472.71837252136
2015-08-07,80700,84032.7464349669,-3332.74643496693
2015-08-10,82200,83813.9118468061,-1613.91184680606
2015-08-11,82370,83596.2374743518,-1226.23747435181
2015-08-12,82690,83379.745516786,-689.745516786016
2015-08-13,82690,83164.4576664151,-474.457666415131
2015-08-14,82300,82950.3953304338,-650.395330433764
2015-08-17,82880,82737.5797199107,142.420280089326
2015-08-18,81130,82526.0317770742,-1396.03177707418
2015-08-19,81860,82315.7725030182,-455.772503018255
2015-08-20,80650,82106.8223217773,-1456.82232177734
2015-08-21,80370,81899.2014689812,-1529.20146898117
2015-08-24,76800,81692.9295780744,-4892.92957807435
2015-08-25,73600,81488.0256503871,-7888.02565038711
2015-08-26,74360,81284.5066647111,-6924.50666471113
2015-08-27,76160,81082.3863392474,-4922.38633924742
2015-08-28,78610,80881.67552988,-2271.67552987995
2015-08-31,76810,80682.3830577785,-3872.38305777846
2015-09-01,75810,80484.5168050947,-4674.51680509471
2015-09-02,76510,80288.083053289,-3778.083053289
2015-09-07,77000,80093.0861515695,-3093.08615156946
2015-09-08,76190,79899.5288874345,-3709.52888743448
2015-09-09,77790,79707.4127698236,-1917.41276982364
2015-09-10,78710,79516.7377743066,-806.737774306612
2015-09-11,79410,79327.5030838718,82.4969161282326
2015-09-14,78260,79139.7075480367,-879.707548036666
2015-09-15,76960,78953.3500504196,-1993.35005041962
2015-09-16,78950,78768.429111,181.570889000028
2015-09-17,78590,78584.9424257862,5.05757421384203
2015-09-18,77890,78402.8877658456,-512.887765845556
2015-09-21,78110,78222.2629043334,-112.262904333355
2015-09-22,77090,78043.0654023978,-953.065402397775
2015-09-23,76740,77865.292774781,-1125.29277478103
2015-09-24,76760,77688.9421422717,-928.942142271697
2015-09-25,77100,77514.0101605004,-414.010160500416
2015-09-28,77410,77340.4931011118,69.5068988882156
2015-09-29,75540,77168.3870646177,-1628.38706461773
2015-09-30,77100,76997.6881802593,102.311819740751
2015-10-08,77450,76828.3919041693,621.608095830737
2015-10-09,79450,76660.4937347733,2789.50626522671
2015-10-12,80310,76493.9894274442,3816.01057255583
2015-10-13,79620,76328.8758906217,3291.12410937831
2015-10-14,79270,76165.1516101351,3104.84838986488
2015-10-15,80340,76002.8164322282,4337.1835677718
2015-10-16,80390,75841.8714865668,4548.1285134332
2015-10-19,79150,75682.3196956317,3467.68030436826
2015-10-20,78320,75524.165861919,2795.83413808103
2015-10-21,78130,75367.4162213232,2762.58377867676
2015-10-22,78660,75212.0781654236,3447.92183457643
2015-10-23,79980,75058.1602277445,4921.83977225552
2015-10-26,78590,74905.672367039,3684.32763296102
2015-10-27,79090,74754.6265765542,4335.37342344584
2015-10-28,79160,74605.0363724834,4554.96362751655
2015-10-29,79130,74456.9170630971,4673.08293690287
2015-10-30,77150,74310.2858394952,2839.71416050481
2015-11-02,76590,74165.1618244519,2424.83817554806
2015-11-03,76330,74021.5653145594,2308.43468544055
2015-11-04,76510,73879.5176087417,2630.48239125827
2015-11-05,74820,73739.0409601374,1080.95903986258
2015-11-06,74990,73600.1587092208,1389.84129077919
2015-11-09,73990,73462.8946432887,527.105356711326
2015-11-10,73890,73327.2731241447,562.726875855267
2015-11-11,72930,73193.3187314799,-263.318731479865
2015-11-12,73290,73061.0562775865,228.943722413467
2015-11-13,72930,72930.5104659156,-0.510465915579061
2015-11-16,73180,72801.706094554,378.293905446017
2015-11-17,71240,72674.6679613771,-1434.66796137714
2015-11-18,70950,72549.4210206339,-1599.42102063389
2015-11-19,69770,72425.9896335344,-2655.98963353443
2015-11-20,68740,72304.3975001564,-3564.39750015642
2015-11-23,64980,72184.6672227006,-7204.66722270066
2015-11-24,64970,72066.819929988,-7096.81992998798
2015-11-25,68250,71950.8737727128,-3700.87377271279
2015-11-26,70800,71836.843968036,-1036.84396803598
2015-11-27,69370,71724.7442033283,-2354.74420332828
2015-11-30,69100,71614.5877373652,-2514.58773736522
2015-12-01,68970,71506.3868555618,-2536.38685556179
2015-12-02,70150,71400.1528039156,-1250.15280391557
2015-12-03,68150,71295.895779976,-3145.89577997602
2015-12-04,68880,71193.6254645303,-2313.62546453034
2015-12-07,70590,71093.3502379825,-503.350237982499
2015-12-08,68170,70995.0775243692,-2825.07752436918
2015-12-09,68170,70898.8145396707,-2728.81453967073
2015-12-10,67490,70804.5673320896,-3314.56733208962
2015-12-11,69030,70712.3408218451,-1682.34082184513
2015-12-14,68750,70622.1385590488,-1872.13855904884
2015-12-15,69670,70533.9633984063,-863.963398406315
2015-12-16,70250,70447.8174207457,-197.81742074573
2015-12-17,69820,70363.7023497745,-543.702349774543
2015-12-18,70500,70281.6198274287,218.380172571301
2015-12-21,71130,70201.5712708991,928.428729100852
2015-12-22,70840,70123.5581876461,716.441812353918
2015-12-23,70220,70047.5824689108,172.417531089218
2015-12-24,69400,69973.646302072,-573.646302071973
2015-12-25,69130,69901.751945787,-771.751945787008
2015-12-28,68050,69831.9014215863,-1781.90142158631
2015-12-29,69310,69764.0964319943,-454.096431994282
2015-12-30,70070,69698.337942963,371.662057037037
2015-12-31,70630,69634.6267327437,995.373267256309
2016-01-04,68930,69572.9637332164,-642.963733216396
2016-01-05,69510,69513.3502877049,-3.35028770488748
2016-01-06,68820,69455.787473762,-635.787473761968
2016-01-07,67480,69400.276367554,-1920.27636755399
2016-01-08,67920,69346.8177824394,-1426.81778243942
2016-01-11,67000,69295.4117380115,-2295.41173801153
2016-01-12,65950,69246.0576640744,-3296.0576640744
2016-01-13,66220,69198.7540416024,-2978.75404160242
2016-01-14,67360,69153.4979891087,-1793.49798910865
2016-01-15,68190,69110.2853938099,-920.2853938099
2016-01-18,69320,69069.1114015648,250.888598435199
2016-01-19,70130,69029.9707778234,1100.02922217661
2016-01-20,69470,68992.8583917405,477.141608259456
2016-01-21,69250,68957.7695671798,292.230432820173
2016-01-22,70160,68924.6998252371,1235.30017476293
2016-01-25,69360,68893.6448078039,466.355192196067
2016-01-26,69130,68864.6006673937,265.399332606336
2016-01-27,70520,68837.5637493039,1682.43625069615
2016-01-28,69730,68812.5305085178,917.469491482254
2016-01-29,69590,68789.4980954794,800.50190452063
2016-02-01,68950,68768.4640398794,181.53596012063
2016-02-02,69010,68749.4262023057,260.57379769434
2016-02-03,68880,68732.3825183767,147.617481623305
2016-02-04,69340,68717.331031432,622.66896856803
2016-02-05,68740,68704.2698458223,35.7301541776593
2016-02-15,66320,68693.1973232887,-2373.19732328871
2016-02-16,66660,68684.1118403434,-2024.11184034343
2016-02-17,66400,68677.0107925125,-2277.01079251251
2016-02-18,66680,68671.8907386361,-1991.89073863614
2016-02-19,67120,68668.7472963252,-1548.74729632517
2016-02-22,68730,68667.5752598263,62.4247401736596
2016-02-23,68700,68668.3687831989,31.6312168010825
2016-02-24,68550,68671.1220463015,-121.122046301548
2016-02-25,67810,68675.829242072,-865.829242071948
2016-02-26,67290,68682.4845133759,-1392.48451337587
2016-02-29,67020,68691.081645186,-1671.08164518604
2016-03-01,67800,68701.613846873,-901.613846872971
2016-03-02,68950,68714.0736370534,235.926362946628
2016-03-03,69400,68728.4531616522,671.5468383478
2016-03-04,71350,68744.7446641169,2605.25533588308
2016-03-07,73310,68762.9406654789,4547.05933452113
2016-03-08,71670,68783.034763686,2886.965236314
2016-03-09,69280,68805.022436257,474.977563742982
2016-03-10,68930,68828.900354061,101.099645939007
2016-03-11,69450,68854.6653843053,595.33461569473
2016-03-14,69310,68882.3144359897,427.685564010284
2016-03-15,68330,68911.8446642003,-581.844664200284
2016-03-16,68100,68943.2534008115,-843.253400811554
2016-03-17,68540,68976.5377371875,-436.537737187493
2016-03-18,69860,69011.6944161216,848.30558387836
2016-03-21,68090,69048.7199999638,-958.719999963844
2016-03-22,68450,69087.6114017174,-637.611401717427
2016-03-23,68260,69128.365138091,-868.365138090996
2016-03-24,68130,69170.977462229,-1040.977462229
2016-03-25,68470,69215.4442683293,-745.444268329342
2016-03-28,68120,69261.7610202953,-1141.76102029526
2016-03-29,68290,69309.9228738834,-1019.92287388343
2016-03-30,66740,69359.9245129032,-2619.9245129032
2016-03-31,66250,69411.760199562,-3161.76019956202
2016-04-01,66340,69465.4231130959,-3125.42311309587
2016-04-06,66710,69520.9051257999,-2810.90512579991
2016-04-07,67050,69578.1968180461,-2528.19681804608
2016-04-08,67430,69637.2876082878,-2207.2876082878
2016-04-11,68230,69698.1658699235,-1468.1658699235
2016-04-12,69000,69760.8190639477,-760.819063947741
2016-04-13,70260,69825.2340444752,434.76595552477
2016-04-14,70710,69891.3973511304,818.602648869592
2016-04-15,70240,69959.2957032498,280.704296750218
2016-04-18,70840,70028.9161585484,811.083841451588
2016-04-19,71010,70100.2458907725,909.754109227458
2016-04-20,71880,70173.2724089386,1706.72759106144
2016-04-21,73850,70247.9835981166,3602.01640188343
2016-04-22,71810,70324.3680488729,1485.63195112708
2016-04-25,72050,70402.415840702,1647.58415929802
2016-04-26,71350,70482.1176671963,867.88233280374
2016-04-27,71910,70563.4649029953,1346.53509700475
2016-04-28,72170,70646.4492814834,1523.55071851658
2016-04-29,73340,70731.0630926525,2608.93690734748
2016-05-03,75940,70817.2992562654,5122.70074373457
2016-05-04,74360,70905.1517705156,3454.84822948437
2016-05-05,73420,70994.6167511185,2425.38324888153
2016-05-06,70700,71085.6917418818,-385.691741881772
2016-05-09,69030,71178.3752891682,-2148.37528916823
2016-05-10,69210,71272.6657799143,-2062.66577991433
2016-05-11,69400,71368.5607130004,-1968.56071300041
2016-05-12,70130,71466.0567346855,-1336.05673468549
2016-05-13,68250,71565.1496775044,-3315.14967750437
2016-05-16,68850,71665.8348217234,-2815.83482172342
2016-05-17,69410,71768.1060772547,-2358.10607725471
2016-05-18,68600,71871.9561900601,-3271.95619006013
2016-05-19,68430,71977.3769313537,-3547.37693135368
2016-05-20,68520,72084.3587198562,-3564.35871985616
2016-05-23,67180,72192.89050794,-5012.89050793995
2016-05-24,67020,72302.9597746227,-5282.9597746227
2016-05-25,66820,72414.5519267904,-5594.55192679036
2016-05-26,67230,72527.6501875671,-5297.65018756707
2016-05-27,67390,72642.2354675126,-5252.23546751261
2016-05-30,67360,72758.2864873529,-5398.2864873529
2016-05-31,68090,72875.7797967498,-4785.77979674984
2016-06-01,67150,72994.6897139284,-5844.68971392845
2016-06-02,67430,73114.9885788713,-5684.9885788713
2016-06-03,67550,73236.6463155969,-5686.64631559689
2016-06-06,68990,73359.630498179,-4369.63049817899
2016-06-07,68780,73483.9063500596,-4703.90635005956
2016-06-08,68890,73609.4372884496,-4719.43728844963
2016-06-13,70300,73736.1847861585,-3436.18478615851
2016-06-14,70420,73864.1083651672,-3444.10836516714
2016-06-15,71240,73993.1661270778,-2753.16612707778
2016-06-16,70420,74123.3147498322,-3703.31474983216
2016-06-17,71450,74254.5097733292,-2804.50977332919
2016-06-20,72520,74386.7052066645,-1866.70520666447
2016-06-21,72390,74519.8538996607,-2129.8538996607
2016-06-22,72760,74653.9079305224,-1893.90793052237
2016-06-23,72050,74788.8184970574,-2738.81849705742
2016-06-24,70470,74924.5360142047,-4454.53601420473
2016-06-27,71650,75061.0097647897,-3411.00976478972
2016-06-28,72580,75198.1871903107,-2618.18719031072
2016-06-29,73450,75336.0143222916,-1886.01432229158
2016-06-30,74890,75474.4361100039,-584.436110003939
2016-07-01,75560,75613.3967231147,-53.3967231146782
2016-07-04,79240,75752.8400897108,3487.15991028919
2016-07-05,80600,75892.7101158051,4707.28988419488
2016-07-06,78060,76032.9521488637,2027.04785113629
2016-07-07,77270,76173.5134821561,1096.4865178439
2016-07-08,76840,76314.3422468517,525.657753148289
2016-07-11,79300,76455.3870273642,2844.61297263576
2016-07-12,81160,76596.5966253925,4563.40337460749
2016-07-13,80430,76737.921018484,3692.07898151595
2016-07-14,81770,76879.3120705142,4890.68792948576
2016-07-15,81200,77020.723171515,4179.27682848505
2016-07-18,80840,77162.1097331321,3677.89026686791
2016-07-19,81880,77303.4288945564,4576.57110544364
2016-07-20,81550,77444.6393152708,4105.36068472915
2016-07-21,82250,77585.7015465283,4664.29845347174
2016-07-22,81220,77726.5778365729,3493.42216342705
2016-07-25,80520,77867.2323616823,2652.76763831767
2016-07-26,79390,78007.630742175,1382.36925782501
2016-07-27,79650,78147.7396949157,1502.26030508433
2016-07-28,81390,78287.5265081859,3102.47349181415
2016-07-29,80330,78426.9590912405,1903.04090875948
2016-08-01,83930,78566.0066357732,5363.9933642268
2016-08-02,85180,78704.6391201171,6475.36087988288
2016-08-03,83880,78842.828739865,5037.17126013499
2016-08-04,82100,78980.5503672634,3119.44963273657
2016-08-05,82970,79117.7809567231,3852.21904327686
2016-08-08,84430,79254.4987521105,5175.50124788954
2016-08-09,83790,79390.6835896432,4399.31641035684
2016-08-10,84190,79526.3174448826,4663.68255511738
2016-08-11,83330,79661.384111893,3668.61588810695
2016-08-12,83100,79795.8693125148,3304.1306874852
2016-08-15,80850,79929.7602850477,920.239714952326
2016-08-16,81490,80063.0456335853,1426.95436641473
2016-08-17,81170,80195.7143426136,974.28565738639
2016-08-18,81440,80327.7559864636,1112.24401353642
2016-08-19,81540,80459.1605421955,1080.83945780453
2016-08-22,80590,80589.9184466271,0.0815533729252138
2016-08-23,81110,80720.0205833507,389.979416649274
2016-08-24,80980,80849.4578359941,130.542164005902
2016-08-25,78450,80978.2212493862,-2528.2212493862
2016-08-26,78310,81106.3019223173,-2796.30192231729
2016-08-29,78570,81233.6899085098,-2663.68990850978
2016-08-30,78150,81360.3741058114,-3210.37410581139
2016-08-31,78060,81486.3423110061,-3426.34231100614
2016-09-01,78810,81611.5809938372,-2801.58099383721
2016-09-02,79820,81736.0752077346,-1916.07520773457
2016-09-05,80230,81859.8088480714,-1629.80884807143
2016-09-06,81040,81982.7650181896,-942.765018189623
2016-09-07,80920,82104.9261477342,-1184.92614773423
2016-09-08,80980,82226.2742766497,-1246.2742766497
2016-09-09,81320,82346.7909550795,-1026.79095507953
2016-09-12,78710,82466.4572180066,-3756.45721800657
2016-09-13,79310,82585.2536759795,-3275.25367597947
2016-09-14,78280,82703.1593867817,-4423.15938678172
2016-09-19,78960,82820.1520543348,-3860.15205433485
2016-09-20,80610,82936.2075542048,-2326.20755420479
2016-09-21,80510,83051.3001663277,-2541.30016632765
2016-09-22,81700,83165.4032090773,-1465.40320907733
2016-09-23,82620,83278.4889503575,-658.488950357534
2016-09-26,81480,83390.5290523312,-1910.52905233122
2016-09-27,82700,83501.4949049698,-801.494904969755
2016-09-28,82090,83611.3571085095,-1521.35710850947
2016-09-29,81860,83720.0859318791,-1860.08593187906
2016-09-30,81380,83827.6510151414,-2447.65101514143
2016-10-10,81660,83934.0212294735,-2274.02122947348
2016-10-11,82840,84039.1644342937,-1199.16443429368
2016-10-12,82350,84143.047549026,-1793.04754902595
2016-10-13,81340,84245.6369974121,-2905.63699741214
2016-10-14,81590,84346.8984620221,-2756.8984620221
2016-10-17,81820,84446.7964243484,-2626.7964243484
2016-10-18,81680,84545.2942262957,-2865.29422629571
2016-10-19,80700,84642.3541239534,-3942.35412395343
2016-10-20,80750,84737.9371890173,-3987.93718901727
2016-10-21,79410,84832.0028635671,-5422.0028635671
2016-10-24,80410,84924.5089412369,-4514.5089412369
2016-10-25,81470,85015.410974416,-3545.41097441595
2016-10-26,81050,85104.6626493806,-4054.66264938055
2016-10-27,80980,85192.2161868782,-4212.21618687817
2016-10-28,82570,85278.0221316172,-2708.02213161719
2016-10-31,83950,85362.0292871495,-1412.02928714948
2016-11-01,83560,85444.1853376356,-1884.18533763562
2016-11-02,82310,85524.4373835663,-3214.43738356625
2016-11-03,83280,85602.7317465801,-2322.73174658006
2016-11-04,82920,85679.013419593,-2759.01341959297
2016-11-07,87830,85753.2264354068,2076.77356459317
2016-11-08,89890,85825.3136863568,4064.6863136432
2016-11-09,90840,85895.2189232252,4944.78107677485
2016-11-10,95600,85962.8875769781,9637.11242302193
2016-11-11,96140,86028.2671225509,10111.7328774492
2016-11-14,91680,86091.3090184781,5588.69098152185
2016-11-15,90680,86151.9689030739,4528.03109692609
2016-11-16,92530,86210.2047247983,6319.79527520175
2016-11-17,91240,86265.9763038126,4974.02369618739
2016-11-18,90720,86319.2460726269,4400.75392737309
2016-11-21,91330,86369.9785198165,4960.02148018345
2016-11-22,93340,86418.1399530538,6921.86004694617
2016-11-23,92970,86463.6987302721,6506.30126972788
2016-11-24,94550,86506.6260706358,8043.3739293642
2016-11-25,96700,86546.8958827455,10153.1041172545
2016-11-28,99220,86584.4854000144,12635.5145999856
2016-11-29,94520,86619.3760527367,7900.62394726328
2016-11-30,91300,86651.55449422,4648.44550578004
2016-12-01,92980,86681.0106435719,6298.9893564281
2016-12-02,92430,86707.7363413877,5722.26365861234
2016-12-05,95440,86731.7260320074,8708.27396799258
2016-12-06,95300,86752.9765251199,8547.0234748801
2016-12-07,96790,86771.4882300711,10018.5117699288
2016-12-08,95110,86787.2650892013,8322.73491079866
2016-12-09,95150,86800.3151860977,8349.68481390233
2016-12-12,94460,86810.6500446262,7649.34995537377
2016-12-13,95960,86818.2846400956,9141.71535990441
2016-12-14,96260,86823.2371097293,9436.76289027067
2016-12-15,96130,86825.529369578,9304.470630422
2016-12-16,95280,86825.1872364624,8454.81276353756
2016-12-19,93390,86822.2403732995,6567.75962670047
2016-12-20,92510,86816.7219378996,5693.27806210037
2016-12-21,92660,86808.6678029034,5851.3321970966
2016-12-22,90120,86798.1161943326,3321.88380566742
2016-12-23,90150,86785.1077569134,3364.89224308656
2016-12-26,84190,86769.6845084997,-2579.68450849969
2016-12-27,85550,86751.8898578629,-1201.88985786291
2016-12-28,85820,86731.7661474356,-911.766147435566
2016-12-29,86350,86709.3552228387,-359.355222838678
2016-12-30,85560,86684.6985527999,-1124.6985527999
2017-01-03,86010,86657.8374575075,-647.837457507535
2017-01-04,85130,86628.8127922457,-1498.81279224568
2017-01-05,85250,86597.6651445044,-1347.66514450437
2017-01-06,84810,86564.4344822297,-1754.43448222968
2017-01-09,86370,86529.1602162918,-159.160216291775
2017-01-10,87130,86491.8810323561,638.118967643894
2017-01-11,87750,86452.6355502948,1297.36444970519
2017-01-12,85800,86411.4626537469,-611.462653746906
2017-01-13,85510,86368.4017626389,-858.401762638863
2017-01-16,86480,86323.4920441309,156.507955869122
2017-01-17,85220,86276.7723105673,-1056.77231056728
2017-01-18,85090,86228.2814389788,-1138.28143897875
2017-01-19,84920,86178.0578695703,-1258.05786957031
2017-01-20,81780,86126.1395720289,-4346.13957202891
2017-01-23,82750,86072.5639960071,-3322.56399600706
2017-01-24,82430,86017.3667946427,-3587.36679464265
2017-01-25,81630,85960.5822476571,-4330.58224765711
2017-01-26,82540,85902.2431518973,-3362.24315189728
2017-02-03,84690,85842.3805141265,-1152.38051412647
2017-02-06,86160,85781.023951285,378.976048715043
2017-02-07,86120,85718.2026039694,401.797396030551
2017-02-08,86810,85653.9457694296,1156.05423057041
2017-02-09,86550,85588.2829110021,961.717088997935
2017-02-10,86750,85521.2439698863,1228.75603011365
2017-02-13,89120,85452.8592848235,3667.14071517653
2017-02-14,90260,85383.1597024697,4876.84029753031
2017-02-15,89810,85312.1775853283,4497.82241467171
2017-02-16,90400,85239.9473117947,5160.0526882053
2017-02-17,90690,85166.5051194788,5523.49488052124
2017-02-20,91690,85091.8893789564,6598.11062104359
2017-02-21,91510,85016.1407439872,6493.85925601285
2017-02-22,89740,84939.3025957276,4800.69740427236
2017-02-23,88590,84861.4209996341,3728.57900036585
2017-02-24,89110,84782.5440055784,4327.45599442164
2017-02-27,90700,84702.7212046742,5997.27879532579
2017-02-28,90690,84622.0039768347,6067.99602316529
2017-03-01,91090,84540.4461810073,6549.55381899272
2017-03-02,91150,84458.1041844009,6691.89581559908
2017-03-03,90800,84375.0370615522,6424.96293844782
2017-03-06,91040,84291.3066531537,6748.69334684632
2017-03-07,91140,84206.977455722,6933.02254427803
2017-03-08,88100,84122.116755411,3977.88324458897
2017-03-09,84130,84036.7947042078,93.2052957922238
2017-03-10,83690,83951.0830983964,-261.083098396403
2017-03-13,84070,83865.0537727883,204.946227211676
2017-03-14,83980,83778.7784542734,201.221545726612
2017-03-15,84980,83692.328954458,1287.67104554196
2017-03-16,85510,83605.7771681257,1904.22283187428
2017-03-17,84460,83519.1955223312,940.804477668802
2017-03-20,84450,83432.6572312586,1017.34276874136
2017-03-21,84300,83346.2358979826,953.764102017408
2017-03-22,82440,83260.0055461066,-820.005546106589
2017-03-23,82990,83174.0405934816,-184.04059348161
2017-03-24,82510,83088.4151190017,-578.415119001664
2017-03-27,80320,83003.203125485,-2683.20312548496
2017-03-28,80930,82918.4783766574,-1988.47837665742
2017-03-29,82550,82834.3135271153,-284.313527115341
2017-03-30,82320,82750.7804094987,-430.780409498659
2017-03-31,83070,82667.950738925,402.049261075007
2017-04-05,84230,82585.8960524424,1644.10394755763
2017-04-06,86440,82504.6880532895,3935.3119467105
2017-04-07,83970,82424.3991243131,1545.6008756869
2017-04-10,85050,82345.1032750604,2704.89672493956
2017-04-11,85230,82266.8751539671,2963.12484603288
2017-04-12,81620,82189.7905275631,-569.790527563131
2017-04-13,81930,82113.926387216,-183.926387215988
2017-04-14,80680,82039.3594887637,-1359.35948876374
2017-04-17,80690,81966.166512017,-1276.16651201703
2017-04-18,80240,81894.4235748854,-1654.42357488542
2017-04-19,79200,81824.2062677552,-2624.20626775524
2017-04-20,79680,81755.5894971502,-2075.58949715024
2017-04-21,79540,81688.6470848459,-2148.64708484586
2017-04-24,78790,81623.4519946519,-2833.45199465188
2017-04-25,77800,81560.0763022185,-3760.07630221846
2017-04-26,77990,81498.5909119568,-3508.5909119568
2017-04-27,77920,81439.0651740137,-3519.06517401374
2017-04-28,79300,81381.5669882285,-2081.56698822854
2017-05-02,80030,81326.1627997993,-1296.16279979927
2017-05-03,79380,81272.9181934884,-1892.91819348842
2017-05-04,76270,81221.8982182744,-4951.89821827438
2017-05-05,74820,81173.1671406819,-6353.16714068188
2017-05-08,75730,81126.7871803221,-5396.78718032206
2017-05-09,76490,81082.8179306551,-4592.81793065515
2017-05-10,76400,81041.3167543327,-4641.31675433269
2017-05-11,77130,81002.3391155208,-3872.33911552078
2017-05-12,76990,80965.9385598404,-3975.9385598404
2017-05-15,77340,80932.1670322549,-3592.16703225491
2017-05-16,76600,80901.0748342381,-4301.07483423812
2017-05-17,76870,80872.7107823982,-4002.71078239818
2017-05-18,75510,80847.1219154522,-5337.12191545218
2017-05-19,76020,80824.3536175576,-4804.35361755763
2017-05-22,77850,80804.4490667223,-2954.44906672235
2017-05-23,77630,80787.4494550235,-3157.44945502348
2017-05-24,76270,80773.3947533029,-4503.39475330294
2017-05-25,75920,80762.323627215,-4842.32362721501
2017-05-26,75200,80754.2728809106,-5554.27288091063
2017-05-31,72950,80749.2773169163,-7799.27731691631
2017-06-01,73160,80747.3694418333,-7587.36944183332
2017-06-02,72080,80748.5785383721,-8668.57853837209
2017-06-05,73110,80752.9307529139,-7642.9307529139
2017-06-06,72980,80760.4486486129,-7780.44864861287
2017-06-07,73480,80771.1516293393,-7291.15162933927
2017-06-08,73200,80785.0558828244,-7585.05588282443
2017-06-09,72900,80802.1745829524,-7902.17458295241
2017-06-12,73880,80822.5177682347,-6942.51776823472
2017-06-13,72540,80846.0922107508,-8306.09221075083
2017-06-14,73190,80872.9018128146,-7682.90181281461
2017-06-15,73300,80902.9470433368,-7602.94704333678
2017-06-16,73600,80936.2251954344,-7336.22519543437
2017-06-19,73900,80972.7304194618,-7072.73041946178
2017-06-20,74740,81012.4538332771,-6272.45383327714
2017-06-21,74120,81055.3836311555,-6935.38363115546
2017-06-22,73840,81101.5054145876,-7261.50541458758
2017-06-23,75570,81150.8019182673,-5580.80191826728
2017-06-26,75340,81203.2528752651,-5863.25287526508
2017-06-27,75270,81258.8357117709,-5988.83571177092
2017-06-28,75890,81317.5254303498,-5427.52543034983
2017-06-29,76790,81379.2945580102,-4589.29455801024
2017-06-30,76650,81444.1133782502,-4794.11337825019
2017-07-03,77240,81511.9502775398,-4271.95027753984
2017-07-04,75200,81582.771660646,-6382.77166064595
2017-07-05,75250,81656.5421664883,-6406.54216648827
2017-07-06,75210,81733.2237956021,-6523.22379560208
2017-07-07,74650,81812.7759003232,-7162.77590032324
2017-07-10,73550,81895.1551365448,-8345.15513654475
2017-07-11,74390,81980.3151993541,-7590.31519935406
2017-07-12,75800,82068.2063342876,-6268.20633428758
2017-07-13,76220,82158.7756493553,-5938.77564935532
2017-07-14,76640,82251.9676615387,-5611.96766153867
2017-07-17,79150,82347.7244329667,-3197.72443296673
2017-07-18,78970,82445.9857060125,-3475.98570601253
2017-07-19,79780,82546.6899012316,-2766.68990123156
2017-07-20,78900,82649.7740023474,-3749.77400234737
2017-07-21,78630,82755.1738494485,-4125.17384944846
2017-07-24,78950,82862.823732619,-3912.82373261898
2017-07-25,81120,82972.6562367608,-1852.6562367608
2017-07-26,80920,83084.6023293702,-2164.60232937022
2017-07-27,81800,83198.5922121287,-1398.59221212874
2017-07-28,82380,83314.5551919614,-934.555191961408
2017-07-31,83000,83432.4199976732,-432.419997673188
2017-08-01,81970,83552.1149717528,-1582.11497175281
2017-08-02,82120,83673.5682779506,-1553.56827795065
2017-08-03,82670,83796.7074260355,-1126.70742603546
2017-08-04,85120,83921.4592835898,1198.54071641017
2017-08-07,84950,84047.7502524637,902.249747536271
2017-08-08,84300,84175.5072299299,124.492770070131
2017-08-09,88060,84304.6574862234,3755.34251377659
2017-08-10,87940,84435.1283430312,3504.87165696875
2017-08-11,86650,84566.848674354,2083.15132564599
2017-08-14,86190,84699.7488029635,1490.25119703645
2017-08-15,85410,84833.7599127231,576.240087276895
2017-08-16,85380,84968.8138035044,411.186196495633
2017-08-17,87940,85104.8425133726,2835.15748662739
2017-08-18,88090,85241.7782503657,2848.22174963428
2017-08-21,91030,85379.5543944571,5650.44560554291
2017-08-22,92480,85518.105502963,6961.89449703703
2017-08-23,92230,85657.3684688635,6572.6315311365
2017-08-24,94000,85797.283062909,8202.71693709103
2017-08-25,94280,85937.7917727122,8342.20822728776
2017-08-28,93520,86078.8404765561,7441.15952344394
2017-08-29,94070,86220.3785010582,7849.62149894184
2017-08-30,93440,86362.3582487136,7077.64175128644
2017-08-31,93610,86504.7353667332,7105.26463326684
2017-09-01,94650,86647.4684279417,8002.53157205834
2017-09-04,96300,86790.5189421933,9509.48105780668
2017-09-05,96730,86933.8517272692,9796.14827273076
2017-09-06,94900,87077.4355317857,7822.56446821425
2017-09-07,95410,87221.2431536926,8188.75684630738
2017-09-08,92750,87365.2506244748,5384.74937552519
2017-09-11,91230,87509.4373605198,3720.56263948024
2017-09-12,92100,87653.7850040527,4446.21499594734
2017-09-13,92370,87798.2767352306,4571.72326476944
2017-09-14,88400,87942.8975720967,457.102427903272
2017-09-15,87760,88087.6344224615,-327.634422461483
2017-09-18,88530,88232.4743830823,297.525616917723
2017-09-19,87400,88377.404415286,-977.404415285968
2017-09-20,89920,88522.4116033844,1397.58839661558
2017-09-21,87960,88667.4826276699,-707.482627669946
2017-09-22,83810,88812.6047461416,-5002.6047461416
2017-09-25,84060,88957.7649243535,-4897.76492435354
2017-09-26,84530,89102.9480599844,-4572.9480599844
2017-09-27,84980,89248.1370261736,-4268.13702617363
2017-09-28,83510,89393.312805788,-5883.31280578796
2017-09-29,84800,89538.4546174179,-4738.45461741785
2017-10-09,87290,89683.5392477287,-2393.53924772867
2017-10-10,87400,89828.5415246996,-2428.54152469956
2017-10-11,87970,89973.4352869163,-2003.43528691626
2017-10-12,90420,90118.1933691037,301.806630896348
2017-10-13,92290,90262.7877778465,2027.21222215349
2017-10-16,93430,90407.1906444849,3022.80935551513
2017-10-17,93400,90551.3749383264,2848.62506167356
2017-10-18,94710,90695.3148781867,4014.68512181329
2017-10-19,94290,90838.9858603883,3451.0141396117
2017-10-20,97650,90982.3649407627,6667.63505923733
2017-10-23,94800,91125.4306016532,3674.56939834677
2017-10-24,96390,91268.1640815342,5121.83591846577
2017-10-25,95490,91410.5481377996,4079.45186220043
2017-10-26,95600,91552.5676450046,4047.43235499536
2017-10-27,92540,91694.2091639856,845.790836014365
2017-10-30,92630,91835.4609286241,794.539071375867
2017-10-31,95210,91976.3115224192,3233.68847758077
2017-11-01,99340,92116.7498572982,7223.25014270183
2017-11-02,101450,92256.7661818668,9193.23381813316
2017-11-03,101320,92396.3537305324,8923.64626946764
2017-11-06,103230,92535.5095378141,10694.4904621859
2017-11-07,102930,92674.234326908,10255.765673092
2017-11-08,101130,92812.5332416827,8317.46675831731
2017-11-09,99110,92950.4156653277,6159.58433467226
2017-11-10,99120,93087.8944191386,6032.10558086141
2017-11-13,99650,93224.9848705361,6425.01512946388
2017-11-14,99610,93361.7048803712,6248.29511962884
2017-11-15,94650,93498.0749653361,1151.92503466392
2017-11-16,94060,93634.1182249187,425.881775081335
2017-11-17,92750,93769.8582347653,-1019.85823476533
2017-11-20,93850,93905.3187465652,-55.3187465652371
2017-11-21,94270,94040.5230904389,229.476909561094
2017-11-22,95010,94175.4945736403,834.505426359715
2017-11-23,94220,94310.25659828,-90.2565982800365
2017-11-24,96880,94444.8329114197,2435.16708858027
2017-11-27,94050,94579.2472228131,-529.247222813129
2017-11-28,92110,94713.524248813,-2603.52424881299
2017-11-29,91710,94847.6884870031,-3137.68848700309
2017-11-30,91070,94981.7633587753,-3911.76335877531
2017-12-01,90150,95115.7709885268,-4965.77098852682
2017-12-04,92370,95249.7318836893,-2879.73188368929
2017-12-05,90450,95383.6644990443,-4933.6644990443
2017-12-06,88000,95517.5860990081,-7517.5860990081
2017-12-07,87410,95651.5119086184,-8241.51190861838
2017-12-08,89120,95785.4540454451,-6665.45404544508
2017-12-11,87850,95919.4212203485,-8069.42122034851
2017-12-12,89610,96053.4193889583,-6443.41938895832
2017-12-13,89820,96187.4511713299,-6367.45117132987
2017-12-14,89210,96321.5165240681,-7111.51652406813
2017-12-15,90110,96455.6127717296,-6345.61277172965
2017-12-18,93740,96589.7342992562,-2849.73429925621
2017-12-19,94650,96723.8728685683,-2073.87286856825
2017-12-20,95130,96858.0190636208,-1728.01906362077
2017-12-21,95740,96992.162611113,-1252.16261111303
2017-12-22,95890,97126.2925234508,-1236.2925234508
2017-12-25,95060,97260.3972954461,-2200.39729544608
2017-12-26,95630,97394.4649108773,-1764.46491087731
2017-12-27,94590,97528.4824439672,-2938.48244396721
2017-12-28,96810,97662.4362395796,-852.436239579604
2017-12-29,96870,97796.3114279277,-926.311427927676
2018-01-02,99170,97930.0927868622,1239.90721313779
2018-01-03,98620,98063.7647113335,556.235288666535
2018-01-04,99180,98197.31210882,982.687891179964
2018-01-05,98580,98330.7201167255,249.279883274468
2018-01-08,98490,98463.9742786572,26.0257213427877
2018-01-09,99380,98597.0602412648,782.939758735244
2018-01-10,100420,98729.9636619557,1690.03633804429
2018-01-11,101430,98862.6705217733,2567.3294782267
2018-01-12,99570,98995.1675003543,574.832499645697
2018-01-15,100210,99127.4423385657,1082.55766143435
2018-01-16,97810,99259.4830148878,-1449.48301488778
2018-01-17,96950,99391.2779552859,-2441.27795528591
2018-01-18,96780,99522.8149865676,-2742.81498656764
2018-01-19,96830,99654.080926415,-2824.08092641503
2018-01-22,98540,99785.0614587397,-1245.06145873966
2018-01-23,99720,99915.7411000925,-195.741100092553
2018-01-24,98640,100046.103852365,-1406.10385236533
2018-01-25,104740,100176.13363654,4563.8663634604
2018-01-26,104360,100305.813792369,4054.18620763126
2018-01-29,105920,100435.129546126,5484.8704538737
2018-01-30,103780,100564.067799922,3215.93220007812
2018-01-31,102620,100692.617723091,1927.38227690872
2018-02-01,102090,100820.769814307,1269.23018569333
2018-02-02,104530,100948.515368943,3581.48463105699
2018-02-05,102190,101075.846207024,1114.15379297649
2018-02-06,101260,101202.755629014,57.2443709863769
2018-02-07,102260,101329.237395924,930.762604075982
2018-02-08,100470,101455.28529243,-985.285292429742
2018-02-09,98770,101580.893487944,-2810.89348794367
2018-02-12,99820,101706.055744603,-1886.05574460277
2018-02-13,100870,101830.764662633,-960.764662633433
2018-02-14,103490,101955.012062641,1534.98793735884
2018-02-22,102840,102078.789368092,761.210631908447
2018-02-23,104950,102202.088636952,2747.91136304785
2018-02-26,105470,102324.902241844,3145.09775815593
2018-02-27,106000,102447.223691265,3552.77630873479
2018-02-28,105010,102569.04779377,2440.95220623044
2018-03-01,104780,102690.370826487,2089.62917351339
2018-03-02,102180,102811.190075536,-631.190075536475
2018-03-05,101440,102931.503690809,-1491.5036908085
2018-03-06,102410,103051.309561284,-641.309561284306
2018-03-07,102060,103170.604959417,-1110.60495941662
2018-03-08,100730,103289.386892566,-2559.38689256583
2018-03-09,100420,103407.651909015,-2987.65190901477
2018-03-12,103640,103525.395499097,114.604500902696
2018-03-13,103440,103642.611918173,-202.61191817299
2018-03-14,104350,103759.295468974,590.704531026091
2018-03-15,103300,103875.44037048,-575.440370480098
2018-03-16,103220,103991.041085847,-771.041085846676
2018-03-19,101690,104106.091840363,-2416.09184036334
2018-03-20,102280,104220.586540603,-1940.58654060282
2018-03-21,101020,104334.518094422,-3314.51809442208
2018-03-22,101200,104447.878607519,-3247.8786075188
2018-03-23,97990,104560.658815501,-6570.65881550127
2018-03-26,95900,104672.848111433,-8772.84811143342
2018-03-27,97210,104784.433172337,-7574.43317233737
2018-03-28,96210,104895.397048891,-8685.39704889145
2018-03-29,98360,105005.719660805,-6645.71966080517
2018-03-30,99800,105115.377337596,-5315.37733759635
2018-04-02,100470,105224.34366171,-4754.34366170967
2018-04-03,100790,105332.590018425,-4542.59001842545
2018-04-04,100350,105440.085827772,-5090.08582777169
2018-04-09,99630,105546.798632049,-5916.79863204901
2018-04-10,100930,105652.693869523,-4722.69386952253
2018-04-11,101670,105757.734532692,-4087.73453269186
2018-04-12,102150,105861.881661885,-3711.88166188488
2018-04-13,103760,105965.094607723,-2205.0946077235
2018-04-16,104350,106067.331186487,-1717.33118648651
2018-04-17,103800,106168.548302956,-2368.54830295577
2018-04-18,104750,106268.702152038,-1518.70215203817
2018-04-19,108120,106367.747949576,1752.25205042351
2018-04-20,104260,106465.640283645,-2205.64028364548
2018-04-23,104930,106562.334466631,-1632.33446663121
2018-04-24,103330,106657.784899194,-3327.78489919411
2018-04-25,103300,106751.945307251,-3451.94530725082
2018-04-26,103350,106844.768041151,-3494.76804115086
2018-04-27,104740,106936.204024343,-2196.20402434294
2018-05-02,105100,107026.202735689,-1926.20273568873
2018-05-03,104760,107114.712746213,-2354.71274621335
2018-05-04,103910,107201.681830737,-3291.68183073746
2018-05-07,104560,107287.056790733,-2727.0567907325
2018-05-08,105160,107370.783067025,-2210.78306702536
2018-05-09,103900,107452.804973187,-3552.80497318724
2018-05-10,103770,107533.065908939,-3763.06590893857
2018-05-11,103920,107611.507805412,-3691.50780541161
2018-05-14,106490,107688.071038241,-1198.07103824058
2018-05-15,107150,107762.694457144,-612.694457143522
2018-05-16,107740,107835.316416594,-95.3164165943519
2018-05-17,107820,107905.875017812,-85.8750178117475
2018-05-18,110240,107974.308322609,2265.69167739075
2018-05-21,108850,108040.554357302,809.445642697875
2018-05-22,108250,108104.55208476,145.447915240476
2018-05-23,108440,108166.240802432,273.759197567847
2018-05-24,108190,108225.559867907,-35.5598679073012
2018-05-25,109880,108282.448751921,1597.55124807937
2018-05-28,110520,108336.846910515,2183.15308948461
2018-05-29,112880,108388.694460093,4491.30553990663
2018-05-30,111650,108437.932419489,3212.06758051089
2018-05-31,114820,108484.503664054,6335.49633594627
2018-06-01,116110,108528.352396892,7581.647603108
2018-06-04,116830,108569.425439931,8260.57456006915
2018-06-05,116600,108607.672749055,7992.32725094478
2018-06-06,118470,108643.047694739,9826.95230526081
2018-06-07,118020,108675.506951166,9344.49304883425
2018-06-08,114900,108705.011254585,6194.98874541514
2018-06-11,115780,108731.525203872,7048.47479612828
2018-06-12,115170,108755.015958675,6414.98404132453
2018-06-13,114720,108775.453592201,5944.54640779922
2018-06-14,115250,108792.81082934,6457.1891706604
2018-06-15,115770,108807.062852227,6962.93714777301
2018-06-19,113040,108818.187512141,4221.81248785911
2018-06-20,113750,108826.165538554,4923.83446144624
2018-06-21,115150,108830.979406062,6319.02059393838
2018-06-22,117000,108832.613624585,8167.38637541515
2018-06-25,116670,108831.055316069,7838.94468393051
2018-06-26,114360,108826.294978528,5533.70502147209
2018-06-27,114550,108818.32635028,5731.67364971956
2018-06-28,116220,108807.145457061,7412.85454293906
2018-06-29,117680,108792.750693841,8887.24930615884
2018-07-02,115330,108775.143519771,6554.85648022855
2018-07-03,116090,108754.32906763,7335.67093237015
2018-07-04,112660,108730.315179711,3929.68482028915
2018-07-05,111780,108703.112730582,3076.88726941819
2018-07-06,110980,108672.734219184,2307.26578081565
2018-07-09,111830,108639.193416321,3190.80658367883
2018-07-10,111990,108602.505046526,3387.49495347416
2018-07-11,109370,108562.685153278,807.314846722244
2018-07-12,114000,108519.751180318,5480.24881968231
2018-07-13,112440,108473.720905092,3966.27909490826
2018-07-16,110210,108424.614370369,1785.38562963072
2018-07-17,109140,108372.453258414,767.546741586023
2018-07-18,108910,108317.25998949,592.740010509539
2018-07-19,109050,108259.057301148,790.942698851654
2018-07-20,109880,108197.868175939,1682.13182406078
2018-07-23,110330,108133.715923368,2196.28407663212
2018-07-24,109560,108066.624548265,1493.37545173463
2018-07-25,110920,107996.618963317,2923.38103668318
2018-07-26,111320,107923.724698503,3396.27530149719
2018-07-27,112210,107847.96849222,4362.03150778042
2018-07-30,111680,107769.378486746,3910.62151325442
2018-07-31,113010,107687.984627445,5322.01537255522
2018-08-01,113290,107603.818476172,5686.18152382817
2018-08-02,110540,107516.913794699,3023.08620530148
2018-08-03,108930,107427.306695225,1502.69330477456
2018-08-06,110330,107335.034539582,2994.96546041806
2018-08-07,112630,107240.135310752,5389.86468924777
2018-08-08,114110,107142.648229705,6967.35177029502
2018-08-09,114450,107042.614745379,7407.38525462144
2018-08-10,113260,106940.079186732,6319.92081326827
2018-08-13,114270,106835.088944627,7434.91105537291
2018-08-14,111980,106727.69402234,5252.30597765992
2018-08-15,110000,106617.947496434,3382.05250356567
2018-08-16,109150,106505.904614566,2644.09538543433
2018-08-17,110090,106391.622022397,3698.37797760303
2018-08-20,112110,106275.157458546,5834.84254145379
2018-08-21,112830,106156.570190402,6673.42980959818
2018-08-22,111060,106035.921897238,5024.07810276206
2018-08-23,109380,105913.277016855,3466.72298314541
2018-08-24,110100,105788.702063804,4311.29793619639
2018-08-27,108760,105662.264985648,3097.73501435196
2018-08-28,109400,105534.03551206,3865.96448793976
2018-08-29,109890,105404.084653188,4485.91534681151
2018-08-30,110260,105272.485017222,4987.51498277781
2018-08-31,107600,105139.311066649,2460.68893335116
2018-09-03,105130,105004.639325587,125.360674412829
2018-09-04,103250,104868.547335313,-1618.54733531292
2018-09-05,102330,104731.112688918,-2401.11268891792
2018-09-06,102760,104592.412310449,-1832.41231044919
2018-09-07,101100,104452.522131432,-3352.52213143237
2018-09-10,101860,104311.51732595,-2451.51732595015
2018-09-11,102450,104169.471682284,-1719.47168228445
2018-09-12,101930,104026.457975357,-2096.45797535706
2018-09-13,103890,103882.548269332,7.45173066778193
2018-09-14,103820,103737.813761781,82.1862382185174
2018-09-17,102090,103592.325653358,-1502.32565335801
2018-09-18,102040,103446.155178686,-1406.15517868559
2018-09-19,103340,103299.372951389,40.6270486114536
2018-09-20,102910,103152.049003842,-242.049003842455
2018-09-21,104870,103004.253385216,1865.7466147842
2018-09-25,105390,102856.056044625,2533.94395537499
2018-09-26,105710,102707.52770241,3002.47229759019
2018-09-27,104130,102558.740126342,1571.25987365811
2018-09-28,104550,102409.766325293,2140.23367470657
2018-10-08,103230,102260.679957633,969.320042367445
2018-10-09,105470,102111.555566414,3358.4444335862
2018-10-10,106210,101962.468095374,4247.53190462631
2018-10-11,103360,101813.493876487,1546.50612351343
2018-10-12,105510,101664.71099749,3845.28900251037
2018-10-15,104200,101516.198185383,2683.80181461655
2018-10-16,102370,101368.035756657,1001.96424334344
2018-10-17,103140,101220.305137173,1919.69486282743
2018-10-18,101140,101073.088166968,66.9118330316763
2018-10-19,103440,100926.467479604,2513.53252039634
2018-10-22,104220,100780.525736298,3439.4742637017
2018-10-23,102720,100635.346637265,2084.65336273534
2018-10-24,103230,100491.015304456,2738.98469554446
2018-10-25,102040,100347.617721537,1692.38227846309
2018-10-26,99310,100205.241004358,-895.241004358303
2018-10-29,98210,100063.972968336,-1853.97296833557
2018-10-30,98390,99923.9010588229,-1533.90105882291
2018-10-31,97760,99785.1119548226,-2025.11195482258
2018-11-01,96730,99647.6917012786,-2917.69170127858
2018-11-02,98680,99511.7255060374,-831.725506037415
2018-11-05,97340,99377.2973708874,-2037.29737088738
2018-11-06,98450,99244.4909538188,-794.490953818811
2018-11-07,97120,99113.389070683,-1993.38907068299
2018-11-08,97160,98984.0742089185,-1824.07420891854
2018-11-09,96310,98856.6280319849,-2546.62803198486
2018-11-12,94650,98731.1314493328,-4081.13144933282
2018-11-13,95180,98607.66431774,-3427.66431773999
2018-11-14,93920,98486.3048070172,-4566.30480701722
2018-11-15,95250,98367.1296701094,-3117.12967010943
2018-11-16,94080,98250.2137724404,-4170.21377244038
2018-11-19,93200,98135.6306909307,-4935.63069093066
2018-11-20,93310,98023.4522787027,-4713.45227870274
2018-11-21,91850,97913.7483486943,-6063.74834869428
2018-11-22,90360,97806.5867654871,-7446.58676548705
2018-11-23,88490,97702.0328871589,-9212.0328871589
2018-11-26,89290,97600.1489936547,-8310.1489936547
2018-11-27,88690,97500.9935570474,-8810.99355704745
2018-11-28,89560,97404.6216143231,-7844.62161432314
2018-11-29,89920,97311.0845603631,-7391.08456036313
2018-11-30,91330,97220.430547389,-5890.43054738903
2018-12-03,91800,97132.7046724501,-5332.70467245011
2018-12-04,92020,97047.949597734,-5027.94959773402
2018-12-05,90930,96966.2057810967,-6036.20578109665
2018-12-06,90600,96887.5116020405,-6287.5116020405
2018-12-07,89580,96811.9029449403,-7231.90294494026
2018-12-10,89310,96739.4130951732,-7429.41309517324
2018-12-11,88830,96670.0723487441,-7840.07234874408
2018-12-12,88880,96603.9079306194,-7723.90793061937
2018-12-13,89460,96540.9438250086,-7080.94382500858
2018-12-14,89060,96481.2008233684,-7421.20082336842
2018-12-17,90920,96424.6967901676,-5504.69679016757
2018-12-18,90610,96371.4465222639,-5761.4465222639
2018-12-19,89380,96321.4625410832,-6941.46254108323
2018-12-20,90080,96274.7549865012,-6194.75498650115
2018-12-21,89750,96231.3311290715,-6481.33112907146
2018-12-24,90300,96191.1956786936,-5891.19567869362
2018-12-25,88880,96154.3506661458,-7274.35066614579
2018-12-26,87870,96120.7956870109,-8250.79568701095
2018-12-27,87960,96090.5273299551,-8130.52732995506
2018-12-28,88070,96063.5387730982,-7993.53877309824
2019-01-02,86280,96039.8198337241,-9759.81983372408
2019-01-03,88370,96019.3570249153,-7649.35702491534
2019-01-04,89950,96002.1328254234,-6052.13282542338
2019-01-07,90830,95988.1265520786,-5158.12655207855
2019-01-08,90830,95977.3150199996,-5147.31501999965
2019-01-09,91340,95969.6729121382,-4629.67291213823
2019-01-10,91560,95965.1727837468,-4405.17278374684
2019-01-11,91720,95963.7852763765,-4243.7852763765
2019-01-14,91700,95965.4792106442,-4265.47921064425
2019-01-15,92070,95970.2216529594,-3900.22165295942
2019-01-16,93230,95977.9779065511,-2747.97790655112
2019-01-17,92820,95988.7116624571,-3168.71166245708
2019-01-18,94080,96002.3854758059,-1922.38547580592
2019-01-21,94980,96018.9605919167,-1038.96059191667
2019-01-22,94040,96038.3974614652,-1998.39746146524
2019-01-23,93670,96060.6561056628,-2390.65610566279
2019-01-24,93590,96085.6957196703,-2495.69571967025
2019-01-25,94850,96113.4745104389,-1263.47451043893
2019-01-28,95050,96143.9496533052,-1093.94965330524
2019-01-29,95180,96177.0778013309,-997.077801330926
2019-01-30,97480,96212.815155392,1267.18484460799
2019-01-31,97830,96251.1175042075,1578.88249579246
2019-02-01,99450,96291.9411602961,3158.05883970393
2019-02-11,100350,96335.2430888278,4014.75691117219
2019-02-12,99180,96380.9815603856,2799.01843961437
2019-02-13,98350,96429.1165050874,1920.88349491265
2019-02-14,98890,96479.6090100601,2410.39098993992
2019-02-15,96650,96532.4209564437,117.579043556293
2019-02-18,98390,96587.5152217375,1802.48477826254
2019-02-19,99160,96644.8547320388,2515.14526796122
2019-02-20,100710,96704.4031585269,4005.59684147308
2019-02-21,100980,96766.125212035,4213.87478796505
2019-02-22,102700,96829.9872591556,5870.0127408444
2019-02-25,102810,96895.9574083192,5914.04259168077
2019-02-26,101900,96964.0061943883,4935.99380561172
2019-02-27,101190,97034.1065968513,4155.89340314869
2019-02-28,102690,97106.2336355381,5583.76636446195
2019-03-01,104740,97180.3640481578,7559.63595184222
2019-03-04,104910,97256.4768805252,7653.5231194748
2019-03-05,105670,97334.5543033056,8335.44569669441
2019-03-06,106040,97414.581650821,8625.41834917898
2019-03-07,104110,97496.5477029349,6613.45229706512
2019-03-08,102100,97580.4448049048,4519.5551950952
2019-03-11,102250,97666.2680357253,4583.73196427475
2019-03-12,102530,97754.0143425977,4775.98565740227
2019-03-13,101000,97843.6825674499,3156.31743255008
2019-03-14,101490,97935.2735264153,3554.72647358472
2019-03-15,100540,98028.7893403186,2511.21065968141
2019-03-18,100060,98124.233599366,1935.76640063405
2019-03-19,102290,98221.6109317946,4068.38906820545
2019-03-20,102680,98320.9267660094,4359.0732339906
2019-03-21,102240,98422.1882121296,3817.81178787041
2019-03-22,100500,98525.4041821378,1974.59581786219
2019-03-25,99200,98630.585166143,569.414833856996
2019-03-26,99740,98737.7424704779,1002.25752952215
2019-03-27,100930,98846.8876368404,2083.11236315959
2019-03-28,100180,98958.0326212273,1221.96737877271
2019-03-29,100600,99071.1902407107,1528.80975928929
2019-04-01,103130,99186.3738174739,3943.62618252605
2019-04-02,102230,99303.597305647,2926.40269435302
2019-04-03,103770,99422.8762895026,4347.12371049745
2019-04-04,102850,99544.2275629576,3305.77243704235
2019-04-08,103100,99667.6697168688,3432.33028313125
2019-04-09,103420,99793.22270856,3626.77729143995
2019-04-10,103400,99920.9079141421,3479.09208585785
2019-04-11,102660,100050.748208891,2609.25179110894
2019-04-12,100800,100182.767906201,617.23209379868
2019-04-15,101080,100316.992398025,763.007601974539
2019-04-16,102270,100453.447331459,1816.55266854077
2019-04-17,100990,100592.158668985,397.84133101511
2019-04-18,98840,100733.153123979,-1893.15312397946
2019-04-19,99230,100876.457574278,-1646.45757427842
2019-04-22,98550,101022.098115149,-2472.09811514919
2019-04-23,98440,101170.100161297,-2730.10016129675
2019-04-24,97590,101320.488105549,-3730.48810554881
2019-04-25,97700,101473.285212221,-3773.28521222072
2019-04-26,97770,101628.513203601,-3858.51320360142
2019-04-29,98460,101786.192242241,-3326.19224224084
2019-04-30,97810,101946.340895749,-4136.34089574919
2019-05-06,95610,102108.976356813,-6498.97635681348
2019-05-07,96470,102274.114108331,-5804.11410833051
2019-05-08,96180,102441.766946779,-6261.76694677886
2019-05-09,94900,102611.945269445,-7711.94526944456
2019-05-10,96440,102784.656885257,-6344.65688525681
2019-05-13,96370,102959.906415338,-6589.90641533816
2019-05-14,95650,103137.695858181,-7487.69585818132
2019-05-15,97230,103318.024488279,-6088.02448827865
2019-05-16,97850,103500.888485002,-5650.88848500187
2019-05-17,97880,103686.281511199,-5806.28151119923
2019-05-20,97330,103874.194893844,-6544.19489384371
2019-05-21,98100,104064.617559842,-5964.61755984165
2019-05-22,97510,104257.535730987,-6747.53573098705
2019-05-23,96640,104452.933163539,-7812.93316353946
2019-05-24,99990,104650.790824601,-4660.79082460079
2019-05-27,100660,104851.086451723,-4191.08645172296
2019-05-28,100340,105053.795855872,-4713.79585587227
2019-05-29,98680,105258.893115587,-6578.89311558744
2019-05-30,98190,105466.350360912,-7276.35036091184
2019-05-31,98270,105676.137002441,-7406.13700244149
2019-06-03,97020,105888.219443022,-8868.21944302198
2019-06-04,96710,106102.561024093,-9392.56102409275
2019-06-05,96350,106319.121421342,-9969.12142134194
2019-06-06,95380,106537.856427939,-11157.8564279387
2019-06-10,95790,106758.717716222,-10968.7177162218
2019-06-11,96860,106981.652346326,-10121.6523463257
2019-06-12,96790,107206.602844353,-10416.6028443532
2019-06-13,99300,107433.507552517,-8133.50755251723
2019-06-14,99380,107662.300507237,-8282.3005072367
2019-06-17,98850,107892.912382857,-9042.9123828572
2019-06-18,98180,108125.270430163,-9945.27043016309
2019-06-19,99060,108359.298161953,-9299.29816195267
2019-06-20,99880,108594.914980056,-8714.91498005646
2019-06-21,98310,108832.036442346,-10522.0364423457
2019-06-24,98670,109070.574504299,-10400.5745042991
2019-06-25,99630,109310.436772007,-9680.43677200701
2019-06-26,100070,109551.526552379,-9481.52655237934
2019-06-27,101310,109793.743150824,-8483.74315082378
2019-06-28,101490,110036.981953466,-8546.9819534661
2019-07-01,99670,110281.134839594,-10611.1348395936
2019-07-02,97510,110526.090155517,-13016.0901555165
2019-07-03,97270,110771.731861325,-13501.7318613254
2019-07-04,97820,111017.938536785,-13197.9385367855
2019-07-05,98030,111264.583180587,-13234.5831805871
2019-07-08,100330,111511.533335924,-11181.5333359242
2019-07-09,100150,111758.651075347,-11608.6510753465
2019-07-10,102180,112005.793849407,-9825.79384940724
2019-07-11,103800,112252.81431011,-8452.81431011018
2019-07-12,104120,112499.561047871,-8379.56104787051
2019-07-15,106180,112745.879159051,-6565.87915905074
2019-07-16,109750,112991.61027624,-3241.61027623968
2019-07-17,111420,113236.593317954,-1816.59331795413
2019-07-18,117090,113480.665862761,3609.33413723883
2019-07-19,118430,113723.664738324,4706.33526167631
2019-07-22,113490,113965.428264252,-475.428264252292
2019-07-23,112980,114205.796705571,-1225.79670557089
2019-07-24,112320,114444.610130783,-2124.61013078275
2019-07-25,110040,114681.708101691,-4641.70810169138
2019-07-26,111240,114916.929301871,-3676.92930187091
2019-07-29,109450,115150.110496206,-5700.11049620614
2019-07-30,112570,115381.08692968,-2811.08692967958
2019-07-31,112260,115609.69149109,-3349.69149109012
2019-08-01,112590,115835.755907233,-3245.75590723313
2019-08-02,114660,116059.110520283,-1399.11052028282
2019-08-05,118010,116279.584330747,1730.41566925338
2019-08-06,118600,116497.005760792,2102.99423920761
2019-08-07,116500,116711.203947877,-211.203947877164
2019-08-08,124890,116922.008898757,7967.99110124298
2019-08-09,126290,117129.250532861,9160.749467139
2019-08-12,120980,117332.762063294,3647.23793670644
2019-08-13,124370,117532.380489831,6837.6195101695
2019-08-14,124210,117727.944319874,6482.05568012552
2019-08-15,123700,117919.294887216,5780.70511278444
2019-08-16,126010,118106.276205083,7903.72379491675
2019-08-19,125910,118288.734676198,7621.26532380234
2019-08-20,123390,118466.519970382,4923.48002961828
2019-08-21,123840,118639.484907751,5200.51509224927
2019-08-22,122930,118807.484343621,4122.51565637887
2019-08-23,123930,118970.375282976,4959.62471702429
2019-08-26,124110,119128.016434885,4981.98356511512
2019-08-27,125580,119280.26855854,6299.73144146016
2019-08-28,125740,119426.994472454,6313.00552754617
2019-08-29,127200,119568.059599218,7631.94040078222
2019-08-30,130690,119703.331970956,10986.6680290443
2019-09-02,136960,119832.682774539,17127.3172254606
2019-09-03,146720,119955.987738286,26764.0122617136
2019-09-04,146850,120073.12967026,26776.8703297396
2019-09-05,142880,120184.002441669,22695.9975583312
2019-09-06,138590,120288.510992225,18301.4890077749
2019-09-09,141470,120386.569643252,21083.4303567484
2019-09-10,144090,120478.100281152,23611.8997188481
2019-09-11,144000,120563.033507395,23436.9664926051
2019-09-12,144730,120641.309683657,24088.6903163432
2019-09-16,137500,120712.878859499,16787.1211405012
2019-09-17,135110,120777.701041785,14332.2989582149
2019-09-18,136520,120835.743176512,15684.2568234879
2019-09-19,136420,120886.97813405,15533.0218659497
2019-09-20,138370,120931.385268018,17438.6147319816
2019-09-23,138810,120968.950352771,17841.0496472287
2019-09-24,138590,120999.666371077,17590.3336289234
2019-09-25,136080,121023.53368049,15056.4663195103
2019-09-26,136580,121040.559909691,15539.4400903095
2019-09-27,137970,121050.758911099,16919.2410889007
2019-09-30,137480,121054.150960502,16425.8490394979
2019-10-08,136970,121050.763327437,15919.2366725631
2019-10-09,136740,121040.630071226,15699.3699287743
2019-10-10,137210,121023.791831557,16186.2081684432
2019-10-11,136900,121000.295737606,15899.7042623937
2019-10-14,135770,120970.195609292,14799.8043907081
2019-10-15,131920,120933.551838822,10986.4481611783
2019-10-16,132500,120890.430936033,11609.5690639671
2019-10-17,128750,120840.903952125,7909.09604787456
2019-10-18,129300,120785.046737233,8514.95326276749
2019-10-21,126390,120722.938410785,5667.06158921489
2019-10-22,125690,120654.66161198,5035.33838802034
2019-10-23,129970,120580.301322506,9389.69867749437
2019-10-24,133080,120499.944605496,12580.0553945037
2019-10-25,133340,120413.682405377,12926.3175946226
2019-10-28,132080,120321.610866685,11758.3891333152
2019-10-29,132640,120223.831477172,12416.1685228283
2019-10-30,134160,120120.450585034,14039.549414966
2019-10-31,133700,120011.579670801,13688.4203291992
2019-11-01,134560,119897.336018392,14662.6639816076
2019-11-04,131370,119777.842569996,11592.1574300044
2019-11-05,128620,119653.228328726,8966.77167127376
2019-11-06,127700,119523.627089431,8176.37291056914
2019-11-07,128900,119389.17635348,9510.82364652022
2019-11-08,127800,119250.017001999,8549.98299800129
2019-11-11,126330,119106.293847528,7223.70615247247
2019-11-12,123810,118958.155236822,4851.84476317785
2019-11-13,122710,118805.752502621,3904.24749737931
2019-11-14,123510,118649.23898323,4860.76101677037
2019-11-15,120050,118488.769630799,1561.23036920117
2019-11-18,117560,118324.501406732,-764.501406731767
2019-11-19,115360,118156.591917789,-2796.59191778935
2019-11-20,113500,117985.198454699,-4485.19845469893
2019-11-21,114010,117810.477152202,-3800.47715220151
2019-11-22,113200,117632.582291033,-4432.58229103288
2019-11-25,114060,117451.666580968,-3391.66658096837
2019-11-26,114170,117267.880899533,-3097.88089953269
2019-11-27,114000,117081.374722269,-3081.37472226948
2019-11-28,111530,116892.296244185,-5362.29624418497
2019-11-29,109330,116700.79238656,-7370.79238656021
2019-12-02,108080,116507.007854127,-8427.00785412721
2019-12-03,108240,116311.08430483,-8071.08430482991
2019-12-04,104020,116113.159913222,-12093.1599132222
2019-12-05,103940,115913.369517599,-11973.3695175992
2019-12-06,106240,115711.842957424,-9471.84295742445
2019-12-09,104710,115508.705122858,-10798.7051228578
2019-12-10,105160,115304.076988778,-10144.0769887779
2019-12-11,107990,115098.075066316,-7108.07506631576
2019-12-12,110190,114890.811673442,-4700.81167344222
2019-12-13,110970,114682.39618994,-3712.39618994007
2019-12-16,110720,114472.936052467,-3752.93605246688
2019-12-17,111280,114262.537163123,-2982.53716312284
2019-12-18,108760,114051.303872696,-5291.30387269615
2019-12-19,110880,113839.339299112,-2959.33929911224
2019-12-20,111740,113626.744373086,-1886.74437308555
2019-12-23,113690,113413.618802059,276.381197940668
2019-12-24,112720,113200.061513572,-480.061513571841
2019-12-25,111930,112986.171549406,-1056.17154940638
2019-12-26,112270,112772.047752908,-502.047752907799
2019-12-27,109890,112557.788530843,-2667.78853084282
2019-12-30,111470,112343.492082451,-873.492082451317
2019-12-31,112130,112129.255504217,0.744495783249732
2020-01-02,111310,111915.175531556,-605.175531556242
2020-01-03,107800,111701.348900194,-3901.34890019385
2020-01-06,108190,111487.872095699,-3297.87209569948
2020-01-07,109390,111274.839990982,-1884.8399909818
2020-01-08,109230,111062.346095742,-1832.34609574182
2020-01-09,111540,110850.483140564,689.516859435643
2020-01-10,111930,110639.343098615,1290.65690138514
2020-01-13,113210,110429.018228078,2780.98177192214
2020-01-14,108900,110219.601320641,-1319.60132064114
2020-01-15,109140,110011.186317544,-871.18631754376
2020-01-16,111210,109803.866614548,1406.13338545171
2020-01-17,108440,109597.73524731,-1157.73524730959
2020-01-20,108100,109392.885832716,-1292.88583271566
2020-01-21,107480,109189.411509101,-1709.41150910106
2020-01-22,108380,108987.404880364,-607.404880364373
2020-01-23,105850,108786.95784381,-2936.95784381041
2020-02-03,102080,108588.162045664,-6508.16204566383
2020-02-04,104420,108391.107918128,-3971.10791812763
2020-02-05,105130,108195.883203195,-3065.88320319532
2020-02-06,105070,108002.574001362,-2932.57400136193
2020-02-07,105260,107811.265145807,-2551.26514580739
2020-02-10,104450,107622.040257508,-3172.04025750812
2020-02-11,106190,107434.981902847,-1244.98190284742
2020-02-12,105130,107250.171337018,-2120.17133701822
2020-02-13,105630,107067.689300581,-1437.68930058126
2020-02-14,104650,106887.615657707,-2237.61565770685
2020-02-17,105210,106710.029678289,-1500.02967828854
2020-02-18,105090,106535.009707268,-1445.00970726849
2020-02-19,103810,106362.633469547,-2552.63346954666
2020-02-20,104080,106192.978092705,-2112.97809270491
2020-02-21,102350,106026.119649176,-3676.11964917566
2020-02-24,102720,105862.133337977,-3142.13333797669
2020-02-25,102670,105701.09283855,-3031.09283854977
2020-02-26,100680,105543.07053152,-4863.07053151962
2020-02-27,100780,105388.137544574,-4608.13754457429
2020-02-28,98250,105236.362995195,-6986.36299519501
2020-03-02,102000,105087.814096063,-3087.81409606317
2020-03-03,102350,104942.55517196,-2592.5551719597
2020-03-04,102250,104800.649271303,-2550.64927130279
2020-03-05,103400,104662.158370841,-1262.15837084088
2020-03-06,103020,104527.143392993,-1507.14339299282
2020-03-09,99610,104395.664738448,-4785.66473844791
2020-03-10,104210,104267.782184906,-57.7821849056193
2020-03-11,102350,104143.553531862,-1793.5535318621
2020-03-12,100560,104023.036554941,-3463.03655494108
2020-03-13,99300,103906.288288356,-4606.28828835605
2020-03-16,99400,103793.364334872,-4393.36433487233
2020-03-17,99550,103684.318393174,-4134.31839317448
2020-03-18,95050,103579.202345924,-8529.20234592372
2020-03-19,95250,103478.066366811,-8228.06636681074
2020-03-20,95850,103380.957103906,-7530.95710390577
2020-03-23,91920,103287.917804115,-11367.9178041148
2020-03-24,91690,103198.98860136,-11508.9886013605
2020-03-25,91890,103114.204930522,-11224.2049305224
2020-03-26,91580,103033.597469127,-11453.5974691275
2020-03-27,93440,102957.192255067,-9517.19225506712
2020-03-30,93210,102885.010591768,-9675.01059176831
2020-03-31,91830,102817.069848647,-10987.0698486466
2020-04-01,92680,102753.383395847,-10073.3833958472
2020-04-02,92900,102693.960061905,-9793.96006190514
2020-04-03,92640,102638.80451142,-9998.80451142037
2020-04-07,93330,102587.917360578,-9257.91736057819
2020-04-08,95310,102541.295092444,-7231.29509244358
2020-04-09,94970,102498.930363242,-7528.93036324211
2020-04-10,97310,102460.812840069,-5150.81284006859
2020-04-13,96430,102426.929077849,-5996.92907784895
2020-04-14,97160,102397.263502391,-5237.26350239093
2020-04-15,97240,102371.798060603,-5131.79806060308
2020-04-16,95760,102350.512534516,-6590.51253451626
2020-04-17,98970,102333.384584883,-3363.38458488327
2020-04-20,102030,102320.389148208,-290.389148208237
2020-04-21,100920,102311.499770709,-1391.49977070945
2020-04-22,98050,102306.689878564,-4256.68987856385
2020-04-23,99500,102305.93232276,-2805.93232276008
2020-04-24,99780,102309.198194747,-2529.19819474707
2020-04-27,101520,102316.457426105,-796.457426104837
2020-04-28,100480,102327.678902953,-1847.67890295317
2020-04-29,100010,102342.831182196,-2332.83118219609
2020-04-30,99950,102361.882056954,-2411.88205695388
2020-05-06,101350,102384.798356075,-1034.798356075
2020-05-07,101890,102411.545911417,-521.545911416956
2020-05-08,101720,102442.090127106,-722.09012710623
2020-05-11,101610,102476.396191669,-866.3961916689
2020-05-12,101040,102514.428995159,-1474.42899515938
2020-05-13,101140,102556.153069493,-1416.15306949348
2020-05-14,101170,102601.532337114,-1431.53233711432
2020-05-15,99400,102650.530135095,-3250.53013509504
2020-05-18,99860,102703.109208765,-2843.10920876522
2020-05-19,102080,102759.230959812,-679.230959812134
2020-05-20,102580,102818.855614698,-238.855614697792
2020-05-21,105110,102881.943119119,2228.05688088081
2020-05-22,99760,102948.453320039,-3188.45332003925
2020-05-25,100650,103018.346985413,-2368.34698541278
2020-05-26,100860,103091.583565213,-2231.5835652129
2020-05-27,99840,103168.121530433,-3328.12153043301
2020-05-28,100730,103247.918429626,-2517.91842962584
2020-05-29,100080,103330.930435616,-3250.9304356163
2020-06-01,103250,103417.112680439,-167.112680438532
2020-06-02,103210,103506.418952318,-296.418952318004
2020-06-03,103470,103598.802970404,-128.802970404121
2020-06-04,102190,103694.218331324,-1504.21833132369
2020-06-05,103790,103792.618578445,-2.61857844499787
2020-06-08,103770,103893.956633368,-123.956633368351
2020-06-09,104700,103998.185416604,701.814583395588
2020-06-10,103180,104105.257797432,-925.257797431908
2020-06-11,101830,104215.126935219,-2385.12693521931
2020-06-12,101740,104327.745606882,-2587.74560688193
2020-06-15,100290,104443.065603416,-4153.06560341567
2020-06-16,103630,104561.037646139,-931.037646139276
2020-06-17,103480,104681.610739679,-1201.61073967894
2020-06-18,103250,104804.733503788,-1554.73350378834
2020-06-19,104200,104930.354061538,-730.354061538327
2020-06-22,101860,105058.419893327,-3198.41989332746
2020-06-23,101550,105188.878177656,-3638.87817765557
2020-06-24,101640,105321.674770928,-3681.67477092803
2020-06-29,102580,105456.754025381,-2876.75402538114
2020-06-30,102780,105594.058771395,-2814.05877139548
2020-07-01,101850,105733.53065022,-3883.53065022013
2020-07-02,102750,105875.110139881,-3125.11013988107
2020-07-03,105240,106018.73611311,-778.736113109667
2020-07-06,106440,106164.346150846,275.653849154443
2020-07-07,107070,106311.877512125,758.122487874957
2020-07-08,107530,106461.267569933,1068.73243006706
2020-07-09,107630,106612.45401063,1017.54598936991
2020-07-10,105450,106765.374962349,-1315.3749623495
2020-07-13,108510,106919.968973833,1590.03102616679
2020-07-14,109050,107076.174050103,1973.82594989726
2020-07-15,108570,107233.928853436,1336.07114656413
2020-07-16,106170,107393.172862007,-1223.17286200707
2020-07-17,106320,107553.84610627,-1233.84610627036
2020-07-20,105610,107715.888111071,-2105.88811107119
2020-07-21,105970,107879.237891233,-1909.23789123308
2020-07-22,106640,108043.833591084,-1403.83359108389
2020-07-23,106040,108209.612565757,-2169.61256575737
2020-07-24,107620,108376.511590095,-756.511590094706
2020-07-27,110140,108544.466542106,1595.53345789377
2020-07-28,108740,108713.412987092,26.5870129076944
2020-07-29,109500,108883.287149882,616.712850117923
2020-07-30,111340,109054.025266294,2285.97473370614
2020-07-31,110440,109225.56382707,1214.43617292951
2020-08-03,109040,109397.840267886,-357.84026788582
2020-08-04,110860,109570.792526412,1289.20747358798
2020-08-05,112990,109744.358392405,3245.64160759535
2020-08-06,114540,109918.476188527,4621.5238114733
2020-08-07,115080,110093.085579058,4986.91442094201
2020-08-10,113180,110268.12813863,2911.87186137009
2020-08-11,112130,110443.547503264,1686.45249673553
2020-08-12,112300,110619.288512634,1680.71148736579
2020-08-13,112560,110795.296703524,1764.70329647624
2020-08-14,114100,110971.518307456,3128.48169254423
2020-08-17,115950,111147.90028541,4802.09971458968
2020-08-18,116150,111324.390891556,4825.60910844387
2020-08-19,116210,111500.940365057,4709.05963494304
2020-08-20,115950,111677.500939789,4272.49906021081
2020-08-21,115350,111854.026796165,3495.97320383485
2020-08-24,117160,112030.473880676,5129.52611932358
2020-08-25,117250,112206.799584909,5043.20041509055
2020-08-26,119470,112382.96342079,7087.03657920969
2020-08-27,119430,112558.926984902,6871.07301509845
2020-08-28,120350,112734.654803322,7615.34519667809
2020-08-31,121240,112910.114242354,8329.88575764585
2020-09-01,123080,113085.275816181,9994.72418381922
2020-09-02,122180,113260.113482222,8919.88651777824
2020-09-03,120010,113434.605329315,6575.39467068495
2020-09-04,119250,113608.733133421,5641.26686657864
2020-09-07,119080,113782.481388505,5297.51861149477
2020-09-08,119610,113955.836920402,5654.16307959774
2020-09-09,115850,114128.788744732,1721.21125526786
2020-09-10,115770,114301.328214317,1468.6717856832
2020-09-11,116150,114473.447393457,1676.55260654288
2020-09-14,118820,114645.138953545,4174.86104645521
2020-09-15,118790,114816.39625899,3973.60374100963
2020-09-16,117540,114987.214399925,2552.78560007525
2020-09-17,115560,115157.590109006,402.409890994361
2020-09-18,116710,115327.521174111,1382.47882588877
2020-09-21,114100,115497.005549458,-1397.0055494576
2020-09-22,113200,115666.041760724,-2466.04176072399
2020-09-23,112770,115834.627756123,-3064.62775612283
2020-09-24,112000,116002.760464505,-4002.76046450472
2020-09-25,113490,116170.435547925,-2680.43554792487
2020-09-28,113470,116337.64701386,-2867.64701385978
2020-09-29,113850,116504.387761801,-2654.38776180068
2020-09-30,111700,116670.649505871,-4970.6495058712
2020-10-09,115940,116836.422862974,-896.422862974383
2020-10-12,117080,117001.696395348,78.3036046519911
2020-10-13,117100,117166.458294686,-66.4582946860065
2020-10-14,117030,117330.696785047,-300.69678504709
2020-10-15,117860,117494.400063021,365.599936978543
2020-10-16,119450,117657.556200903,1792.44379909713
2020-10-19,119430,117820.153422108,1609.84657789167
2020-10-20,120200,117982.18069098,2217.81930902038
2020-10-21,121730,118143.627637305,3586.37236269509
2020-10-22,119860,118304.484807627,1555.51519237257
2020-10-23,119840,118464.744230956,1375.25576904395
2020-10-26,117880,118624.398579284,-744.398579283973
2020-10-27,119390,118783.441093081,606.558906918607
2020-10-28,125210,118941.864705113,6268.13529488679
2020-10-29,121620,119099.662598873,2520.33740112656
2020-10-30,116980,119256.83054885,-2276.8305488499
2020-11-02,115510,119413.365371336,-3903.36537133587
2020-11-03,115850,119569.262941473,-3719.26294147314
2020-11-04,116070,119724.517520912,-3654.51752091236
2020-11-05,116380,119879.121833909,-3499.12183390875
2020-11-06,115960,120033.067094088,-4073.06709408753
2020-11-09,117930,120186.343068677,-2256.34306867718
2020-11-10,117940,120338.937841264,-2398.93784126436
2020-11-11,118150,120490.838562752,-2340.83856275249
2020-11-12,119010,120642.031392424,-1632.03139242415
2020-11-13,118580,120792.50152195,-2212.50152195043
2020-11-16,120240,120942.233468387,-702.233468386717
2020-11-17,116100,121091.210834231,-4991.21083423131
2020-11-18,116280,121239.416931705,-4959.41693170504
2020-11-19,116470,121386.833009863,-4916.83300986316
2020-11-20,116900,121533.438267739,-4633.4382677391
2020-11-23,119780,121679.209871943,-1899.20987194274
2020-11-24,121200,121824.123073808,-624.123073808151
2020-11-25,119660,121968.152339615,-2308.15233961533
2020-11-26,120750,122111.271877651,-1361.27187765053
2020-11-27,122850,122253.454942109,596.545057890653
2020-11-30,121960,122394.674224487,-434.674224487003
2020-12-01,119240,122534.902662869,-3294.90266286851
2020-12-02,119730,122674.113015662,-2944.11301566244
2020-12-03,117550,122812.276679301,-5262.2766793007
2020-12-04,117750,122949.363833227,-5199.36383322743
2020-12-07,120990,123085.342481681,-2095.34248168065
2020-12-08,121490,123220.178479687,-1730.17847968724
2020-12-09,121690,123353.836816145,-1663.83681614535
2020-12-10,123580,123486.281764768,93.7182352323049
2020-12-11,129250,123617.476911506,5632.5230884938
2020-12-14,130930,123747.385881048,7182.61411895191
2020-12-15,131480,123875.974626341,7604.02537365947
2020-12-16,129370,124003.212069334,5366.78793066616
2020-12-17,130450,124129.070275176,6320.9297248244
2020-12-18,131530,124253.523527427,7276.47647257311
2020-12-21,132740,124376.548722469,8363.45127753123
2020-12-22,125430,124498.125764488,931.874235511978
2020-12-23,123650,124618.238014782,-968.238014781872
2020-12-24,125140,124736.86921985,403.130780150238
2020-12-25,127520,124854.002725961,2665.99727403901
2020-12-28,127800,124969.62204602,2830.37795398038
2020-12-29,126790,125083.711794945,1706.2882050552
2020-12-30,125250,125196.257757621,53.7422423790076
2020-12-31,123580,125307.246424247,-1727.24642424656
2021-01-04,128210,125416.664307234,2793.33569276581
2021-01-05,129580,125524.497205022,4055.50279497755
2021-01-06,129470,125630.7320707,3839.26792929968
2021-01-07,133270,125735.357533738,7534.64246626161
2021-01-08,132490,125838.363810609,6651.63618939128
2021-01-11,127490,125939.744232303,1550.25576769687
2021-01-12,129920,126039.494879325,3880.50512067452
2021-01-13,131180,126137.612472999,5042.38752700121
2021-01-14,132150,126234.095338687,5915.90466131298
2021-01-15,132390,126328.94388608,6061.05611391966
2021-01-18,134930,126422.160970261,8507.83902973899
2021-01-19,133460,126513.751951707,6946.24804829258
2021-01-20,134020,126603.725707699,7416.27429230142
2021-01-21,135690,126692.093986815,8997.90601318473
2021-01-22,133380,126778.871603226,6601.1283967743
2021-01-25,135930,126864.077090468,9065.92290953232
2021-01-26,134000,126947.731710725,7052.268289275
2021-01-27,133710,127029.860473664,6680.13952633644
2021-01-28,131270,127110.49130408,4159.50869592015
2021-01-29,130400,127189.654888068,3210.34511193173
2021-02-01,132740,127267.3836311,5472.61636890012
2021-02-02,131010,127343.711265667,3666.28873433282
2021-02-03,129630,127418.673786426,2211.32621357351
2021-02-04,130500,127492.30870353,3007.69129647002
2021-02-08,133550,127564.654441202,5985.34555879771
2021-02-09,135250,127635.750666928,7614.24933307208
2021-02-10,136220,127705.63952229,8514.36047770995
2021-02-18,138590,127774.366296299,10815.6337037007
2021-02-19,144050,127841.979797461,16208.0202025394
2021-02-22,146230,127908.533305025,18321.4666949751
2021-02-23,144970,127974.086797988,16995.9132020119
2021-02-24,142340,128038.707828705,14301.2921712953
2021-02-25,144990,128102.470974953,16887.5290250466
2021-02-26,140490,128165.456726093,12324.5432739069
2021-03-01,138640,128227.752552108,10412.2474478916
2021-03-02,138080,128289.451017456,9790.54898254447
2021-03-03,138230,128350.648990595,9879.35100940523
2021-03-04,130490,128411.447387005,2078.55261299531
2021-03-05,121400,128471.951205891,-7071.95120589115
2021-03-08,121800,128532.26630565,-6732.26630564961
2021-03-09,118600,128592.495621415,-9992.49562141516
2021-03-10,119610,128652.739305475,-9042.73930547517
2021-03-11,122540,128713.093379621,-6173.09337962076
2021-03-12,120950,128773.650127739,-7823.65012773866
2021-03-15,121990,128834.499282007,-6844.49928200688
2021-03-16,120450,128895.727340621,-8445.72734062095
2021-03-17,120170,128957.417972535,-8787.4179725353
2021-03-18,120520,129019.65135558,-8499.65135558033
2021-03-19,120610,129082.504035222,-8472.50403522173
2021-03-22,122730,129146.049043511,-6416.04904351076
2021-03-23,124720,129210.355910306,-4490.35591030644
2021-03-24,120820,129275.491513331,-8455.4915133312
2021-03-25,119900,129341.520874175,-9441.52087417498
2021-03-26,123190,129408.505519266,-6218.50551926631
2021-03-29,123750,129476.50307229,-5726.50307229007
2021-03-30,123500,129545.568586451,-6045.56858645063
2021-03-31,120650,129615.754747846,-8965.75474784612
2021-04-01,121010,129687.111743582,-8677.11174358153
2021-04-02,123470,129759.686054676,-6289.68605467647
2021-04-06,125080,129833.520575382,-4753.52057538173
2021-04-07,126000,129908.655600047,-3908.65560004666
2021-04-08,126690,129985.129458106,-3295.12945810592
2021-04-09,126170,130062.978863312,-3892.97886331213
2021-04-12,122260,130142.239167343,-7882.23916734281
2021-04-13,121720,130222.944112678,-8502.94411267772
2021-04-14,121520,130305.124183593,-8785.12418359267
2021-04-15,121350,130388.806349591,-9038.80634959138
2021-04-16,123490,130474.01394876,-6984.01394876027
2021-04-19,121390,130560.766582905,-9170.76658290453
2021-04-20,120960,130649.080966916,-9689.08096691634
2021-04-21,120850,130738.970024868,-9888.97002486807
2021-04-22,119780,130830.442675753,-11050.4426757525
2021-04-23,120240,130923.503750861,-10683.5037508614
2021-04-26,123150,131018.153513675,-7868.15351367457
2021-04-27,126560,131114.387811542,-4554.38781154227
2021-04-28,127330,131212.19923944,-3882.19923944015
2021-04-29,129920,131311.578509736,-1391.57850973647
2021-04-30,131410,131412.51473006,-2.51473006015601
2021-05-06,132220,131514.996432816,705.003567184127
2021-05-07,133670,131619.012149366,2050.98785063416
2021-05-10,133150,131724.550702498,1425.44929750233
2021-05-11,131690,131831.60176279,-141.601762790484
2021-05-12,132890,131940.15559005,949.844409950396
2021-05-13,128780,132050.202385547,-3270.20238554737
2021-05-14,128770,132161.732743182,-3391.73274318238
2021-05-17,130790,132274.735905081,-1484.73590508137
2021-05-18,134450,132389.19971137,2060.80028862974
2021-05-19,132810,132505.11138844,304.888611560062
2021-05-20,128210,132622.459014537,-4412.45901453744
2021-05-21,124220,132741.230793935,-8521.230793935
2021-05-25,125220,132861.413106974,-7641.41310697415
2021-05-26,125420,132982.988811661,-7562.98881166143
2021-05-27,126420,133105.937607351,-6685.93760735127
2021-05-28,132310,133230.236067159,-920.236067159027
2021-05-31,132890,133355.858000508,-465.858000508157
2021-06-01,134920,133482.776836426,1437.22316357371
2021-06-02,133590,133610.96581138,-20.9658113803016
2021-06-03,133140,133740.398755924,-600.398755924425
2021-06-04,131350,133871.049491946,-2521.04949194618
2021-06-07,129530,134002.891593156,-4472.89159315646
2021-06-08,130080,134135.897591159,-4055.8975911587
2021-06-09,132800,134270.03816865,-1470.03816864978
2021-06-10,131110,134405.282331778,-3295.28233177781
2021-06-11,135350,134541.598479036,808.401520963983
2021-06-15,132500,134678.953646784,-2178.9536467838
2021-06-16,128260,134817.315205535,-6557.31520553548
2021-06-17,127720,134956.649625118,-7236.64962511794
2021-06-18,128300,135096.920664829,-6796.9206648285
2021-06-21,128900,135238.08909262,-6338.08909262046
2021-06-22,132750,135380.112866877,-2630.11286687658
2021-06-23,133700,135522.947326069,-1822.94732606916
2021-06-24,134820,135666.546721484,-846.546721483853
2021-06-25,137570,135810.864550874,1759.13544912576
2021-06-28,137640,135955.853962068,1684.14603793164
2021-06-29,135560,136101.468830048,-541.468830048331
2021-06-30,138060,136247.663725954,1812.3362740462
2021-07-01,134090,136394.392997103,-2304.39299710319
2021-07-02,134000,136541.611739963,-2541.61173996308
2021-07-05,136900,136689.274098455,210.725901545101
2021-07-06,138020,136837.333165902,1182.66683409795
2021-07-07,135480,136985.742122732,-1505.74212273215
2021-07-08,137050,137134.45463824,-84.454638239961
2021-07-09,139910,137283.423759307,2626.57624069299
2021-07-12,139090,137432.602497905,1657.39750209504
2021-07-13,140500,137581.944951726,2918.05504827394
2021-07-14,139960,137731.405903564,2228.59409643552
2021-07-15,139080,137880.941342421,1199.05865757943
2021-07-16,141370,138030.508178506,3339.49182149381
2021-07-19,142390,138180.063817676,4209.93618232429
2021-07-20,138830,138329.567046195,500.432953804921
2021-07-21,136830,138478.978390549,-1648.97839054874
2021-07-22,139020,138628.25858408,391.741415920098
2021-07-23,143260,138777.36767851,4482.63232148981
2021-07-26,145690,138926.265887492,6763.73411250822
2021-07-27,144760,139074.915277616,5685.08472238364
2021-07-28,146580,139223.280711332,7356.71928866832
2021-07-29,147500,139371.329401071,8128.6705989294
2021-07-30,146900,139519.031600238,7380.96839976195
2021-08-02,146270,139666.360922305,6603.63907769517
2021-08-03,142270,139813.294031737,2456.7059682628
2021-08-04,143510,139959.81032268,3550.18967732043
2021-08-06,145190,140105.890204781,5084.10979521902
2021-08-09,140220,140251.515555195,-31.5155551952536
2021-08-10,140120,140396.670352643,-276.670352642751
2021-08-11,140370,140541.338562817,-171.338562817152
2021-08-12,146720,140685.504037047,6034.49596295291
2021-08-13,146810,140829.150555836,5980.84944416356
2021-08-16,146220,140972.264394108,5247.73560589183
2021-08-17,145840,141114.834299027,4725.16570097279
2021-08-18,142310,141256.851186962,1053.148813038
2021-08-19,141220,141398.307927474,-178.307927473531
2021-08-20,140010,141539.197825453,-1529.197825453
2021-08-23,141590,141679.514112085,-89.5141120854902
2021-08-24,142310,141819.249386448,490.750613552491
2021-08-25,143850,141958.396210614,1891.60378938558
2021-08-26,141550,142096.947349519,-546.947349518987
2021-08-27,141840,142234.896350005,-394.896350004669
2021-08-30,147280,142372.23653283,4907.76346716976
2021-08-31,148850,142508.96105552,6341.03894448015
2021-09-01,148250,142645.06510427,5604.9348957301
2021-09-02,146890,142780.546486406,4109.45351359393
2021-09-03,145540,142915.405326111,2624.59467388894
2021-09-06,146100,143049.64344625,3050.35655375026
2021-09-07,145120,143183.263754588,1936.73624541242
2021-09-08,148170,143316.270419786,4853.72958021391
2021-09-09,150750,143448.668411074,7301.33158892565
2021-09-10,153000,143580.464704019,9419.5352959809
2021-09-13,149010,143711.669292265,5298.33070773492
2021-09-14,146540,143842.296063111,2697.70393688878
2021-09-15,146870,143972.361093975,2897.6389060245
2021-09-16,145040,144101.881577398,938.118422602361
2021-09-17,143490,144230.875903685,-740.875903684687
2021-09-22,144030,144359.362850924,-329.362850924331
2021-09-23,145590,144487.360890956,1102.63910904406
2021-09-24,145800,144614.888359473,1185.11164052692
2021-09-27,140800,144741.964047957,-3941.96404795707
2021-09-28,138770,144868.607237766,-6098.60723776632
2021-09-29,139430,144994.835580809,-5564.8355808089
2021-09-30,138070,145120.664208074,-7050.66420807382
2021-10-08,142230,145246.105950272,-3016.10595027196
2021-10-11,145950,145371.170723653,578.829276347106
2021-10-12,144730,145495.867197729,-765.867197728879
2021-10-13,143880,145620.204281277,-1740.20428127722
2021-10-14,144920,145744.190566497,-824.190566496638
2021-10-15,147390,145867.833926255,1522.16607374544
2021-10-18,150990,145991.141892732,4998.85810726823
2021-10-19,151040,146114.122627312,4925.87737268829
2021-10-20,149580,146236.786357704,3343.21364229611
2021-10-21,155880,146359.145347778,9520.85465222233
2021-10-22,151330,146481.213243353,4848.78675664684
2021-10-25,149880,146603.007625788,3276.99237421233
2021-10-26,151980,146724.548080734,5255.45191926629
2021-10-27,147890,146845.85554842,1044.14445158021
2021-10-28,145970,146966.953141467,-996.953141466549
2021-10-29,144210,147087.864404102,-2877.86440410234
2021-11-01,143220,147208.612468455,-3988.61246845513
2021-11-02,143640,147329.219277059,-3689.21927705922
2021-11-03,146040,147449.705123717,-1409.70512371711
2021-11-04,142820,147570.088777256,-4750.08877725639
2021-11-05,142250,147690.388423789,-5440.38842378925
2021-11-08,142740,147810.620285932,-5070.62028593214
2021-11-09,144810,147930.798337464,-3120.79833746379
2021-11-10,143050,148050.934456172,-5000.9344561724
2021-11-11,146170,148171.039229834,-2001.03922983355
2021-11-12,145810,148291.121179038,-2481.12117903765
2021-11-15,145000,148411.187997226,-3411.18799722594
2021-11-16,143500,148531.246352244,-5031.24635224397
2021-11-17,143020,148651.301501889,-5631.30150188933
2021-11-18,141020,148771.356624245,-7751.35662424466
2021-11-19,147440,148891.412569639,-1451.41256963902
2021-11-22,148530,149011.466984302,-481.466984302344
2021-11-23,152750,149131.516914509,3618.48308549104
2021-11-24,153430,149251.559207514,4178.44079248591
2021-11-25,154610,149371.592206308,5238.4077936916
2021-11-26,149780,149491.615981082,288.384018918078
2021-11-29,149200,149611.632767372,-411.632767371865
2021-11-30,147790,149731.644919922,-1941.64491992174
2021-12-01,149090,149851.654623323,-761.654623322677
2021-12-02,147390,149971.663259568,-2581.66325956783
