"PK0Date","PK0Close","PK0_hpft","PK0_hpfc"
2021-02-02,10414,10935.9749119209,-521.974911920942
2021-02-03,10304,10921.266731653,-617.266731653047
2021-02-04,10302,10906.5583356217,-604.558335621713
2021-02-05,10288,10891.8492529103,-603.849252910255
2021-02-08,10346,10877.1387627019,-531.138762701881
2021-02-09,10376,10862.4258945728,-486.425894572805
2021-02-10,10354,10847.7094585478,-493.709458547826
2021-02-18,10400,10832.9880635829,-432.988063582853
2021-02-19,10368,10818.2601145541,-450.260114554138
2021-02-22,10650,10803.5238373582,-153.523837358154
2021-02-23,10702,10788.7772717718,-86.7772717718104
2021-02-24,10710,10774.0183941115,-64.0183941115155
2021-02-25,10862,10759.2451448234,102.754855176565
2021-02-26,10816,10744.4554378911,71.5445621088905
2021-03-01,11128,10729.6472297728,398.352770227187
2021-03-02,10922,10714.8185065004,207.181493499606
2021-03-03,10902,10699.9674187688,202.032581231185
2021-03-04,10936,10685.0922029135,250.907797086517
2021-03-05,10786,10670.191178782,115.808821217972
2021-03-08,11060,10655.2627699371,404.737230062856
2021-03-09,10812,10640.3054478124,171.694552187648
2021-03-10,10898,10625.3178511432,272.682148856789
2021-03-11,10844,10610.2986896368,233.701310363153
2021-03-12,10852,10595.2467857164,256.753214283627
2021-03-15,10868,10580.1610584075,287.838941592532
2021-03-16,10774,10565.0405328674,208.959467132596
2021-03-17,10702,10549.8843532344,152.115646765644
2021-03-18,10596,10534.6917500221,61.3082499779211
2021-03-19,10468,10519.4620166227,-51.4620166226742
2021-03-22,10480,10504.1944717707,-24.1944717707155
2021-03-23,10570,10488.8884129284,81.1115870715811
2021-03-24,10544,10473.543127557,70.4568724430302
2021-03-25,10642,10458.1579366459,183.842063354078
2021-03-26,10510,10442.7321903087,67.2678096912619
2021-03-29,10356,10427.2653146518,-71.2653146518322
2021-03-30,10422,10411.7567635874,10.2432364126011
2021-03-31,10400,10396.2059615695,3.79403843054842
2021-04-01,10516,10380.6123372861,135.387662713881
2021-04-02,10510,10364.975320994,145.02467900603
2021-04-06,10508,10349.2943989132,158.705601086848
2021-04-07,10588,10333.5691172113,254.430882788658
2021-04-08,10576,10317.7990876587,258.200912341299
2021-04-09,10432,10301.9840271969,130.015972803118
2021-04-12,10376,10286.1237594974,89.8762405026231
2021-04-13,10340,10270.2181619751,69.7818380249114
2021-04-14,10344,10254.2671491962,89.7328508037758
2021-04-15,10364,10238.2706645718,125.729335428164
2021-04-16,10434,10222.228688605,211.771311394978
2021-04-19,10374,10206.1412537703,167.858746229687
2021-04-20,10408,10190.00848008,217.991519920007
2021-04-21,10350,10173.8305569324,176.169443067559
2021-04-22,10494,10157.6077638349,336.392236165101
2021-04-23,10486,10141.340453116,344.659546883993
2021-04-26,10466,10125.0291161554,340.970883844599
2021-04-27,10514,10108.6743868011,405.325613198878
2021-04-28,10390,10092.2770398449,297.722960155138
2021-04-29,10412,10075.8380176237,336.161982376333
2021-04-30,10418,10059.3583855412,358.641614458809
2021-05-06,10538,10042.8393479569,495.160652043072
2021-05-07,10572,10026.2822574786,545.7177425214
2021-05-10,10578,10009.6886713932,568.311328606752
2021-05-11,10304,9993.06037256568,310.939627434317
2021-05-12,10292,9976.39937877777,315.600621222227
2021-05-13,10264,9959.70783634133,304.29216365867
2021-05-14,10184,9942.98802202485,241.011977975149
2021-05-17,10238,9926.24233837896,311.757661621035
2021-05-18,10210,9909.47328757894,300.526712421064
2021-05-19,10140,9892.68350066804,247.316499331963
2021-05-20,10196,9875.87573291526,320.12426708474
2021-05-21,10346,9859.05284182031,486.947158179692
2021-05-24,10238,9842.21781720935,395.782182790649
2021-05-25,10280,9825.37385019296,454.626149807037
2021-05-26,10056,9808.52429548215,247.47570451785
2021-05-27,10040,9791.67269571206,248.327304287939
2021-05-28,10062,9774.82269581437,287.177304185634
2021-05-31,10024,9757.97804336926,266.021956630744
2021-06-01,10012,9741.14260466445,270.857395335547
2021-06-02,10050,9724.32035595051,325.67964404949
2021-06-03,10066,9707.51538543955,358.48461456045
2021-06-04,9984,9690.73191596644,293.268084033555
2021-06-07,9398,9673.97431854936,-275.97431854936
2021-06-08,9218,9657.24708543149,-439.247085431488
2021-06-09,9212,9640.55459477953,-428.554594779528
2021-06-10,9270,9623.90104319305,-353.901043193047
2021-06-11,9348,9607.29045012424,-259.290450124239
2021-06-15,9248,9590.72668873707,-342.726688737072
2021-06-16,9226,9574.21352501501,-348.213525015012
2021-06-17,9132,9557.75458327226,-425.754583272264
2021-06-18,8994,9541.35334388547,-547.353343885467
2021-06-21,8852,9525.01311124143,-673.013111241431
2021-06-22,8968,9508.73696347331,-540.736963473315
2021-06-23,9072,9492.52770051756,-420.52770051756
2021-06-24,9002,9476.3878987916,-474.387898791598
2021-06-25,9048,9460.3199608839,-412.319960883897
2021-06-28,9114,9444.32609328977,-330.326093289771
2021-06-29,9096,9428.40833206806,-332.408332068056
2021-06-30,9122,9412.56857673414,-290.568576734138
2021-07-01,9164,9396.80858939922,-232.808589399219
2021-07-02,9082,9381.13001206506,-299.130012065061
2021-07-05,9062,9365.53439049988,-303.534390499875
2021-07-06,9072,9350.02314682332,-278.023146823324
2021-07-07,9026,9334.59757768631,-308.597577686306
2021-07-08,9018,9319.25886481616,-301.258864816158
2021-07-09,9002,9304.00806237813,-302.008062378128
2021-07-12,8972,9288.84610000941,-316.84610000941
2021-07-13,8926,9273.77378250919,-347.773782509188
2021-07-14,8956,9258.79178370519,-302.791783705189
2021-07-15,8976,9243.90063366928,-267.90063366928
2021-07-16,9058,9229.10073731167,-171.100737311671
2021-07-19,9510,9214.39238880297,295.607611197032
2021-07-20,9442,9199.77581158787,242.224188412135
2021-07-21,9488,9185.25135130329,302.748648696709
2021-07-22,9270,9170.81945371166,99.18054628834
2021-07-23,9304,9156.4806897196,147.519310280396
2021-07-26,9324,9142.23567123108,181.764328768921
2021-07-27,9172,9128.08507112865,43.9149288713502
2021-07-28,9226,9114.02963742899,111.970362571006
2021-07-29,9242,9100.07013630111,141.929863698887
2021-07-30,9076,9086.20738019836,-10.2073801983561
2021-08-02,9042,9072.4422402423,-30.4422402423032
2021-08-03,9050,9058.77558333478,-8.77558333478081
2021-08-04,9138,9045.20826379436,92.7917362056364
2021-08-05,9078,9031.74113231205,46.2588676879552
2021-08-06,9064,9018.37507793521,45.6249220647877
2021-08-09,9132,9005.11100883281,126.888991167191
2021-08-10,9104,8991.94985203319,112.050147966811
2021-08-11,9116,8978.89258701557,137.107412984428
2021-08-12,9102,8965.94023957614,136.059760423855
2021-08-13,9146,8953.09389218585,192.906107814148
2021-08-16,9200,8940.35468355748,259.645316442525
2021-08-17,9326,8927.72383214319,398.276167856805
2021-08-18,9250,8915.20266372187,334.797336278131
2021-08-19,9080,8902.79266870442,177.20733129558
2021-08-20,8922,8890.49547589277,31.5045241072282
2021-08-23,9046,8878.31278733969,167.687212660314
2021-08-24,8892,8866.24631812042,25.7536818795836
2021-08-25,8732,8854.29785262567,-122.297852625674
2021-08-26,8668,8842.46918589122,-174.469185891217
2021-08-27,8744,8830.76206240006,-86.762062400058
2021-08-30,8628,8819.17815451685,-191.178154516846
2021-08-31,8656,8807.71909874192,-151.719098741917
2021-09-01,8452,8796.3864525507,-344.386452550699
2021-09-02,8512,8785.1817107035,-273.1817107035
2021-09-03,8652,8774.10622560557,-122.106225605569
2021-09-06,8672,8763.1612367395,-91.1612367395005
2021-09-07,8774,8752.34793311435,21.6520668856486
2021-09-08,8716,8741.66746605649,-25.6674660564933
2021-09-09,8700,8731.12099584282,-31.1209958428186
2021-09-10,8570,8720.70967213978,-150.709672139778
2021-09-13,8588,8710.43463175026,-122.434631750257
2021-09-14,8604,8700.29694917921,-96.296949179213
2021-09-15,8546,8690.29764832244,-144.297648322444
2021-09-16,8380,8680.43771327052,-300.437713270518
2021-09-17,8354,8670.71806846714,-316.718068467143
2021-09-22,8538,8661.13951416657,-123.139514166565
2021-09-23,8564,8651.70271970502,-87.7027197050154
2021-09-24,8546,8642.40830351783,-96.408303517827
2021-09-27,8594,8633.25684778755,-39.2568477875503
2021-09-28,8464,8624.24889484519,-160.248894845191
2021-09-29,8386,8615.3849707946,-229.3849707946
2021-09-30,8442,8606.66553549959,-164.665535499594
2021-10-08,8458,8598.09095400525,-140.090954005248
2021-10-11,8748,8589.66152329064,158.338476709357
2021-10-12,8790,8581.37748242625,208.622517573752
2021-10-13,8668,8573.2391359341,94.7608640659009
2021-10-14,8630,8565.24687457175,64.7531254282487
2021-10-15,8560,8557.40112826718,2.59887173281577
2021-10-18,8572,8549.7023537153,22.2976462847043
2021-10-19,8704,8542.1510086848,161.848991315205
2021-10-20,8844,8534.74756016126,309.252439838739
2021-10-21,8766,8527.49254203226,238.507457967738
2021-10-22,8774,8520.38661601806,253.613383981944
2021-10-25,9030,8513.43054242822,516.569457571783
2021-10-26,8992,8506.62518640559,485.37481359441
2021-10-27,8836,8499.9716266221,336.028373377901
2021-10-28,8776,8493.47114238449,282.528857615514
2021-10-29,8796,8487.1251519002,308.874848099804
2021-11-01,8802,8480.93519016172,321.064809838276
2021-11-02,8940,8474.90291983949,465.097080160508
2021-11-03,8906,8469.03013631812,436.969863681875
2021-11-04,8762,8463.31882723501,298.681172764989
2021-11-05,8844,8457.7711608534,386.228839146595
2021-11-08,8784,8452.38942889917,331.610571100831
2021-11-09,8714,8447.17608274997,266.823917250029
2021-11-10,8798,8442.13371085758,355.866289142425
2021-11-11,8730,8437.26501196778,292.734988032223
2021-11-12,8602,8432.57283192788,169.427168072125
2021-11-15,8608,8428.06013759009,179.939862409911
2021-11-16,8528,8423.7299658404,104.2700341596
2021-11-17,8560,8419.585427945,140.414572054998
2021-11-18,8516,8415.62967827061,100.370321729387
2021-11-19,8632,8411.86592922638,220.134070773618
2021-11-22,8542,8408.29743471052,133.702565289477
2021-11-23,8470,8404.92753961534,65.0724603846562
2021-11-24,8488,8401.75964410101,86.2403558989925
2021-11-25,8534,8398.79717522523,135.202824774769
2021-11-26,8372,8396.04359569495,-24.043595694949
2021-11-29,8336,8393.50242410346,-57.5024241034598
2021-11-30,8176,8391.17716910599,-215.177169105996
2021-12-01,8180,8389.071315589,-209.071315588996
2021-12-02,8132,8387.18825949278,-255.188259492777
2021-12-03,8128,8385.53131033604,-257.531310336043
2021-12-06,8182,8384.10367215259,-202.103672152587
2021-12-07,8164,8382.9084425239,-218.908442523902
2021-12-08,7998,8381.94863548957,-383.948635489566
2021-12-09,7928,8381.22717460096,-453.227174600958
2021-12-10,7932,8380.74682470122,-448.746824701217
2021-12-13,8032,8380.51016328668,-348.510163286678
2021-12-14,8128,8380.51958236036,-252.519582360363
2021-12-15,8250,8380.77732986536,-130.77732986536
2021-12-16,8250,8381.28554936278,-131.285549362777
2021-12-17,8206,8382.04633035568,-176.046330355682
2021-12-20,8066,8383.0617080795,-317.061708079499
2021-12-21,8092,8384.33364499863,-292.333644998632
2021-12-22,8102,8385.86397251707,-283.863972517071
2021-12-23,8140,8387.65440120056,-247.65440120056
2021-12-24,8174,8389.70652427624,-215.706524276241
2021-12-27,8282,8392.02183260042,-110.021832600417
2021-12-28,8316,8394.60172786561,-78.6017278656075
2021-12-29,8230,8397.44756628567,-167.447566285675
2021-12-30,8206,8400.56067158337,-194.560671583373
2021-12-31,8252,8403.9422982659,-151.9422982659
2022-01-04,8184,8407.59362041623,-223.593620416227
2022-01-05,8186,8411.51574931117,-225.515749311169
2022-01-06,8056,8415.70970380242,-359.709703802416
2022-01-07,8046,8420.17640952247,-374.176409522466
2022-01-10,7798,8424.91664341466,-626.916643414659
2022-01-11,7836,8429.93102775341,-593.931027753408
2022-01-12,7890,8435.21992566957,-545.219925669566
2022-01-13,7862,8440.78345478796,-578.783454787958
2022-01-14,7948,8446.62150736074,-498.621507360739
2022-01-17,8084,8452.73373639473,-368.733736394727
2022-01-18,7994,8459.11958878592,-465.11958878592
2022-01-19,8010,8465.77835901179,-455.778359011795
2022-01-20,8014,8472.70914928761,-458.709149287613
2022-01-21,7992,8479.91087342771,-487.910873427708
2022-01-24,7984,8487.38225563451,-503.382255634511
2022-01-25,7880,8495.12181842808,-615.121818428084
2022-01-26,7902,8503.12787625065,-601.127876250652
2022-01-27,7956,8511.3984892775,-555.398489277499
2022-01-28,8016,8519.93146920181,-503.931469201814
2022-02-07,8166,8528.72439813757,-362.72439813757
2022-02-08,8148,8537.7746498937,-389.774649893703
2022-02-09,8124,8547.0794483437,-423.079448343704
2022-02-10,8098,8556.63585624331,-458.635856243314
2022-02-11,7982,8566.44076146484,-584.440761464841
2022-02-14,7990,8576.49086229824,-586.490862298237
2022-02-15,8022,8586.78261544973,-564.782615449725
2022-02-16,7972,8597.31223519354,-625.312235193536
2022-02-17,7976,8608.07570234574,-632.075702345742
2022-02-18,7976,8619.06873924361,-643.068739243607
2022-02-21,8108,8630.2868069491,-522.286806949097
2022-02-22,7962,8641.72510070574,-679.725100705738
2022-02-23,7976,8653.37859986461,-677.378599864614
2022-02-24,8286,8665.2420028061,-379.242002806103
2022-02-25,8130,8677.3097279091,-547.309727909095
2022-02-28,8362,8689.57603678971,-327.576036789708
2022-03-01,8358,8702.03496482743,-344.03496482743
2022-03-02,8366,8714.68041199567,-348.680411995671
2022-03-03,8554,8727.50613605688,-173.506136056882
2022-03-04,8696,8740.50575064367,-44.505750643669
2022-03-07,8630,8753.67279766804,-123.672797668042
2022-03-08,8422,8767.00080064518,-345.000800645175
2022-03-09,8502,8780.48323196838,-278.483231968384
2022-03-10,8330,8794.11342142219,-464.113421422189
2022-03-11,8312,8807.88458367709,-495.884583677086
2022-03-14,8456,8821.78974155763,-365.789741557629
2022-03-15,8414,8835.82171290999,-421.821712909989
2022-03-16,8560,8849.97316437688,-289.973164376883
2022-03-17,8544,8864.23658823763,-320.236588237629
2022-03-18,8532,8878.60435690798,-346.604356907979
2022-03-21,8594,8893.06871043074,-299.068710430742
2022-03-22,8528,8907.62174557646,-379.621745576459
2022-03-23,8534,8922.25543549256,-388.255435492564
2022-03-24,9666,8936.9615964063,729.038403593699
2022-03-25,9618,8951.73188405567,666.268115944331
2022-03-28,9700,8966.5582555338,733.441744466201
2022-03-29,9704,8981.43294334237,722.567056657629
2022-03-30,9672,8996.34848315825,675.651516841746
2022-03-31,9672,9011.29770933856,660.702290661441
2022-04-01,9376,9026.27373552757,349.726264472425
2022-04-06,9352,9041.26994847727,310.73005152273
2022-04-07,9374,9056.27987950248,317.720120497519
2022-04-08,9390,9071.29718836131,318.702811638695
2022-04-11,9456,9086.31566614456,369.684333855434
2022-04-12,9480,9101.32923568202,378.670764317978
2022-04-13,9454,9116.33197261606,337.668027383935
2022-04-14,9414,9131.31810911634,282.681890883658
2022-04-15,9402,9146.28201693094,255.717983069058
2022-04-18,9572,9161.21818465717,410.781815342825
2022-04-19,9486,9176.12120659599,309.878793404014
2022-04-20,9278,9190.98584684893,87.0141531510719
2022-04-21,9250,9205.80699760898,44.1930023910199
2022-04-22,9024,9220.57958703745,-196.579587037448
2022-04-25,9030,9235.29856156289,-205.29856156289
2022-04-26,9120,9249.95878635617,-129.958786356166
2022-04-27,9138,9264.55504172574,-126.555041725738
2022-04-28,9172,9279.08205426054,-107.082054260536
2022-04-29,9404,9293.53449823628,110.465501763716
2022-05-05,9696,9307.90700366578,388.092996334217
2022-05-06,9614,9322.19424622359,291.805753776412
2022-05-09,9654,9336.39106200628,317.608937993722
2022-05-10,9668,9350.49240773131,317.507592268694
2022-05-11,9778,9364.4933714028,413.5066285972
2022-05-12,9760,9378.38917226994,381.610827730063
2022-05-13,9872,9392.17520050857,479.824799491435
2022-05-16,10410,9405.84700403741,1004.15299596259
2022-05-17,10454,9419.40032911545,1034.59967088454
2022-05-18,10350,9432.83133707782,917.168662922179
2022-05-19,10470,9446.13661692175,1023.86338307825
2022-05-20,10412,9459.31313676535,952.686863234646
2022-05-23,10556,9472.35828795031,1083.64171204969
2022-05-24,10766,9485.26985562099,1280.73014437901
2022-05-25,10716,9498.04607285562,1217.95392714438
2022-05-26,10574,9510.68570213467,1063.31429786533
2022-05-27,10476,9523.18800939186,952.811990608145
2022-05-30,10374,9535.55270009257,838.44729990743
2022-05-31,10336,9547.77987355564,788.220126444364
2022-06-01,10274,9559.86997568101,714.130024318995
2022-06-02,10286,9571.82377818691,714.17622181309
2022-06-06,10336,9583.64234798421,752.357652015785
2022-06-07,10202,9595.32704719535,606.672952804648
2022-06-08,10270,9606.87954893703,663.120451062971
2022-06-09,10224,9618.30177710056,605.698222899442
2022-06-10,10736,9629.59592968424,1106.40407031576
2022-06-13,10602,9640.76445505786,961.235544942145
2022-06-14,10208,9651.81025893418,556.189741065821
2022-06-15,10126,9662.73664436207,463.263355637931
2022-06-16,10082,9673.54714429681,408.452855703188
2022-06-17,10034,9684.24548318797,349.754516812034
2022-06-20,10006,9694.83555432374,311.164445676262
2022-06-21,10064,9705.32139556601,358.67860443399
2022-06-22,9700,9715.70717339988,-15.707173399881
2022-06-23,9790,9725.99720257358,64.0027974264157
2022-06-24,9632,9736.19579134297,-104.195791342968
2022-06-27,9558,9746.30727441983,-188.307274419831
2022-06-28,9836,9756.33594344556,79.6640565544402
2022-06-29,9704,9766.2860122231,-62.2860122230973
2022-06-30,9712,9776.16172748518,-64.1617274851772
2022-07-01,9600,9785.96731021796,-185.967310217957
2022-07-04,9664,9795.70695488583,-131.706954885829
2022-07-05,9606,9805.38477908167,-199.384779081673
2022-07-06,9482,9815.00484595609,-333.004845956096
2022-07-07,9472,9824.57113624203,-352.571136242032
2022-07-08,9582,9834.08749302153,-252.08749302153
2022-07-11,9534,9843.55761363796,-309.55761363796
2022-07-12,9520,9852.98509123195,-332.98509123195
2022-07-13,9324,9862.37339098532,-538.373390985321
2022-07-14,9342,9871.72584043729,-529.725840437288
2022-07-15,9206,9881.04554458515,-675.045544585146
2022-07-18,9408,9890.33538945887,-482.335389458868
2022-07-19,9334,9899.59798205171,-565.597982051713
2022-07-20,9344,9908.83572997891,-564.835729978915
2022-07-21,9384,9918.05080706019,-534.050807060191
2022-07-22,9322,9927.24515363493,-605.245153634932
2022-07-25,9312,9936.4204892874,-624.420489287397
2022-07-26,9388,9945.57828341782,-557.578283417821
2022-07-27,9586,9954.71974731612,-368.719747316117
2022-07-28,9638,9963.84586179177,-325.845861791774
2022-07-29,9726,9972.95745524035,-246.957455240347
2022-08-01,9640,9982.05522136581,-342.055221365807
2022-08-02,9634,9991.13975178989,-357.139751789894
2022-08-03,9628,10000.2114967424,-372.211496742435
2022-08-04,9530,10009.270758826,-479.270758826005
2022-08-05,9692,10018.317686786,-326.317686785985
2022-08-08,9822,10027.3522312565,-205.352231256457
2022-08-09,9778,10036.3742079849,-258.374207984903
2022-08-10,9740,10045.3833478344,-305.383347834436
2022-08-11,9786,10054.3792748667,-268.379274866679
2022-08-12,9776,10063.3614869101,-287.36148691007
2022-08-15,9646,10072.3293708558,-426.329370855813
2022-08-16,9662,10081.2821948115,-419.282194811463
2022-08-17,9658,10090.2190506571,-432.219050657126
2022-08-18,9488,10099.1388569585,-611.138856958537
2022-08-19,9304,10108.0403536194,-804.040353619406
2022-08-22,9344,10116.9220279233,-772.922027923266
2022-08-23,9354,10125.7820347957,-771.782034795687
2022-08-24,9412,10134.6182096673,-722.61820966733
2022-08-25,9350,10143.4280689453,-793.428068945252
2022-08-26,9420,10152.2088303351,-732.208830335127
2022-08-29,9420,10160.9573835715,-740.957383571455
2022-08-30,9570,10169.670315723,-599.670315723022
2022-08-31,9570,10178.3439075765,-608.34390757651
2022-09-01,9944,10186.9741920391,-242.974192039111
2022-09-02,9966,10195.5569505532,-229.556950553175
2022-09-05,10192,10204.0878641252,-12.0878641252022
2022-09-06,10242,10212.5625188721,29.4374811279461
2022-09-07,10326,10220.976495914,105.023504085976
2022-09-08,10380,10229.3253885397,150.67461146034
2022-09-09,10384,10237.6048334499,146.395166550075
2022-09-13,10320,10245.8105296288,74.1894703712168
2022-09-14,10316,10253.9382365737,62.0617634262887
2022-09-15,10374,10261.9837444496,112.016255550371
2022-09-16,10372,10269.9428690752,102.057130924767
2022-09-19,10626,10277.8114725717,348.188527428301
2022-09-20,10684,10285.585459247,398.414540752969
2022-09-21,10806,10293.2608773362,512.739122663833
2022-09-22,10864,10300.8339397625,563.166060237515
2022-09-23,10952,10308.3010713955,643.698928604488
2022-09-26,10802,10315.6589298945,486.34107010551
2022-09-27,10730,10322.9044389982,407.095561001834
2022-09-28,10650,10330.0347234791,319.965276520873
2022-09-29,10698,10337.0470763871,360.952923612949
2022-09-30,10892,10343.9389230322,548.061076967809
2022-10-10,11176,10350.707837928,825.292162071957
2022-10-11,11134,10357.3516221347,776.648377865292
2022-10-12,11202,10363.868417855,838.13158214502
2022-10-13,11138,10370.2566883266,767.743311673423
2022-10-14,11084,10376.5152432375,707.484756762525
2022-10-17,10864,10382.6432096298,481.356790370245
2022-10-18,10864,10388.6400069909,475.35999300908
2022-10-19,10922,10394.5052537826,527.494746217395
2022-10-20,10714,10400.2387649607,313.76123503927
2022-10-21,10742,10405.8405735263,336.159426473675
2022-10-24,10754,10411.3108421768,342.689157823233
2022-10-25,10644,10416.6498725645,227.350127435483
2022-10-26,10416,10421.8581079956,-5.85810799557969
2022-10-27,10560,10426.9360857533,133.063914246716
2022-10-28,10528,10431.8843407,96.1156593000116
2022-10-31,10620,10436.7034627009,183.296537299068
2022-11-01,10664,10441.3940813517,222.605918648327
2022-11-02,10898,10445.956902015,452.043097984973
2022-11-03,10718,10450.3927220704,267.607277929641
2022-11-04,10768,10454.7025257537,313.297474246347
2022-11-07,10760,10458.8874079191,301.112592080923
2022-11-08,10800,10462.9485929248,337.051407075229
2022-11-09,10780,10466.8874295972,313.112570402784
2022-11-10,10826,10470.7054060862,355.294593913813
2022-11-11,10926,10474.4041399695,451.595860030482
2022-11-14,10936,10477.9853956899,458.014604310103
2022-11-15,10916,10481.4511243612,434.54887563879
2022-11-16,10734,10484.8034664224,249.196533577576
2022-11-17,10636,10488.0447419373,147.955258062706
2022-11-18,10544,10491.1773739776,52.8226260224338
2022-11-21,10552,10494.2038467738,57.7961532261515
2022-11-22,10536,10497.126666391,38.8733336089549
2022-11-23,10532,10499.9483627852,32.0516372148418
2022-11-24,10544,10502.6714819807,41.3285180192824
2022-11-25,10416,10505.2985832511,-89.2985832511441
2022-11-28,10538,10507.8322429534,30.1677570465996
2022-11-29,10468,10510.2750005318,-42.2750005318441
2022-11-30,10582,10512.6294079011,69.3705920988943
2022-12-01,10552,10514.8979995009,37.1020004990513
2022-12-02,10526,10517.0833384461,8.91666155390212
2022-12-05,10412,10519.1880031881,-107.18800318806
2022-12-06,10312,10521.2145758638,-209.214575863776
2022-12-07,10370,10523.1655943033,-153.165594303265
2022-12-08,10422,10525.0435098554,-103.043509855354
2022-12-09,10374,10526.8507105566,-152.850710556578
2022-12-12,10328,10528.5895418494,-200.589541849384
2022-12-13,10366,10530.262285994,-164.262285993956
2022-12-14,10094,10531.8711423346,-437.871142334627
2022-12-15,10062,10533.4182423166,-471.418242316578
2022-12-16,10094,10534.9055363863,-440.905536386311
2022-12-19,10100,10536.3347801253,-436.334780125319
2022-12-20,9870,10537.7075468623,-667.70754686231
2022-12-21,9878,10539.0252295628,-661.025229562826
2022-12-22,9854,10540.288945189,-686.288945188972
2022-12-23,9764,10541.4995374615,-777.499537461482
2022-12-26,10050,10542.6575664169,-492.657566416851
2022-12-27,10238,10543.7632707046,-305.763270704583
2022-12-28,10212,10544.8166853294,-332.816685329379
2022-12-29,10064,10545.8177189057,-481.817718905658
2022-12-30,9986,10546.7661424748,-560.766142474779
2023-01-03,10076,10547.6615279141,-471.661527914132
2023-01-04,10000,10548.5032153029,-548.503215302946
2023-01-05,9924,10549.2903497542,-625.290349754204
2023-01-06,9944,10550.0218496522,-606.02184965219
2023-01-09,10160,10550.6963749107,-390.696374910694
2023-01-10,10136,10551.3123349393,-415.312334939264
2023-01-11,10192,10551.8679776488,-359.867977648826
2023-01-12,10370,10552.3613792769,-182.36137927692
2023-01-13,10396,10552.7904673059,-156.790467305932
2023-01-16,10416,10553.1530938377,-137.153093837656
2023-01-17,10454,10553.4470461631,-99.4470461631002
2023-01-18,10588,10553.6700548792,34.3299451207695
2023-01-19,10706,10553.8198094761,152.18019052389
2023-01-20,10714,10553.8940136342,160.105986365765
2023-01-30,10672,10553.8904339392,118.109566060803
2023-01-31,10588,10553.806903158,34.193096841955
2023-02-01,10680,10553.6413028794,126.358697120643
2023-02-02,10418,10553.3915288263,-135.391528826253
2023-02-03,10458,10553.055528953,-95.055528953001
2023-02-06,10446,10552.6311952486,-106.631195248584
2023-02-07,10498,10552.1163804099,-54.1163804098824
2023-02-08,10542,10551.5088930567,-9.5088930567405
2023-02-09,10464,10550.8065194395,-86.8065194394582
2023-02-10,10688,10550.0070418776,137.992958122355
2023-02-13,10736,10549.1082068088,186.891793191178
2023-02-14,10928,10548.1078177112,379.892182288811
2023-02-15,11022,10547.0037553162,474.996244683842
2023-02-16,11094,10545.7940573875,548.205942612515
2023-02-17,11230,10544.4769580336,685.52304196645
2023-02-20,11228,10543.050917969,684.949082031042
2023-02-21,11262,10541.5146812755,720.485318724517
2023-02-22,11216,10539.8672751661,676.132724833904
2023-02-23,11234,10538.1080246725,695.891975327473
2023-02-24,11314,10536.2365343131,777.763465686907
2023-02-27,11318,10534.2526962599,783.747303740055
2023-02-28,10878,10532.1567241813,345.843275818661
2023-03-01,11002,10529.9491557149,472.050844285069
2023-03-02,11094,10527.6306714566,566.369328543393
2023-03-03,11216,10525.2021471281,690.797852871892
2023-03-06,11104,10522.6646925662,581.335307433789
2023-03-07,11092,10520.0197031558,571.98029684417
2023-03-08,10718,10517.2688145821,200.731185417929
2023-03-09,10796,10514.4138989641,281.586101035932
2023-03-10,10732,10511.456911395,220.543088605024
2023-03-13,10774,10508.3999233644,265.600076635617
2023-03-14,10706,10505.2450975252,200.754902474759
2023-03-15,10710,10501.9947063193,208.005293680688
2023-03-16,10296,10498.6511051722,-202.651105172246
2023-03-17,10504,10495.2167354907,8.78326450927727
2023-03-20,10298,10491.6939549134,-193.693954913416
2023-03-21,10338,10488.0851247096,-150.085124709633
2023-03-22,10244,10484.3925260838,-240.392526083786
2023-03-23,10110,10480.6183782007,-370.618378200668
2023-03-24,10198,10476.7648008567,-278.764800856727
2023-03-27,10136,10472.8337606498,-336.833760649791
2023-03-28,10266,10468.8271089471,-202.827108947092
2023-03-29,10188,10464.7465578827,-276.746557882686
2023-03-30,10242,10460.5937357499,-218.593735749921
2023-03-31,10232,10456.3701564464,-224.370156446382
2023-04-03,10180,10452.0772435118,-272.077243511799
2023-04-04,10206,10447.7163277402,-241.716327740153
2023-04-06,10260,10443.2886274596,-183.288627459564
2023-04-07,10424,10438.7952610827,-14.7952610826593
2023-04-10,10382,10434.2372712576,-52.2372712576177
2023-04-11,10286,10429.615694517,-143.615694516978
2023-04-12,10196,10424.9315458005,-228.931545800493
2023-04-13,10208,10420.185780683,-212.185780682957
2023-04-14,10226,10415.3792601081,-189.379260108108
2023-04-17,10430,10410.5127573105,19.4872426895374
2023-04-18,10542,10405.5869672428,136.413032757202
2023-04-19,10550,10400.6025929133,149.397407086651
2023-04-20,10462,10395.5603937179,66.4396062821053
2023-04-21,10236,10390.4611908071,-154.461190807072
2023-04-24,10596,10385.3058327948,210.694167205221
2023-04-25,10466,10380.0951044473,85.9048955527208
2023-04-26,10556,10374.829877623,181.170122376986
2023-04-27,10520,10369.5110596902,150.48894030985
2023-04-28,10680,10364.1396329054,315.860367094625
2023-05-04,10736,10358.7166417313,377.283358268661
2023-05-05,10690,10353.2432611947,336.756738805265
2023-05-08,10880,10347.720822276,532.279177723978
2023-05-09,10892,10342.1507951573,549.849204842733
2023-05-10,10792,10336.5348700434,455.465129956569
2023-05-11,10678,10330.874964425,347.125035575022
2023-05-12,10694,10325.1731840634,368.826815936594
2023-05-15,10746,10319.4317782076,426.568221792369
2023-05-16,10556,10313.6531485649,242.346851435061
2023-05-17,10404,10307.8398731686,96.1601268314306
2023-05-18,10424,10301.9946302283,122.005369771687
2023-05-19,10410,10296.1201377027,113.879862297338
2023-05-22,10320,10290.2191639822,29.7808360177799
2023-05-23,10350,10284.294524531,65.7054754690417
2023-05-24,9806,10278.3490471231,-472.34904712305
2023-05-25,9804,10272.3855866926,-468.385586692633
2023-05-26,9916,10266.4068029238,-350.406802923769
2023-05-29,9630,10260.4151618887,-630.415161888732
2023-05-30,9530,10254.4129848157,-724.412984815721
2023-05-31,9514,10248.4023323447,-734.4023323447
2023-06-01,9670,10242.3849656724,-572.384965672393
2023-06-02,9632,10236.3623424231,-604.362342423141
2023-06-05,10134,10230.3356836204,-96.3356836203579
2023-06-06,10122,10224.3059604684,-102.305960468374
2023-06-07,9662,10218.2741043502,-556.274104350212
2023-06-08,9530,10212.2410043597,-682.241004359724
2023-06-09,9796,10206.2073196494,-410.207319649423
2023-06-12,9698,10200.1734273608,-502.17342736082
