"SCMDate","SCMClose","SCM_hpft","SCM_hpfc"
2018-03-27,424,436.740894953108,-12.7408949531077
2018-03-28,410.4,437.614927987672,-27.2149279876716
2018-03-29,409.7,438.488955755662,-28.7889557556618
2018-03-30,420.3,439.362961740948,-19.0629617409478
2018-04-02,416.6,440.236917527203,-23.6369175272032
2018-04-03,402.5,441.110786818238,-38.6107868182382
2018-04-04,401.5,441.984523547312,-40.4845235473123
2018-04-09,402.3,442.858065687539,-40.5580656875388
2018-04-10,413.5,443.731334477358,-30.2313344773575
2018-04-11,417.8,444.60423439014,-26.8042343901396
2018-04-12,428.7,445.476657402827,-16.7766574028269
2018-04-13,427,446.348484412573,-19.3484844125734
2018-04-16,424.4,447.21958938174,-22.8195893817396
2018-04-17,427.4,448.089838274799,-20.6898382747992
2018-04-18,429.7,448.959087623523,-19.259087623523
2018-04-19,440.6,449.827185407339,-9.2271854073386
2018-04-20,436.7,450.69397164474,-13.9939716447404
2018-04-23,439.7,451.559282540075,-11.8592825400752
2018-04-24,447.3,452.422948513145,-5.12294851314531
2018-04-25,438,453.284795081597,-15.2847950815973
2018-04-26,441.4,454.144645645464,-12.7446456454641
2018-04-27,444.2,455.002317286657,-10.8023172866574
2018-05-02,443.5,455.857621818957,-12.3576218189573
2018-05-03,447,456.710366590909,-9.71036659090884
2018-05-04,446.9,457.560353842916,-10.6603538429158
2018-05-07,458.3,458.407381801498,-0.107381801497519
2018-05-08,459.1,459.251244286615,-0.151244286614877
2018-05-09,465.2,460.09173507384,5.1082649261603
2018-05-10,476.4,460.928647876238,15.4713521237615
2018-05-11,471.2,461.761778518405,9.43822148159454
2018-05-14,465.6,462.590929220192,3.00907077980824
2018-05-15,472.8,463.415906102815,9.38409389718465
2018-05-16,473.1,464.236516531332,8.86348346866761
2018-05-17,481.9,465.052571749806,16.8474282501941
2018-05-18,486.5,465.863886666106,20.6361133338943
2018-05-21,482.4,466.670283152137,15.7297168478635
2018-05-22,485.1,467.471591609964,17.628408390036
2018-05-23,484.6,468.267648943676,16.3323510563237
2018-05-24,485,469.058299344228,15.9417006557718
2018-05-25,477.4,469.843393753721,7.55660624627862
2018-05-28,462.8,470.622789703918,-7.82278970391754
2018-05-29,463.8,471.396347850168,-7.59634785016757
2018-05-30,463.9,472.163925614215,-8.26392561421525
2018-05-31,472.5,472.925377277755,-0.425377277754624
2018-06-01,474.7,473.680553706514,1.01944629348605
2018-06-04,470.9,474.42930559039,-3.52930559039043
2018-06-05,466.2,475.171484040682,-8.97148404068245
2018-06-06,465,475.906938709804,-10.9069387098035
2018-06-07,465.8,476.635515541729,-10.835515541729
2018-06-08,468.3,477.357055971938,-9.05705597193837
2018-06-11,467.5,478.071396956956,-10.5713969569558
2018-06-12,472.1,478.778371709473,-6.67837170947289
2018-06-13,464.5,479.477809072385,-14.9778090723845
2018-06-14,468.1,480.169535128017,-12.0695351280172
2018-06-15,467.2,480.853369767488,-13.6533697674875
2018-06-19,460.3,481.529127892832,-21.2291278928319
2018-06-20,464.2,482.196618762347,-17.9966187623472
2018-06-21,459.8,482.85564285906,-23.0556428590603
2018-06-22,459,483.505993226899,-24.5059932268986
2018-06-25,466.5,484.147453379548,-17.6474533795482
2018-06-26,471.5,484.779796700889,-13.2797967008891
2018-06-27,485,485.402789280046,-0.402789280045757
2018-06-28,491,486.016191716823,4.98380828317746
2018-06-29,494.8,486.619764444548,8.18023555545198
2018-07-02,501.6,487.213269956595,14.3867300434052
2018-07-03,503.5,487.796474127741,15.7035258722585
2018-07-04,496.7,488.369148779693,8.33085122030666
2018-07-05,497.6,488.931072225323,8.66892777467731
2018-07-06,495.7,489.48202622114,6.21797377886051
2018-07-09,497.7,490.02179610707,7.67820389293048
2018-07-10,504.9,490.550169793284,14.3498302067161
2018-07-11,507.9,491.066938363839,16.8330616361609
2018-07-12,492.6,491.571898834392,1.02810116560803
2018-07-13,491.1,492.064855178726,-0.964855178725754
2018-07-16,491.9,492.545611795612,-0.6456117956124
2018-07-17,479.2,493.013972684982,-13.8139726849815
2018-07-18,481.5,493.469741579907,-11.9697415799072
2018-07-19,486.1,493.91271650329,-7.81271650329032
2018-07-20,493.4,494.342690530225,-0.942690530224577
2018-07-23,490.4,494.759453506381,-4.35945350638083
2018-07-24,494.7,495.162794887725,-0.462794887725271
2018-07-25,503.1,495.552502328206,7.54749767179446
2018-07-26,503.8,495.928363290479,7.87163670952151
2018-07-27,506.9,496.290168357045,10.6098316429555
2018-07-30,509.9,496.637711364169,13.2622886358308
2018-07-31,513.2,496.970790533869,16.2292094661314
2018-08-01,503.3,497.289209570195,6.01079042980501
2018-08-02,503.7,497.592778885774,6.10722111422557
2018-08-03,513.5,497.881311377793,15.6186886222067
2018-08-06,518.6,498.154622467924,20.4453775320764
2018-08-07,537.2,498.412534033981,38.7874659660193
2018-08-08,523.2,498.654876405075,24.5451235949252
2018-08-09,513.2,498.881495943494,14.318504056506
2018-08-10,506.3,499.092249157499,7.20775084250143
2018-08-13,509.3,499.286998474059,10.013001525941
2018-08-14,516,499.465609299526,16.534390700474
2018-08-15,510.1,499.6279511792,10.4720488208005
2018-08-16,497.9,499.773900493078,-1.87390049307838
2018-08-17,496.7,499.903337949833,-3.20333794983312
2018-08-20,491.4,500.016143483578,-8.61614348357791
2018-08-21,496.4,500.112195704273,-3.71219570427312
2018-08-22,504.6,500.191369660339,4.40863033966137
2018-08-23,508,500.253538865646,7.74646113435389
2018-08-24,511.8,500.298578656561,11.5014213434387
2018-08-27,510.8,500.32636757141,10.4736324285898
2018-08-28,512,500.336788902747,11.6632110972533
2018-08-29,508.5,500.329730272561,8.17026972743915
2018-08-30,522.8,500.305084123905,22.4949158760948
2018-08-31,524,500.262746277118,23.7372537228815
2018-09-03,521.2,500.202621851011,20.997378148989
2018-09-04,523.9,500.124625776404,23.7753742235956
2018-09-05,521.3,500.028681663608,21.2713183363923
2018-09-06,520,499.914722950728,20.085277049272
2018-09-07,516.8,499.782691868584,17.0173081314164
2018-09-10,524.5,499.632538950455,24.8674610495452
2018-09-11,524.3,499.464221763851,24.8357782361492
2018-09-12,535.9,499.277708155479,36.6222918445207
2018-09-13,533.3,499.072976238199,34.2270237618005
2018-09-14,525.8,498.850019263044,26.9499807369555
2018-09-17,527.8,498.608844629091,29.1911553709091
2018-09-18,523.3,498.349470875497,24.9505291245034
2018-09-19,528.7,498.071928607858,30.6280713921418
2018-09-20,535.9,497.7762587453,38.1237412546996
2018-09-21,532.1,497.462514867371,34.6374851326292
2018-09-25,549.1,497.13076631244,51.96923368756
2018-09-26,554.2,496.781096736605,57.4189032633945
2018-09-27,557.7,496.413611277978,61.2863887220224
2018-09-28,563.6,496.028438809385,67.571561190615
2018-10-08,572.5,495.625733536887,76.8742664631132
2018-10-09,592.9,495.205677597929,97.6943224020708
2018-10-10,597.3,494.768484906716,102.531515093284
2018-10-11,574.2,494.314409760362,79.8855902396381
2018-10-12,573.3,493.843748838357,79.4562511616432
2018-10-15,573.1,493.356831841705,79.7431681582947
2018-10-16,560,492.854021315423,67.1459786845772
2018-10-17,566,492.335712767129,73.6642872328715
2018-10-18,554.7,491.802329459931,62.8976705400689
2018-10-19,551.8,491.254325106748,60.5456748932522
2018-10-22,559.3,490.692179419904,68.6078205800959
2018-10-23,554.1,490.116397138849,63.9836028611513
2018-10-24,536.2,489.527511362735,46.6724886372653
2018-10-25,536.3,488.926081638984,47.3739183610164
2018-10-26,538.3,488.312686807543,49.9873131924565
2018-10-29,536.1,487.687925290804,48.4120747091956
2018-10-30,541.4,487.052416173964,54.3475838260356
2018-10-31,535.1,486.40679855378,48.69320144622
2018-11-01,522.6,485.751733992116,36.8482660078845
2018-11-02,510.7,485.087904178658,25.6120958213421
2018-11-05,509.6,484.416006034704,25.1839939652964
2018-11-06,507.6,483.736747068512,23.8632529314878
2018-11-07,498.6,483.050845198428,15.5491548015721
2018-11-08,503.4,482.359028206908,21.0409717930923
2018-11-09,495.4,481.662030303784,13.7379696962155
2018-11-12,498.6,480.960594396387,17.6394056036128
2018-11-13,484.4,480.255469070782,4.14453092921796
2018-11-14,468,479.547410204448,-11.5474102044482
2018-11-15,463.9,478.837175388043,-14.9371753880435
2018-11-16,466.7,478.125517438998,-11.4255174389978
2018-11-19,472.4,477.413183000308,-5.01318300030776
2018-11-20,465,476.700913992121,-11.7009139921206
2018-11-21,447.5,475.989450262337,-28.4894502623373
2018-11-22,443.1,475.279526822173,-32.1795268221733
2018-11-23,433,474.571866906444,-41.5718669064436
2018-11-26,418.9,473.86718044825,-54.96718044825
2018-11-27,418.1,473.166160196554,-55.0661601965542
2018-11-28,426.7,472.469476179088,-45.769476179088
2018-11-29,409.5,471.777775661456,-62.2777756614563
2018-11-30,418.1,471.091686989999,-52.9916869899993
2018-12-03,431.7,470.411812767922,-38.7118127679222
2018-12-04,432.2,469.738733693823,-37.5387336938234
2018-12-05,425.1,469.073014464348,-43.973014464348
2018-12-06,422.4,468.415204259188,-46.0152042591883
2018-12-07,411.8,467.765834081336,-55.9658340813355
2018-12-10,428.9,467.125415912948,-38.2254159129485
2018-12-11,418.8,466.494438602145,-47.6944386021449
2018-12-12,425.4,465.873375196211,-40.4733751962111
2018-12-13,422.2,465.26267902747,-43.0626790274702
2018-12-14,421.8,464.662786698168,-42.8627866981678
2018-12-17,417.8,464.074117010201,-46.2741170102007
2018-12-18,415.8,463.497071047673,-47.6970710476727
2018-12-19,399.4,462.932030766846,-63.5320307668456
2018-12-20,398.1,462.379358407938,-64.2793584079382
2018-12-21,389.6,461.8393899496,-72.2393899496002
2018-12-24,384.8,461.312434799926,-76.5124347999257
2018-12-25,355.6,460.798772506178,-105.198772506178
2018-12-26,357.3,460.298650988466,-102.998650988466
2018-12-27,383.4,459.812274681963,-76.4122746819628
2018-12-28,379.1,459.339805446306,-80.2398054463057
2019-01-02,370.9,458.881373555406,-87.9813735554064
2019-01-03,385.4,458.437076115243,-73.0370761152432
2019-01-04,398,458.006973863827,-60.0069738638274
2019-01-07,407.5,457.591097348613,-50.0910973486126
2019-01-08,405.5,457.189452312554,-51.6894523125541
2019-01-09,416.3,456.802023792974,-40.5020237929735
2019-01-10,421.5,456.428775460877,-34.9287754608769
2019-01-11,426.9,456.069654245295,-29.169654245295
2019-01-14,414.8,455.72459263717,-40.9245926371703
2019-01-15,416.3,455.393511069854,-39.0935110698541
2019-01-16,422.9,455.076313060115,-32.176313060115
2019-01-17,425.2,454.772885965044,-29.572885965044
2019-01-18,432,454.483103841331,-22.4831038413309
2019-01-21,438.8,454.206828521452,-15.4068285214519
2019-01-22,434.5,453.943912544232,-19.4439125442317
2019-01-23,432.4,453.694202079946,-21.2942020799458
2019-01-24,425.7,453.457535261554,-27.7575352615541
2019-01-25,430.8,453.233741419826,-22.4337414198258
2019-01-28,422,453.022638411739,-31.0226384117387
2019-01-29,418.5,452.824034820986,-34.3240348209861
2019-01-30,425.1,452.637726407789,-27.5377264077891
2019-01-31,431.6,452.463494744185,-20.8634947441854
2019-02-01,423.2,452.301110019224,-29.1011100192243
2019-02-11,429.6,452.150333797795,-22.5503337977953
2019-02-12,427.4,452.010915615622,-24.6109156156225
2019-02-13,432.5,451.882595687001,-19.3825956870012
2019-02-14,441.8,451.765104053042,-9.96510405304152
2019-02-15,444.3,451.658162742887,-7.35816274288721
2019-02-18,461.1,451.561489666529,9.53851033347102
2019-02-19,461.2,451.474799692356,9.72520030764383
2019-02-20,456.4,451.397811631589,5.00218836841047
2019-02-21,457.3,451.330248315499,5.96975168450118
2019-02-22,456.8,451.271834643012,5.52816535698815
2019-02-25,449,451.222297980732,-2.22229798073226
2019-02-26,433.1,451.181367980383,-18.0813679803833
2019-02-27,438.3,451.148773375081,-12.848773375081
2019-02-28,439.7,451.124235423826,-11.4242354238257
2019-03-01,449.3,451.107470074467,-1.8074700744665
2019-03-04,436.1,451.098188552513,-14.9981885525134
2019-03-05,434.5,451.096101336348,-16.5961013363476
2019-03-06,438.6,451.100912704701,-12.5009127047012
2019-03-07,440,451.112320076169,-11.1123200761685
2019-03-08,437,451.13001570193,-14.1300157019299
2019-03-11,439.7,451.153687239814,-11.4536872398135
2019-03-12,444.2,451.183016506841,-6.98301650684118
2019-03-13,445.5,451.217680585554,-5.7176805855545
2019-03-14,452.7,451.257353672005,1.44264632799518
2019-03-15,455,451.301707598762,3.69829240123817
2019-03-18,452.8,451.350414794744,1.4495852052565
2019-03-19,468.2,451.403149217592,16.7968507824079
2019-03-20,457.5,451.45958542414,6.04041457585999
2019-03-21,463.9,451.519404914377,12.3805950856231
2019-03-22,460.9,451.582291685147,9.31770831485331
2019-03-25,450.2,451.647934850935,-1.44793485093515
2019-03-26,454.8,451.716027377797,3.08397262220259
2019-03-27,458.8,451.786261633267,7.01373836673331
2019-03-28,453.2,451.858331259671,1.3416687403291
2019-03-29,457.9,451.931932798531,5.96806720146927
2019-04-01,461.1,452.006763345961,9.09323665403906
2019-04-02,470.2,452.082522465033,18.1174775349665
2019-04-03,472.4,452.158913477601,20.2410865223986
2019-04-04,469,452.235647194553,16.7643528054468
2019-04-08,476.1,452.312442793629,23.7875572063715
2019-04-09,478.2,452.389026382276,25.8109736177237
2019-04-10,475.7,452.465133900765,23.2348660992355
2019-04-11,480.1,452.540511958581,27.5594880414185
2019-04-12,475.2,452.614916769574,22.5850832304262
2019-04-15,471.8,452.688115939574,19.1118840604265
2019-04-16,465.6,452.759886410173,12.8401135898273
2019-04-17,472.1,452.830013023055,19.2699869769455
2019-04-18,474.7,452.898285927486,21.8017140725144
2019-04-19,475.9,452.964503238171,22.9354967618285
2019-04-22,490.2,453.028472081766,37.1715279182335
2019-04-23,498.3,453.090009065543,45.209990934457
2019-04-24,497,453.148946161982,43.8510538380179
2019-04-25,505.9,453.205134031561,52.6948659684387
2019-04-26,498,453.258441461015,44.7415585389853
2019-04-29,482.8,453.308759019025,29.4912409809751
2019-04-30,487.6,453.355995768628,34.2440042313722
2019-05-06,472,453.400072963357,18.5999270366426
2019-05-07,485.2,453.440926011835,31.7590739881652
2019-05-08,482.3,453.478498011142,28.8215019888576
2019-05-09,481.7,453.512745186299,28.1872548137006
2019-05-10,487.7,453.543635675962,34.1563643240376
2019-05-13,496.8,453.571149270271,43.2288507297286
2019-05-14,496.3,453.595279878237,42.7047201217626
2019-05-15,500.9,453.616039277935,47.2839607220646
2019-05-16,506.5,453.633456899852,52.8665431001476
2019-05-17,512,453.647581719764,58.3524182802361
2019-05-20,520.5,453.65848456635,66.8415154336497
2019-05-21,509.6,453.666260388838,55.9337396111616
2019-05-22,504.7,453.671031766041,51.0289682339585
2019-05-23,493,453.67294439754,39.3270556024601
2019-05-24,472.5,453.672165076235,18.8278349237654
2019-05-27,469.7,453.668876851248,16.0311231487522
2019-05-28,476.9,453.663270554378,23.2367294456225
2019-05-29,473.8,453.655543644039,20.1444563559613
2019-05-30,476.1,453.645903183774,22.4540968162262
2019-05-31,447.7,453.634564564035,-5.9345645640353
2019-06-03,429.6,453.621752456898,-24.0217524568981
2019-06-04,422.5,453.607689081327,-31.107689081327
2019-06-05,425,453.592586726659,-28.5925867266588
2019-06-06,416.2,453.576644823563,-37.3766448235631
2019-06-10,434.8,453.560050983682,-18.7600509836821
2019-06-11,431,453.542977368659,-22.5429773686587
2019-06-12,423,453.525588385484,-30.5255883854838
2019-06-13,427.7,453.508039122788,-25.8080391227881
2019-06-14,425.7,453.490472051152,-27.7904720511516
2019-06-17,426,453.473018973149,-27.4730189731492
2019-06-18,408.1,453.45580020389,-45.3558002038904
2019-06-19,424.8,453.438924702246,-28.6389247022457
2019-06-20,433,453.42248267882,-20.4224826788204
2019-06-21,439.5,453.40655250604,-13.9065525060397
2019-06-24,447.6,453.391204114497,-5.79120411449656
2019-06-25,440,453.376501686374,-13.3765016863742
2019-06-26,450.1,453.362507010003,-3.26250701000273
2019-06-27,447.9,453.349276344408,-5.44927634440786
2019-06-28,443.5,453.336864600025,-9.83686460002469
2019-07-01,451.6,453.325324434775,-1.72532443477511
2019-07-02,444.2,453.314704440419,-9.1147044404188
2019-07-03,427.7,453.305052495534,-25.6050524955335
2019-07-04,430.4,453.296412711047,-22.8964127110473
2019-07-05,432.1,453.288818613788,-21.1888186137884
2019-07-08,441.7,453.282294266128,-11.5822942661284
2019-07-09,441.3,453.276854971833,-11.9768549718333
2019-07-10,443.8,453.272511247012,-9.47251124701195
2019-07-11,461.6,453.269268657028,8.3307313429718
2019-07-12,458.2,453.267128851687,4.93287114831332
2019-07-15,454.5,453.266096924382,1.23390307561839
2019-07-16,451.6,453.26618000756,-1.66618000756006
2019-07-17,436.2,453.267385743712,-17.0673857437124
2019-07-18,430.5,453.269721086597,-22.7697210865968
2019-07-19,425.9,453.273185935004,-27.3731859350043
2019-07-22,434.7,453.277770775634,-18.5777707756341
2019-07-23,436.8,453.283454780216,-16.4834547802164
2019-07-24,440.5,453.290209441174,-12.7902094411736
2019-07-25,440.6,453.297999437335,-12.6979994373349
2019-07-26,444.2,453.306784160566,-9.10678416056642
2019-07-29,439.2,453.316517753894,-14.1165177538937
2019-07-30,444.1,453.327150595965,-9.22715059596537
2019-07-31,446.4,453.338627230226,-6.93862723022632
2019-08-01,442.9,453.350888385992,-10.4508883859925
2019-08-02,428.4,453.363871924426,-24.9638719244263
2019-08-05,433,453.377511386716,-20.3775113867162
2019-08-06,430.5,453.391729994987,-22.8917299949872
2019-08-07,419.1,453.406442548122,-34.3064425481224
2019-08-08,413.5,453.421554382483,-39.921554382483
2019-08-09,412.2,453.436956653529,-41.2369566535288
2019-08-12,417.9,453.452524014752,-35.5525240147517
2019-08-13,418,453.46811407395,-35.4681140739496
2019-08-14,431.6,453.483569742927,-21.8835697429274
2019-08-15,422.4,453.498719272402,-31.098719272402
2019-08-16,424.6,453.513381867304,-28.9133818673039
2019-08-19,432,453.527363877602,-21.5273638776018
2019-08-20,431.4,453.540459701634,-22.1404597016344
2019-08-21,426.4,453.552454839198,-27.152454839198
2019-08-22,425.7,453.563125638109,-27.8631256381088
2019-08-23,427.1,453.572237222451,-26.4722372224508
2019-08-26,422.1,453.579543198817,-31.479543198817
2019-08-27,421.8,453.584786231235,-31.7847862312346
2019-08-28,427.3,453.587695971358,-26.2876959713578
2019-08-29,430.4,453.587988932289,-23.1879889322895
2019-08-30,439.5,453.58537076085,-14.08537076085
2019-09-02,431.5,453.579537518884,-22.0795375188841
2019-09-03,429.6,453.570179445906,-23.9701794459057
2019-09-04,429.9,453.556977654639,-23.656977654639
2019-09-05,439,453.539603349494,-14.5396033494938
2019-09-06,443.3,453.51771795605,-10.2177179560505
2019-09-09,450.5,453.490976889788,-2.99097688978777
2019-09-10,455.9,453.459031342593,2.44096865740698
2019-09-11,458,453.421531270015,4.57846872998544
2019-09-12,436.5,453.378127636595,-16.8781276365954
2019-09-16,470.3,453.328473299419,16.971526700581
2019-09-17,489.9,453.27221413886,36.6277858611395
2019-09-18,470.6,453.209003050609,17.3909969493907
2019-09-19,458.4,453.138508070813,5.26149192918668
2019-09-20,463.9,453.060404424385,10.8395955756155
2019-09-23,466.5,452.974369511087,13.525630488913
2019-09-24,462,452.880085211381,9.11991478861864
2019-09-25,452.6,452.777238996639,-0.17723899663904
2019-09-26,450.5,452.66552210805,-2.16552210804959
2019-09-27,448.5,452.544625713557,-4.04462571355668
2019-09-30,447,452.414240085947,-5.41424008594742
2019-10-08,440,452.27405382612,-12.2740538261202
2019-10-09,449.3,452.12375329696,-2.82375329695972
2019-10-10,450.4,451.963019787752,-1.56301978775228
2019-10-11,467.2,451.79153342052,15.4084665794801
2019-10-14,474.3,451.608973671235,22.6910263287653
2019-10-15,463.7,451.41502638507,12.2849736149296
2019-10-16,462.2,451.209386786821,10.9906132131785
2019-10-17,444,450.991755179342,-6.9917551793421
2019-10-18,448.5,450.76183640861,-2.2618364086098
2019-10-21,441.4,450.519332430453,-9.11933243045295
2019-10-22,442.3,450.263944265746,-7.963944265746
2019-10-23,443.6,449.995369165811,-6.39536916581105
2019-10-24,448.4,449.71330109,-1.31330108999994
2019-10-25,451.7,449.417431354082,2.28256864591811
2019-10-28,456.3,449.10745073094,7.19254926906019
2019-10-29,454.9,448.783050937002,6.11694906299809
2019-10-30,452.6,448.443926661793,4.15607333820716
2019-10-31,449.3,448.089775123318,1.21022487668241
2019-11-01,443.6,447.720295257574,-4.1202952575742
2019-11-04,450.2,447.335186500817,2.86481349918319
2019-11-05,458.7,446.934146586093,11.7658534139067
2019-11-06,458,446.516874430682,11.4831255693182
2019-11-07,453.8,446.083073815408,7.71692618459241
2019-11-08,451.6,445.632453267743,5.96754673225699
2019-11-11,452.3,445.164724504989,7.13527549501078
2019-11-12,457.2,444.679601711226,12.5203982887744
2019-11-13,450.1,444.176802019954,5.92319798004559
2019-11-14,455.6,443.656047740174,11.9439522598261
2019-11-15,449.6,443.117063629218,6.48293637078181
2019-11-18,455.4,442.559579381544,12.8404206184559
2019-11-19,453.4,441.983327371462,11.4166726285381
2019-11-20,443.3,441.388045281013,1.9119547189872
2019-11-21,452.4,440.773475511365,11.6265244886351
2019-11-22,458.9,440.139361254054,18.7606387459455
2019-11-25,463.3,439.485450506538,23.8145494934617
2019-11-26,460.2,438.811499021123,21.388500978877
2019-11-27,463.3,438.117272394141,25.1827276058595
2019-11-28,461.8,437.402545063109,24.3974549368905
2019-11-29,463.5,436.667101875026,26.8328981249743
2019-12-02,451.5,435.910737761772,15.5892622382281
2019-12-03,450.5,435.13325874696,15.3667412530397
2019-12-04,448.7,434.334477298131,14.3655227018688
2019-12-05,455.7,433.514212234843,22.1857877651566
2019-12-06,458,432.672288314772,25.3277116852284
2019-12-09,467.9,431.808539466248,36.0914605337518
2019-12-10,470.2,430.922810087184,39.2771899128162
2019-12-11,465.4,430.014959494072,35.3850405059282
2019-12-12,466.4,429.084863239187,37.3151367608133
2019-12-13,466.2,428.132411501504,38.0675884984959
2019-12-16,470.9,427.157509884557,43.7424901154434
2019-12-17,470.7,426.160079727438,44.5399202725622
2019-12-18,473.6,425.140060450686,48.4599395493137
2019-12-19,478.5,424.097409885867,54.402590114133
2019-12-20,480.2,423.032105895942,57.1678941040576
2019-12-23,476.8,421.94414883164,54.8558511683602
2019-12-24,480.4,420.833562674698,59.5664373253017
2019-12-25,484.2,419.700394082006,64.4996059179943
2019-12-26,484.8,418.544714332757,66.2552856672431
2019-12-27,489.6,417.36662136785,72.2333786321496
2019-12-30,489.3,416.166240515289,73.133759484711
2019-12-31,483.5,414.943726961569,68.5562730384309
2020-01-02,482.5,413.699266123653,68.8007338763472
2020-01-03,499.7,412.433071756958,87.2669282430418
2020-01-06,509.2,411.145386056354,98.0546139436464
2020-01-07,502.2,409.836487289325,92.3635127106751
2020-01-08,508.1,408.506694255254,99.5933057447461
2020-01-09,481.5,407.156363932818,74.3436360671823
2020-01-10,479.1,405.785894468626,73.3141055313739
2020-01-13,476.9,404.39571473992,72.5042852600801
2020-01-14,465.4,402.986283928978,62.4137160710221
2020-01-15,463.3,401.558091188549,61.7419088114509
2020-01-16,463.6,400.111651470684,63.4883485293165
2020-01-17,464,398.647505248973,65.3524947510266
2020-01-20,466,397.166219240624,68.8337807593765
2020-01-21,460.9,395.668387176875,65.2316128231249
2020-01-22,459.8,394.15463124211,65.6453687578904
2020-01-23,447.2,392.625600584835,54.5743994151652
2020-02-03,415.5,391.081971488729,24.4180285112708
2020-02-04,397.5,389.52444279631,7.97555720369008
2020-02-05,395.8,387.953723443554,7.84627655644599
2020-02-06,409.1,386.370525663181,22.7294743368194
2020-02-07,404.9,384.775564931255,20.1244350687446
2020-02-10,399.9,383.169566119291,16.7304338807091
2020-02-11,397.8,381.553262417447,16.2467375825529
2020-02-12,403.3,379.927393931569,23.3726060684311
2020-02-13,406.1,378.292707483224,27.8072925167762
2020-02-14,408.2,376.649959555324,31.5500404446759
2020-02-17,410.4,374.999918125164,35.4000818748361
2020-02-18,406,373.343364211542,32.6566357884584
2020-02-19,413.5,371.68109346626,41.8189065337396
2020-02-20,419.6,370.013915040032,49.5860849599683
2020-02-21,415.4,368.342655369851,47.0573446301493
2020-02-24,400.2,366.668161389594,33.5318386104063
2020-02-25,399.3,364.991299484747,34.3087005152532
2020-02-26,382.4,363.312949901514,19.0870500984864
2020-02-27,368.7,361.634007067935,7.06599293206497
2020-02-28,353.5,359.955373301869,-6.45537330186949
2020-03-02,361.8,358.27795384198,3.5220461580203
2020-03-03,370.7,356.602651258519,14.0973487414812
2020-03-04,367.7,354.93036957763,12.7696304223702
2020-03-05,373.7,353.262018652727,20.4379813472732
2020-03-06,357.3,351.598513615679,5.7014863843207
2020-03-09,338.1,349.940778046593,-11.8407780465928
2020-03-10,307.6,348.289737882339,-40.689737882339
2020-03-11,275,346.64631416529,-71.6463141652897
2020-03-12,261.1,345.011411118288,-83.9114111182882
2020-03-13,267.1,343.385903348516,-76.2859033485163
2020-03-16,248.2,341.770630777549,-93.5706307775495
2020-03-17,246.5,340.16640179341,-93.6664017934101
2020-03-18,236.8,338.573986105802,-101.773986105802
2020-03-19,229.7,336.994114706494,-107.294114706494
2020-03-20,244.9,335.427476517992,-90.5274765179916
2020-03-23,242.9,333.87471611173,-90.9747161117296
2020-03-24,254.3,332.336440638709,-78.036440638709
2020-03-25,259.3,330.813219644638,-71.5132196446377
2020-03-26,253.2,329.305590418139,-76.1055904181386
2020-03-27,249.4,327.814060687077,-78.4140606870775
2020-03-30,245.7,326.339106720382,-80.6391067203824
2020-03-31,265.3,324.881172373775,-59.5811723737751
2020-04-01,262.2,323.440668169995,-61.2406681699948
2020-04-02,289,322.017980003324,-33.0179800033238
2020-04-03,283.5,320.613468453537,-37.1134684535373
2020-04-07,297.7,319.227480452201,-21.5274804522012
2020-04-08,292.8,317.860347589625,-25.0603475896246
2020-04-09,301.6,316.512392557515,-14.9123925575151
2020-04-10,290,315.183927688729,-25.1839276887285
2020-04-13,285.1,313.875259151814,-28.7752591518143
2020-04-14,280.8,312.586682705374,-31.7866827053738
2020-04-15,274.5,311.318482213415,-36.8184822134154
2020-04-16,258.6,310.070928400655,-51.470928400655
2020-04-17,253.7,308.844276772491,-55.1442767724909
2020-04-20,242.8,307.638761558428,-64.8387615584278
2020-04-21,229.2,306.45459419341,-77.2545941934102
2020-04-22,210.6,305.291959310659,-94.6919593106589
2020-04-23,227.5,304.151009609528,-76.6510096095281
2020-04-24,231.1,303.03185864742,-71.93185864742
2020-04-27,215.2,301.934588297377,-86.7345882973771
2020-04-28,206.6,300.859250698687,-94.2592506986874
2020-04-29,224.5,299.805862138075,-75.3058621380755
2020-04-30,229,298.774399939175,-69.7743999391748
2020-05-06,246.4,297.764810297327,-51.3648102973268
2020-05-07,247.2,296.777010565828,-49.5770105658281
2020-05-08,248.6,295.810896865945,-47.2108968659446
2020-05-11,243.3,294.866344825686,-51.5663448256865
2020-05-12,238.4,293.943210558095,-55.5432105580947
2020-05-13,251.3,293.041328860662,-41.7413288606616
2020-05-14,245.3,292.160511571575,-46.8605115715747
2020-05-15,259.5,291.300553274851,-31.8005532748512
2020-05-18,267.6,290.461229184309,-22.861229184309
2020-05-19,267.4,289.642301368603,-22.2423013686035
2020-05-20,268.6,288.843522446521,-20.2435224465212
2020-05-21,278.2,288.064635842731,-9.86463584273114
2020-05-22,265.7,287.305376614082,-21.6053766140816
2020-05-25,271.7,286.565475739751,-14.8654757397507
2020-05-26,274.8,285.844655268218,-11.0446552682177
2020-05-27,272.8,285.142631103059,-12.3426311030587
2020-05-28,273.1,284.459114582451,-11.3591145824508
2020-05-29,275.2,283.793811942712,-8.5938119427122
2020-06-01,278.1,283.146424724651,-5.04642472465093
2020-06-02,278.6,282.516650916744,-3.91665091674378
2020-06-03,290.6,281.90418642158,8.69581357842044
2020-06-04,280.4,281.308725522667,-0.908725522666698
2020-06-05,284.9,280.729966098075,4.17003390192461
2020-06-08,295.7,280.16760565018,15.5323943498202
2020-06-09,289.2,279.621343405121,9.57865659487906
2020-06-10,286.3,279.090885009539,7.20911499046082
2020-06-11,281.5,278.575940069463,2.9240599305373
2020-06-12,266,278.07622117084,-12.0762211708402
2020-06-15,260.6,277.591442108372,-16.9914421083715
2020-06-16,275.5,277.121311684906,-1.62131168490571
2020-06-17,294.6,276.665531679733,17.9344683202666
2020-06-18,295.3,276.223803201958,19.0761967980423
2020-06-19,299.3,275.795834774035,23.504165225965
2020-06-22,297.3,275.381342803772,21.9186571962279
2020-06-23,298.6,274.980053414672,23.6199465853278
2020-06-24,299,274.591701790526,24.4082982094741
2020-06-29,285.7,274.216032878656,11.4839671213441
2020-06-30,292.4,273.852801715773,18.5471982842266
2020-07-01,293.3,273.50176808563,19.7982319143701
2020-07-02,298.2,273.162699438595,25.0373005614053
2020-07-03,297.8,272.835371408904,24.9646285910957
2020-07-06,298.7,272.519569980153,26.1804300198468
2020-07-07,295.9,272.215091455307,23.6849085446932
2020-07-08,298.7,271.921742959299,26.7782570407015
2020-07-09,298.9,271.639341407432,27.2606585925676
2020-07-10,292.1,271.367714784059,20.7322852159406
2020-07-13,295.5,271.106702341996,24.393297658004
2020-07-14,292.3,270.856151903984,21.4438480960164
2020-07-15,294.6,270.615921375954,23.9840786240455
2020-07-16,288.7,270.385877527837,18.3141224721631
2020-07-17,300.7,270.165897043649,30.5341029563512
2020-07-20,293.3,269.955864177709,23.3441358222913
2020-07-21,299.4,269.755675805902,29.6443241940981
2020-07-22,301.3,269.565238453646,31.7347615463536
2020-07-23,301.1,269.384470900148,31.7155290998517
2020-07-24,295.8,269.213305042458,26.5866949575416
2020-07-27,294.8,269.051685887581,25.7483141124195
2020-07-28,291.9,268.899569432386,23.0004305676144
2020-07-29,291.1,268.756922317043,22.3430776829574
2020-07-30,290.9,268.623720689193,22.2762793108069
2020-07-31,286.1,268.499949932197,17.6000500678035
2020-08-03,279.7,268.385604637535,11.3143953624647
2020-08-04,281.3,268.280686671846,13.0193133281544
2020-08-05,280,268.185202578682,11.8147974213178
2020-08-06,282.9,268.099164283226,14.800835716774
2020-08-07,281.8,268.022588594472,13.7774114055278
2020-08-10,284.3,267.955498439467,16.3445015605335
2020-08-11,285.3,267.89792244027,17.4020775597301
2020-08-12,284.2,267.849895975125,16.3501040248753
2020-08-13,282.7,267.811461615562,14.8885383844382
2020-08-14,282.3,267.782668691617,14.5173313083833
2020-08-17,279.2,267.763572687634,11.4364273123663
2020-08-18,284.1,267.754235088851,16.3457649111494
2020-08-19,288.8,267.754722107849,21.0452778921507
2020-08-20,288.8,267.765106713914,21.0348932860858
2020-08-21,286.3,267.785470575577,18.5145294244235
2020-08-24,288.7,267.815904056352,20.8840959436484
2020-08-25,293.3,267.856505172931,25.4434948270691
2020-08-26,294.4,267.907380574644,26.4926194253555
2020-08-27,294.9,267.968647428143,26.9313525718573
2020-08-28,293.6,268.040433851021,25.5595661489793
2020-08-31,298,268.122879093291,29.8771209067087
2020-09-01,294.8,268.216132970225,26.5838670297753
2020-09-02,292.7,268.320357647044,24.3796423529557
2020-09-03,285.8,268.435726277732,17.3642737222683
2020-09-04,284.4,268.562422093822,15.8375779061779
2020-09-07,272.5,268.700635504539,3.79936449546092
2020-09-08,269.1,268.850563465728,0.249436534271563
2020-09-09,251,269.012404503761,-18.0124045037606
2020-09-10,248.2,269.186357248059,-20.9863572480585
2020-09-11,243.3,269.372612882446,-26.0726128824463
2020-09-14,262,269.571353915877,-7.57135391587684
2020-09-15,260.7,269.782752079905,-9.0827520799047
2020-09-16,270.6,270.006975976413,0.593024023586808
2020-09-17,270,270.244190452801,-0.24419045280093
2020-09-18,277.8,270.494560601666,7.30543939833361
2020-09-21,276.7,270.758251414623,5.94174858537664
2020-09-22,264.8,271.035430903043,-6.23543090304293
2020-09-23,265,271.326269534401,-6.32626953440127
2020-09-24,261.7,271.630935198719,-9.93093519871857
2020-09-25,266.7,271.949593170937,-5.24959317093718
2020-09-28,262.3,272.282404621011,-9.98240462101074
2020-09-29,265.6,272.629528548861,-7.02952854886076
2020-09-30,254.7,272.991119828136,-18.2911198281357
2020-10-09,264.5,273.367330426726,-8.86733042672632
2020-10-12,262.8,273.758304751725,-10.9583047517247
2020-10-13,259.7,274.164183544818,-14.464183544818
2020-10-14,257.1,274.585103017984,-17.485103017984
2020-10-15,260.2,275.021193404296,-14.821193404296
2020-10-16,271.4,275.472577709135,-4.07257770913503
2020-10-19,271.6,275.939372811459,-4.33937281145855
2020-10-20,270.7,276.421693906758,-5.72169390675796
2020-10-21,269.8,276.919654396796,-7.11965439679623
2020-10-22,266.7,277.433365318261,-10.7333653182612
2020-10-23,265.3,277.962934764795,-12.6629347647946
2020-10-26,255.8,278.508466393342,-22.708466393342
2020-10-27,256.4,279.070058626478,-22.6700586264783
2020-10-28,252,279.647800500052,-27.6478005000519
2020-10-29,237.7,280.241771678961,-42.5417716789612
2020-10-30,223.7,280.852040399668,-57.1520403996679
2020-11-02,221,281.478657313549,-60.4786573135489
2020-11-03,229.3,282.121649447602,-52.8216494476024
2020-11-04,238.2,282.781018829425,-44.5810188294255
2020-11-05,234.2,283.456745652251,-49.2567456522513
2020-11-06,230.7,284.148791681297,-53.4487916812969
2020-11-09,237.2,284.857098321067,-47.6570983210674
2020-11-10,248.1,285.581584882425,-37.4815848824246
2020-11-11,255.9,286.322150976766,-30.4221509767657
2020-11-12,251.9,287.078680722078,-35.1786807220781
2020-11-13,248.5,287.851045661059,-39.3510456610589
2020-11-16,260.8,288.63910279491,-27.8391027949097
2020-11-17,259.8,289.442692858769,-29.6426928587689
2020-11-18,259.7,290.261645080128,-30.5616450801277
2020-11-19,260.9,291.09577643345,-30.1957764334497
2020-11-20,260.6,291.944891260222,-31.3448912602221
2020-11-23,267.9,292.808781420211,-24.908781420211
2020-11-24,281.4,293.687225816447,-12.2872258164475
2020-11-25,289.8,294.579993055702,-4.7799930557016
2020-11-26,288.5,295.486846665677,-6.98684666567697
2020-11-27,289.1,296.407548198234,-7.30754819823412
2020-11-30,281.6,297.34185631712,-15.74185631712
2020-12-01,286.7,298.289526665497,-11.5895266654972
2020-12-02,284.1,299.250308379434,-15.1503083794335
2020-12-03,286.8,300.223945804334,-13.4239458043341
2020-12-04,295.9,301.21017702312,-5.31017702311958
2020-12-07,293.9,302.208734569785,-8.30873456978547
2020-12-08,283.6,303.219348783295,-19.6193487832953
2020-12-09,284.8,304.241746568104,-19.441746568104
2020-12-10,282.6,305.275646718866,-22.6756467188663
2020-12-11,288.3,306.320759993748,-18.0207599937475
2020-12-14,304.9,307.376787777749,-2.47678777774867
2020-12-15,300.5,308.443424006803,-7.94342400680295
2020-12-16,301.8,309.520361593036,-7.72036159303553
2020-12-17,314.7,310.607290165079,4.09270983492067
2020-12-18,315.4,311.703896160293,3.69610383970727
2020-12-21,308.8,312.809867707752,-4.00986770775213
2020-12-22,295.2,313.924894464404,-18.7248944644041
2020-12-23,291.4,315.048664429651,-23.6486644296505
2020-12-24,307.2,316.180857862804,-8.98085786280397
2020-12-25,309.6,317.321145247744,-7.72114524774396
2020-12-28,306.6,318.469193356015,-11.8691933560146
2020-12-29,305,319.624665767563,-14.6246657675634
2020-12-30,305.1,320.787221156092,-15.687221156092
2020-12-31,301.7,321.95651215006,-20.25651215006
2021-01-04,320.1,323.132184893448,-3.03218489344793
2021-01-05,311.1,324.313877157025,-13.2138771570245
2021-01-06,323.7,325.50122545816,-1.80122545815965
2021-01-07,335.3,326.693860852147,8.60613914785267
2021-01-08,336.5,327.891413649716,8.60858635028356
2021-01-11,325.7,329.093517719036,-3.39351771903644
2021-01-12,336.9,330.29981048672,6.60018951328029
2021-01-13,342.4,331.509927976635,10.8900720233654
2021-01-14,342.4,332.723508940903,9.67649105909683
2021-01-15,339.4,333.940196633158,5.45980336684159
2021-01-18,333,335.159638306916,-2.15963830691633
2021-01-19,334.3,336.381483472549,-2.08148347254884
2021-01-20,342.7,337.60538074772,5.09461925227975
2021-01-21,340,338.830977889696,1.16902211030423
2021-01-22,332.3,340.057924761651,-7.75792476165113
2021-01-25,332.1,341.285871709988,-9.18587170998813
2021-01-26,328,342.514465874295,-14.5144658742948
2021-01-27,335,343.743350597088,-8.74335059708795
2021-01-28,333.3,344.972163221189,-11.6721632211892
2021-01-29,335,346.20053747527,-11.2005374752698
2021-02-01,336.3,347.428102263198,-11.1281022631984
2021-02-02,346.8,348.654481858993,-1.85448185899304
2021-02-03,347.1,349.879295936761,-2.77929593676077
2021-02-04,357.5,351.102163404036,6.3978365959638
2021-02-05,358.1,352.322702019515,5.77729798048516
2021-02-08,362.1,353.540532186493,8.55946781350725
2021-02-09,376,354.755276696368,21.2447233036316
2021-02-10,371.2,355.966561878681,15.2334381213186
2021-02-18,399,357.17402284469,41.8259771553102
2021-02-19,388.4,358.377301002543,30.0226989974566
2021-02-22,392.2,359.576055049555,32.6239449504454
2021-02-23,412.9,360.769956093223,52.1300439067768
2021-02-24,405.8,361.958688726467,43.8413112735327
2021-02-25,417.8,363.141959090701,54.6580409092988
2021-02-26,405.9,364.319491449528,41.5805085504718
2021-03-01,409,365.491032660013,43.5089673399871
2021-03-02,387.1,366.656346766941,20.4436532330591
2021-03-03,392.8,367.815215799936,24.984784200064
2021-03-04,399.4,368.967430239201,30.4325697607993
2021-03-05,423.6,370.112790892663,53.4872091073368
2021-03-08,441.4,371.251111147839,70.1488888521605
2021-03-09,422.7,372.382226501715,50.3177734982845
2021-03-10,412,373.506001448001,38.4939985519988
2021-03-11,416.2,374.622321279746,41.5776787202539
2021-03-12,418.8,375.731087201874,43.068912798126
2021-03-15,428.1,376.832217605851,51.2677823941485
2021-03-16,416,377.925648686112,38.0743513138882
2021-03-17,420.9,379.0113378291,41.8886621709002
2021-03-18,411.5,380.089258159686,31.4107418403139
2021-03-19,379.5,381.159400117837,-1.65940011783654
2021-03-22,390.1,382.221767127445,7.87823287255529
2021-03-23,390.8,383.276361926474,7.52363807352624
2021-03-24,378.1,384.323190509425,-6.22319050942524
2021-03-25,383.2,385.362261980788,-2.16226198078764
2021-03-26,384.3,386.393582872635,-2.09358287263538
2021-03-29,388,387.417158823216,0.582841176784443
2021-03-30,398.6,388.432994605404,10.1670053945964
2021-03-31,399.7,389.441095232995,10.2589047670054
2021-04-01,392.8,390.441469922401,2.35853007759858
2021-04-02,408.8,391.434132130667,17.3658678693328
2021-04-06,388.1,392.419096289745,-4.31909628974489
2021-04-07,386,393.396384009959,-7.39638400995882
2021-04-08,383.5,394.366015116282,-10.8660151162823
2021-04-09,386.6,395.328006376319,-8.7280063763194
2021-04-12,382.4,396.282370066095,-13.8823700660955
2021-04-13,392.8,397.229114853823,-4.42911485382329
2021-04-14,397.8,398.168243669335,-0.368243669335222
2021-04-15,411,399.099757611615,11.9002423883846
2021-04-16,412.8,400.023657627444,12.7763423725563
2021-04-19,412.3,400.939949582669,11.3600504173313
2021-04-20,414.3,401.848644624377,12.4513553756227
2021-04-21,402.5,402.749758595441,-0.249758595441196
2021-04-22,395.3,403.643312485633,-8.34331248563297
2021-04-23,399,404.529327181478,-5.52932718147786
2021-04-26,396.5,405.407820120702,-8.90782012070235
2021-04-27,402.4,406.278806455421,-3.87880645542067
2021-04-28,408.1,407.14229765564,0.957702344359945
2021-04-29,414.9,407.998303588012,6.90169641198832
2021-04-30,420.1,408.846834515071,11.2531654849291
2021-05-06,428.3,409.687903552214,18.6120964477858
2021-05-07,425.7,410.521528466469,15.1784715335314
2021-05-10,428.3,411.347734718332,16.9522652816684
2021-05-11,418.6,412.166554042486,6.43344595751429
2021-05-12,425.8,412.978025181003,12.8219748189968
2021-05-13,423.8,413.782189535272,10.017810464728
2021-05-14,414.3,414.579093806771,-0.279093806770681
2021-05-17,427.1,415.368788837945,11.7312111620548
2021-05-18,436.6,416.151325355858,20.4486746441415
2021-05-19,421.2,416.926758936805,4.27324106319542
2021-05-20,411,417.695153609741,-6.69515360974062
2021-05-21,400.2,418.456575169986,-18.2565751699855
2021-05-24,414,419.211086645367,-5.21108664536685
2021-05-25,425,419.958743517176,5.04125648282373
2021-05-26,426.3,420.699599112652,5.60040088734833
2021-05-27,421.9,421.433708842876,0.466291157123666
2021-05-28,429.9,422.161130433939,7.73886956606119
2021-05-31,428.8,422.881921804639,5.91807819536149
2021-06-01,440,423.596144072732,16.4038559272676
2021-06-02,438.9,424.303860802272,14.5961391977276
2021-06-03,448.1,425.005142337997,23.0948576620025
2021-06-04,445.2,425.700065058118,19.4999349418817
2021-06-07,442.8,426.388714887308,16.4112851126923
2021-06-08,443,427.071185810739,15.9288141892613
2021-06-09,453.2,427.747578597354,25.4524214026462
2021-06-10,446.4,428.418000600436,17.9819993995638
2021-06-11,453.5,429.082569694248,24.4174303057522
2021-06-15,454.4,429.74141118611,24.6585888138898
2021-06-16,458.5,430.394660476528,28.1053395234721
2021-06-17,457.9,431.042463158866,26.8575368411343
2021-06-18,442.4,431.684976444107,10.7150235558932
2021-06-21,451.8,432.322368645057,19.4776313549433
2021-06-22,461.8,432.954812503704,28.8451874962962
2021-06-23,466,433.582488813272,32.4175111867283
2021-06-24,465.5,434.205590290448,31.2944097095516
2021-06-25,466.3,434.824323052004,31.475676947996
2021-06-28,463.9,435.438906150568,28.4610938494316
2021-06-29,456.3,436.049571649545,20.250428350455
2021-06-30,459,436.656563377012,22.343436622988
2021-07-01,459.5,437.260133531769,22.2398664682309
2021-07-02,468.1,437.860543548475,30.2394564515254
2021-07-05,471.6,438.458064054874,33.1419359451264
2021-07-06,474.1,439.052978178467,35.0470218215328
2021-07-07,450.9,439.645582746313,11.2544172536874
2021-07-08,438.9,440.236189072493,-1.33618907249337
2021-07-09,444.6,440.825113123217,3.77488687678283
2021-07-12,448.6,441.412670312363,7.18732968763716
2021-07-13,454.7,441.999177614199,12.7008223858012
2021-07-14,460.9,442.584954973943,18.3150450260568
2021-07-15,439.3,443.170327586826,-3.87032758682586
2021-07-16,434,443.755628218778,-9.75562821877783
2021-07-19,427.9,444.341188035894,-16.4411880358943
2021-07-20,414.5,444.927334171685,-30.4273341716848
2021-07-21,413.1,445.514386963535,-32.4143869635354
2021-07-22,426.4,446.102654171391,-19.7026541713908
2021-07-23,436.6,446.692430156396,-10.0924301563962
2021-07-26,439.2,447.284001135409,-8.08400113540887
2021-07-27,446,447.877649153481,-1.87764915348103
2021-07-28,450.5,448.473652914068,2.02634708593228
2021-07-29,452.9,449.072290344475,3.82770965552474
2021-07-30,452.2,449.673840209622,2.52615979037824
2021-08-02,449.3,450.278582856653,-0.978582856653104
2021-08-03,435.2,450.886799676908,-15.6867996769084
2021-08-04,436.4,451.498771657249,-15.0987716572494
2021-08-05,421.4,452.114773300214,-30.7147733002139
2021-08-06,433.2,452.735072867142,-19.5350728671424
2021-08-09,418.6,453.359925923102,-34.759925923102
2021-08-10,424.4,453.989579958163,-29.589579958163
2021-08-11,433.2,454.624268094038,-21.4242680940384
2021-08-12,431.4,455.264211221281,-23.8642112212811
2021-08-13,429.1,455.909621374524,-26.8096213745235
2021-08-16,423.9,456.560700723895,-32.6607007238954
2021-08-17,422,457.217640357503,-35.2176403575034
2021-08-18,422.5,457.880617862836,-35.3806178628363
2021-08-19,405.9,458.549796269828,-52.6497962698281
2021-08-20,405.3,459.225323983486,-53.9253239834856
2021-08-23,405.5,459.90732764552,-54.4073276455196
2021-08-24,422.6,460.595911607062,-37.9959116070617
2021-08-25,429.5,461.291157729447,-31.791157729447
2021-08-26,432.7,461.993132168028,-29.2931321680281
2021-08-27,438.2,462.701887936976,-24.5018879369765
2021-08-30,438.3,463.417465941853,-25.1174659418533
2021-08-31,440.8,464.13989696014,-23.3398969601396
2021-09-01,446.5,464.869201386744,-18.3692013867437
2021-09-02,444.8,465.605389968821,-20.8053899688211
2021-09-03,456,466.348465860417,-10.3484658604169
2021-09-06,447.5,467.098423615492,-19.598423615492
2021-09-07,456.9,467.855253510336,-10.9552535103364
2021-09-08,453.8,468.618937720055,-14.8189377200554
2021-09-09,457.1,469.389453891301,-12.2894538913009
2021-09-10,447.3,470.166773545148,-22.8667735451482
2021-09-13,460,470.950863122737,-10.9508631227373
2021-09-14,464.1,471.741679612983,-7.64167961298279
2021-09-15,467.3,472.539175478169,-5.23917547816934
2021-09-16,473.7,473.343300021793,0.356699978206532
2021-09-17,474.6,474.154000381702,0.445999618297854
2021-09-22,473.9,474.971223843182,-1.07122384318231
2021-09-23,479.4,475.7949178759,3.60508212409966
2021-09-24,488.6,476.625029506686,11.974970493314
2021-09-27,494.5,477.461507252595,17.0384927474048
2021-09-28,507.6,478.304304580627,29.2956954193727
2021-09-29,489.2,479.153382000844,10.0466179991559
2021-09-30,494.6,480.008712132958,14.5912878670421
2021-10-08,528.1,480.870271749521,47.2297282504791
2021-10-11,530,481.738043654574,48.2619563454262
2021-10-12,529.5,482.61203017499,46.88796982501
2021-10-13,524,483.492253587238,40.5077464127618
2021-10-14,526.5,484.378755549366,42.121244450634
2021-10-15,529.2,485.271594463694,43.928405536306
2021-10-18,543,486.170846143764,56.8291538562357
2021-10-19,530.4,487.07660456138,43.3233954386196
2021-10-20,524.4,487.988987179199,36.4110128208013
2021-10-21,529.8,488.90812936806,40.89187063194
2021-10-22,520.2,489.834181549634,30.3658184503662
2021-10-25,533.2,490.767311048655,42.4326889513455
2021-10-26,531.6,491.707697741841,39.8923022581589
2021-10-27,528.3,492.655539045909,35.6444609540906
2021-10-28,517.5,493.61104886743,23.8889511325697
2021-10-29,525.5,494.574455846969,30.9255441530306
2021-11-01,520.3,495.545998499828,24.7540015001719
2021-11-02,534.8,496.525928124683,38.2740718753172
2021-11-03,524.3,497.514506252512,26.7854937474879
2021-11-04,510.2,498.512010235246,11.6879897647544
2021-11-05,508.5,499.518728496895,8.98127150310528
2021-11-08,532,500.534954292774,31.4650457072261
2021-11-09,524.9,501.560984590712,23.3390154092879
2021-11-10,538,502.597129364912,35.4028706350875
2021-11-11,519.3,503.643708237025,15.656291762975
2021-11-12,514.7,504.701055462801,9.99894453719881
2021-11-15,508.1,505.76951176967,2.33048823032964
2021-11-16,518,506.849422018232,11.1505779817677
2021-11-17,519,507.941132032379,11.0588679676209
2021-11-18,489.9,509.044992245262,-19.1449922452621
2021-11-19,506.3,510.161357661289,-3.8613576612893
2021-11-22,487.5,511.290575371094,-23.7905753710943
2021-11-23,491.2,512.432990869188,-21.2329908691875
2021-11-24,513.4,513.58893981604,-0.188939816040024
2021-11-25,509.1,514.758749095224,-5.65874909522375
2021-11-26,496.3,515.942745512205,-19.6427455122054
2021-11-29,473.6,517.141253533388,-43.5412535333878
2021-11-30,447.8,518.354589505622,-70.5545895056219
2021-12-01,451.4,519.583051777555,-68.1830517775553
2021-12-02,441.1,520.826909533454,-79.7269095334537
2021-12-03,446.7,522.086403773379,-75.3864037733786
2021-12-06,451.2,523.361742541511,-72.1617425415114
2021-12-07,463.8,524.653102720375,-60.8531027203748
2021-12-08,473.4,525.960631363683,-52.5606313636831
2021-12-09,477.7,527.284450370988,-49.584450370988
2021-12-10,465,528.624659915305,-63.6246599153047
2021-12-13,486,529.981339673444,-43.9813396734445
2021-12-14,469,531.35454302237,-62.3545430223695
2021-12-15,460,532.74430515893,-72.7443051589299
2021-12-16,470.5,534.150635505099,-63.6506355050991
2021-12-17,469.2,535.573513413281,-66.3735134132807
2021-12-20,450.5,537.012891925283,-86.5128919252832
2021-12-21,454.4,538.468696646757,-84.0686966467571
2021-12-22,465.6,539.940817422407,-74.3408174224072
2021-12-23,472.6,541.429109346315,-68.8291093463149
2021-12-24,478.6,542.933396783067,-64.333396783067
2021-12-27,472.9,544.453475646033,-71.5534756460327
2021-12-28,494,545.989115255774,-51.989115255774
2021-12-29,493.4,547.540055355519,-54.1400553555193
2021-12-30,498.6,549.106014198294,-50.5060141982937
2021-12-31,499,550.686687657785,-51.6866876577846
2022-01-04,494.1,552.281750730508,-58.181750730508
2022-01-05,502.8,553.890857047817,-51.0908570478175
2022-01-06,501,555.513636191061,-54.5136361910608
2022-01-07,519.4,557.149696622654,-37.7496966226545
2022-01-10,512,558.798624271325,-46.7986242713253
2022-01-11,504.6,560.459989461559,-55.8599894615587
2022-01-12,518.4,562.133343173119,-43.7333431731189
2022-01-13,524.1,563.818213295612,-39.7182132956118
2022-01-14,527,565.514109640947,-38.5141096409466
2022-01-17,534.8,567.220525603134,-32.4205256031342
2022-01-18,543.4,568.936938656046,-25.5369386560459
2022-01-19,544.6,570.662812872168,-26.0628128721679
2022-01-20,545.4,572.397601768061,-26.9976017680606
2022-01-21,536.4,574.140748086953,-37.740748086953
2022-01-24,543.8,575.891683412345,-32.0916834123453
2022-01-25,533.8,577.64982372726,-43.8498237272604
2022-01-26,539.1,579.414571749291,-40.3145717492907
2022-01-27,542.6,581.185312070279,-38.5853120702789
2022-01-28,534.5,582.961412617645,-48.4614126176451
2022-02-07,566.9,584.742225369181,-17.8422253691814
2022-02-08,558.4,586.527082270694,-28.1270822706945
2022-02-09,544.4,588.315307892732,-43.9153078927321
2022-02-10,549.7,590.10621517923,-40.4062151792296
2022-02-11,546.1,591.899098921304,-45.799098921304
2022-02-14,576.8,593.693237207767,-16.8932372077667
2022-02-15,577.7,595.487889195925,-17.7878891959252
2022-02-16,562.1,597.2823070601,-35.1823070601004
2022-02-17,565.9,599.075735621815,-33.1757356218151
2022-02-18,567.3,600.86740515964,-33.5674051596401
2022-02-21,569.5,602.656532238636,-33.1565322386356
2022-02-22,596.9,604.442319548442,-7.54231954844246
2022-02-23,590,606.223956073118,-16.2239560731182
2022-02-24,620.8,608.000627679045,12.7993723209546
2022-02-25,612.3,609.771513526248,2.52848647375196
2022-02-28,621.2,611.535798065524,9.6642019344757
2022-03-01,622.8,613.292666792837,9.50733320716299
2022-03-02,663.9,615.041309198952,48.8586908010475
2022-03-03,719.9,616.780918704554,103.119081295446
2022-03-04,693.2,618.510708926584,74.6892910734163
2022-03-07,761.4,620.229936107239,141.17006389276
2022-03-08,785,621.937887362268,163.062112637732
2022-03-09,806.6,623.633908161467,182.966091838533
2022-03-10,700.3,625.317411377899,74.9825886221011
2022-03-11,683,626.987885515542,56.012114484458
2022-03-14,683.5,628.64485007309,54.8551499269101
2022-03-15,628.1,630.287847702411,-2.18784770241061
2022-03-16,632.9,631.916443730271,0.983556269729324
2022-03-17,619.4,633.530202579101,-14.1302025791009
2022-03-18,676,635.128689077873,40.8713109221268
2022-03-21,676.1,636.711462214715,39.3885377852845
2022-03-22,713,638.27809787232,74.7219021276805
2022-03-23,699,639.828188214951,59.1718117850495
2022-03-24,723,641.361356293992,81.6386437060078
2022-03-25,722.6,642.877249620027,79.7227503799729
2022-03-28,704.9,644.37554944975,60.5244505502503
2022-03-29,677.8,645.855969994069,31.9440300059312
2022-03-30,690.7,647.318250482297,43.3817495177035
2022-03-31,675.1,648.76214334804,26.3378566519604
2022-04-01,648.7,650.187418957272,-1.48741895727222
2022-04-06,677.1,651.593858562894,25.5061414371057
2022-04-07,628.7,652.981242803015,-24.2812428030149
2022-04-08,625.6,654.349362858933,-28.749362858933
2022-04-11,624.6,655.697999875109,-31.097999875109
2022-04-12,635.4,657.026923112092,-21.6269231120922
2022-04-13,650.5,658.335888975805,-7.83588897580474
2022-04-14,666,659.62464493252,6.37535506748002
2022-04-15,690.2,660.892935209376,29.3070647906242
2022-04-18,695.7,662.140506668875,33.5594933311252
2022-04-19,695.9,663.367118287879,32.5328817121206
2022-04-20,676.6,664.572542915397,12.0274570846034
2022-04-21,682.4,665.756566848183,16.6434331518175
2022-04-22,674,666.918981354748,7.08101864525177
2022-04-25,635.2,668.059584583246,-32.8595845832456
2022-04-26,642.1,669.17817760893,-27.0781776089295
2022-04-27,664.7,670.274547924053,-5.57454792405307
2022-04-28,652.8,671.348471828031,-18.5484718280311
2022-04-29,673.4,672.399723315887,1.00027668411338
2022-05-05,693.1,673.428068715466,19.6719312845345
2022-05-06,697.7,674.433274768107,23.2667252318935
2022-05-09,702.7,675.415116346703,27.2848836532974
2022-05-10,657.4,676.373377941698,-18.9733779416975
2022-05-11,661.2,677.307855322001,-16.1078553220012
2022-05-12,678.7,678.218336413694,0.481663586306258
2022-05-13,690.6,679.104602484507,11.4953975154931
2022-05-16,702.5,679.966435001268,22.5335649987315
2022-05-17,729.9,680.80362018258,49.0963798174202
2022-05-18,711.7,681.615953561484,30.0840464385163
2022-05-19,694.4,682.403250965467,11.9967490345326
2022-05-20,697.9,683.165340657609,14.7346593423909
2022-05-23,706,683.902055859891,22.097944140109
2022-05-24,685.8,684.613235885098,1.18676411490193
2022-05-25,709.4,685.298729180337,24.1012708196635
2022-05-26,714.9,685.958384683333,28.9416153166674
2022-05-27,730.3,686.59206129427,43.7079387057297
2022-05-30,734.8,687.199629876622,47.6003701233784
2022-05-31,757.2,687.780979360958,69.4190206390416
2022-06-01,734.9,688.336018354024,46.5639816459762
2022-06-02,714.5,688.864684157458,25.6353158425418
2022-06-06,750.2,689.366933320725,60.8330666792746
2022-06-07,753.9,689.84273298977,64.0572670102295
2022-06-08,758,690.292075456525,67.7079245434745
2022-06-09,770.1,690.714979491689,79.3850205083107
2022-06-10,767.9,691.111491853578,76.7885081464216
2022-06-13,753.5,691.481692115139,62.018307884861
2022-06-14,774.8,691.825691590643,82.9743084093569
2022-06-15,758,692.143627230132,65.8563727698676
2022-06-16,745.4,692.435670281963,52.9643297180373
2022-06-17,738,692.70201921689,45.2979807831105
2022-06-20,692.9,692.942894398963,-0.0428943989627673
2022-06-21,708.2,693.15853491656,15.0414650834404
2022-06-22,683.9,693.349179840386,-9.44917984038613
2022-06-23,694.4,693.515074458647,0.884925541353354
2022-06-24,675.1,693.656460153656,-18.556460153656
2022-06-27,700.5,693.773578673494,6.72642132650578
2022-06-28,727.6,693.866664095812,33.7333359041876
2022-06-29,727.7,693.935953278551,33.7640467214493
2022-06-30,720.6,693.981697023846,26.6183029761539
2022-07-01,696.6,694.004160090397,2.59583990960328
2022-07-04,716.9,694.003618239868,22.8963817601324
2022-07-05,723,693.980348306917,29.0196516930834
2022-07-06,676,693.934636590712,-17.9346365907121
2022-07-07,642.3,693.866781385977,-51.5667813859768
2022-07-08,678.1,693.777073573918,-15.6770735739181
2022-07-11,680.3,693.665782720113,-13.3657827201128
2022-07-12,677.4,693.533171909918,-16.1331719099185
2022-07-13,658.5,693.379498703784,-34.8794987037842
2022-07-14,650.3,693.205013993319,-42.9050139933194
2022-07-15,648,693.009954252404,-45.0099542524038
2022-07-18,683,692.79453821969,-9.79453821969023
2022-07-19,663.1,692.558966028562,-29.4589660285619
2022-07-20,662.2,692.303433763678,-30.1034337636779
2022-07-21,659.7,692.028125332573,-32.3281253325735
2022-07-22,659.9,691.733212199249,-31.8332121992489
2022-07-25,639.6,691.418852464513,-51.8188524645131
2022-07-26,678.5,691.085191070649,-12.5851910706486
2022-07-27,659.9,690.732351540079,-30.8323515400788
2022-07-28,690.7,690.36045219302,0.3395478069804
2022-07-29,686.6,689.969598604874,-3.36959860487376
2022-08-01,692.1,689.55989649135,2.5401035086499
2022-08-02,681,689.131450175276,-8.13145017527637
2022-08-03,677.8,688.684365029524,-10.8843650295236
2022-08-04,657.7,688.218743065769,-30.5187430657686
2022-08-05,653,687.734681796415,-34.7346817964147
2022-08-08,665.2,687.232266118773,-22.0322661187731
2022-08-09,671.3,686.711566572123,-15.4115665721227
2022-08-10,675.5,686.172644588558,-10.6726445885585
2022-08-11,691.1,685.615555229646,5.4844447703545
2022-08-12,703.6,685.040349145302,18.5596508546982
2022-08-15,697.2,684.447079252443,12.7529207475566
2022-08-16,687.6,683.835806139898,3.76419386010185
2022-08-17,663.4,683.206595667967,-19.8065956679668
2022-08-18,679.1,682.559515252907,-3.45951525290702
2022-08-19,692.7,681.894624123795,10.805375876205
2022-08-22,699.3,681.211980079659,18.0880199203408
2022-08-23,712.8,680.51164538598,32.2883546140202
2022-08-24,734.1,679.793689785134,54.3063102148658
2022-08-25,745.2,679.058196366208,66.1418036337924
2022-08-26,740,678.305270666387,61.6947293336132
2022-08-29,729.5,677.535045563126,51.9649544368738
2022-08-30,736.7,676.747679436026,59.9523205639744
2022-08-31,716.5,675.943352144942,40.5566478550579
2022-09-01,698.9,675.122268331569,23.7777316684309
2022-09-02,695.4,674.284649402112,21.115350597888
2022-09-05,703.9,673.430726591524,30.4692734084764
2022-09-06,703.5,672.560739862999,30.9392601370006
2022-09-07,684.1,671.674941774506,12.4250582254945
2022-09-08,664.9,670.773597673102,-5.87359767310172
2022-09-09,672,669.856978041801,2.14302195819931
2022-09-13,703.9,668.9253509357,34.9746490642996
2022-09-14,646.5,667.978985295806,-21.4789852958056
2022-09-15,675.9,667.018164520177,8.88183547982335
2022-09-16,663.5,666.043163128344,-2.54316312834431
2022-09-19,634.7,665.054259311237,-30.3542593112371
2022-09-20,642.1,664.051730208522,-21.951730208522
2022-09-21,660,663.03584041266,-3.03584041266016
2022-09-22,652.1,662.006845442133,-9.90684544213305
2022-09-23,651.1,660.964999560537,-9.86499956053701
2022-09-26,610.3,659.910552936348,-49.6105529363486
2022-09-27,608.8,658.843751660314,-50.0437516603145
2022-09-28,608.5,657.764821316124,-49.2648213161239
2022-09-29,630.9,656.673966801407,-25.7739668014071
2022-09-30,634.4,655.571372649695,-21.1713726496947
2022-10-10,701.9,654.457212740602,47.4427872593975
2022-10-11,695.3,653.331652202311,41.9683477976886
2022-10-12,690.9,652.19487577401,38.7051242259899
2022-10-13,685.3,651.04708554288,34.2529144571196
2022-10-14,690.1,649.888499595252,40.2115004047485
2022-10-17,671,648.719350176213,22.2806498237867
2022-10-18,675.7,647.539886152698,28.1601138473024
2022-10-19,662.6,646.350365601546,16.2496343984539
2022-10-20,672.4,645.151058239859,27.2489417601407
2022-10-21,664,643.942240501699,20.057759498301
2022-10-24,666.2,642.724200084711,23.4757999152895
2022-10-25,673.1,641.497232977614,31.6027670223862
2022-10-26,666.7,640.261644873126,26.438355126874
2022-10-27,678.9,639.017754527245,39.8822454727555
2022-10-28,684.6,637.76589162451,46.8341083754896
2022-10-31,679.8,636.506402335207,43.2935976647926
2022-11-01,692.4,635.239652188943,57.1603478110573
2022-11-02,698.5,633.966024611162,64.533975388838
2022-11-03,701.8,632.68592665508,69.1140733449199
2022-11-04,710.5,631.399792049684,79.100207950316
2022-11-07,714.9,630.108083092937,84.791916907063
2022-11-08,714.7,628.811294779636,85.8887052203638
2022-11-09,689.9,627.509957154153,62.3900428458472
2022-11-10,670.7,626.204635763792,44.4953642362077
2022-11-11,677.2,624.895921945409,52.3040780545909
2022-11-14,665.1,623.584425428438,41.5155745715619
2022-11-15,649.7,622.270777562724,27.4292224372757
2022-11-16,640.2,620.955626858977,19.2443731410232
2022-11-17,628.9,619.639633166045,9.26036683395534
2022-11-18,618.1,618.323464287626,-0.223464287625907
2022-11-21,600.2,617.007791855283,-16.8077918552825
2022-11-22,593.5,615.693287408205,-22.1932874082047
2022-11-23,597,614.380615537915,-17.3806155379154
2022-11-24,570.1,613.07043166213,-42.9704316621303
2022-11-25,572.6,611.763384014116,-39.1633840141157
2022-11-28,548.2,610.460103064882,-62.2601030648822
2022-11-29,573.6,609.161203096879,-35.5612030968793
2022-11-30,570.6,607.867272656738,-37.2672726567382
2022-12-01,572,606.578885591504,-34.5788855915039
2022-12-02,572.5,605.296600343444,-32.7966003434444
2022-12-05,558.6,604.020961061309,-45.4209610613093
2022-12-06,544.2,602.752498337033,-58.5524983370333
2022-12-07,515,601.491723987354,-86.4917239873543
2022-12-08,511.7,600.239125625794,-88.5391256257937
2022-12-09,501,598.995155113625,-97.9951551136248
2022-12-12,499.3,597.760227713657,-98.4602277136567
2022-12-13,527.4,596.534718181388,-69.1347181813876
2022-12-14,529.4,595.318960572874,-65.918960572874
2022-12-15,536.9,594.113260366592,-57.2132603665918
2022-12-16,536.2,592.917895792847,-56.7178957928474
2022-12-19,533.5,591.733121432228,-58.2331214322285
2022-12-20,535.7,590.559168420445,-54.8591684204447
2022-12-21,542.3,589.396243821983,-47.0962438219828
2022-12-22,546.4,588.244532024731,-41.8445320247306
2022-12-23,544.4,587.104197948939,-42.7041979489388
2022-12-26,559.4,585.975389217934,-26.5753892179341
2022-12-27,566.4,584.858235802881,-18.4582358028814
2022-12-28,559.7,583.752856689773,-24.0528566897728
2022-12-29,552.2,582.659363234669,-30.459363234669
2022-12-30,562.8,581.57785685118,-18.7778568511801
2023-01-03,567.1,580.508426362184,-13.4084263621843
2023-01-04,538,579.45115282861,-41.4511528286097
2023-01-05,524.1,578.406111768878,-54.3061117688782
2023-01-06,528.8,577.373361567139,-48.5733615671389
2023-01-09,526.3,576.352938159575,-50.0529381595752
2023-01-10,522.1,575.344857404123,-53.244857404123
2023-01-11,519.8,574.349114468828,-54.5491144688285
2023-01-12,530.8,573.365682512464,-42.5656825124642
2023-01-13,538,572.394512145398,-34.3945121453984
2023-01-16,542.3,571.435536383043,-29.1355363830428
2023-01-17,547.3,570.488674023483,-23.1886740234835
2023-01-18,563.5,569.553831821381,-6.05383182138126
2023-01-19,549.3,568.630906946142,-19.3309069461423
2023-01-20,563.9,567.719794064696,-3.81979406469624
2023-01-30,552.4,566.820379853443,-14.420379853443
2023-01-31,540.5,565.932549409768,-25.4325494097678
2023-02-01,551.4,565.056181870259,-13.6561818702586
2023-02-02,534.2,564.19114585871,-29.9911458587103
2023-02-03,531.9,563.337304354054,-31.4373043540537
2023-02-06,518.6,562.494507938017,-43.8945079380172
2023-02-07,530.3,561.66259419744,-31.3625941974405
2023-02-08,544.6,560.841382574955,-16.2413825749546
2023-02-09,554.8,560.030679549122,-5.23067954912226
2023-02-10,554,559.230284884998,-5.23028488499788
2023-02-13,563,558.439996185472,4.56000381452779
2023-02-14,566.9,557.65960889145,9.24039110854973
2023-02-15,562.3,556.888920328753,5.41107967124708
2023-02-16,574.2,556.12773164281,18.0722683571898
2023-02-17,564.3,555.375846215772,8.92415378422766
2023-02-20,556.6,554.63307490014,1.96692509985981
2023-02-21,548,553.899232237304,-5.89923223730426
2023-02-22,546,553.174133581707,-7.17413358170673
2023-02-23,534.9,552.457591849268,-17.5575918492677
2023-02-24,551.9,551.749416990429,0.150583009570804
2023-02-27,547.9,551.049411698024,-3.14941169802352
2023-02-28,548.2,550.357378727128,-2.1573787271282
2023-03-01,557.6,549.673119530983,7.92688046901686
2023-03-02,559,548.996434671035,10.0035653289651
2023-03-03,568.3,548.327127985398,19.972872014602
2023-03-06,570.6,547.665007447272,22.9349925527279
2023-03-07,582.8,547.009889285809,35.7901107141912
2023-03-08,564.7,546.36159921061,18.3384007893904
2023-03-09,560.7,545.719977725413,14.9800222745868
2023-03-10,546,545.084872914358,0.915127085642409
2023-03-13,552.6,544.456139053696,8.14386094630414
2023-03-14,529.5,543.833630797977,-14.333630797977
2023-03-15,522.6,543.217206168073,-20.6172061680733
2023-03-16,493.8,542.606717259921,-48.8067172599213
2023-03-17,498.5,542.002007647136,-43.502007647136
2023-03-20,481.5,541.402900728597,-59.9029007285968
2023-03-21,492.8,540.809201921195,-48.0092019211951
2023-03-22,503.5,540.220691880389,-36.7206918803886
2023-03-23,507,539.637131416549,-32.6371314165493
2023-03-24,508,539.05826616119,-31.0582661611901
2023-03-27,507.7,538.483828254941,-30.7838282549415
2023-03-28,519.7,537.913537000208,-18.2135370002078
2023-03-29,526.2,537.3470989746,-11.1470989745995
2023-03-30,523.3,536.784213226975,-13.4842132269753
2023-03-31,527.4,536.22457419843,-8.82457419843011
2023-04-03,569.7,535.667870756232,34.032129243768
2023-04-04,583.4,535.113788119912,48.2862118800878
2023-04-06,584.2,534.562025576535,49.6379744234648
2023-04-07,592,534.01230237273,57.98769762727
2023-04-10,587.9,533.464358273473,54.4356417265267
2023-04-11,588.6,532.917957013525,55.6820429864748
2023-04-12,593.8,532.372884829149,61.4271151708508
2023-04-13,601,531.828950973326,69.1710490266745
2023-04-14,596.2,531.285990090535,64.914009909465
2023-04-17,601.3,530.743865417789,70.5561345822112
2023-04-18,587.1,530.202467024938,56.8975329750616
2023-04-19,580.8,529.661714146905,51.1382858530953
2023-04-20,567,529.121549537761,37.878450462239
2023-04-21,554.2,528.581937090092,25.618062909908
2023-04-24,553.9,528.04285635391,25.8571436460899
2023-04-25,567.9,527.504297468704,40.3957025312963
2023-04-26,556.9,526.966261262267,29.9337387377329
2023-04-27,526.1,526.428765260352,-0.328765260352075
2023-04-28,531.7,525.891839362116,5.80816063788404
2023-05-04,496.9,525.355513330814,-28.4555133308137
2023-05-05,495.1,524.819819330564,-29.7198193305641
2023-05-08,513.9,524.284777763121,-10.3847777631213
2023-05-09,515.6,523.750396745258,-8.15039674525757
2023-05-10,519.4,523.2166801011,-3.81668010109982
2023-05-11,513,522.683628285726,-9.68362828572622
2023-05-12,494.8,522.151240176554,-27.3512401765537
2023-05-15,494.4,521.619510648175,-27.2195106481751
2023-05-16,503.6,521.088423269282,-17.488423269282
2023-05-17,498,520.557950357116,-22.5579503571156
2023-05-18,518,520.028056999904,-2.02805699990387
2023-05-19,523.9,519.498698961327,4.40130103867316
2023-05-22,507,518.969831166747,-11.9698311667471
2023-05-23,515.5,518.441410360848,-2.94141036084768
2023-05-24,527,517.913388340464,9.08661165953611
2023-05-25,531.5,517.385715686573,14.1142843134275
2023-05-26,521.9,516.858346736189,5.04165326381132
2023-05-29,532.1,516.331241660605,15.7687583393947
2023-05-30,529.7,515.804362715132,13.8956372848679
2023-05-31,503.9,515.27767867325,-11.3776786732495
2023-06-01,505.9,514.751164052335,-8.85116405233544
2023-06-02,518.3,514.224788666693,4.07521133330713
2023-06-05,527.8,513.69851867191,14.1014813280903
2023-06-06,525,513.172321908102,11.8276780918978
2023-06-07,523.7,512.646172044372,11.0538279556277
2023-06-08,535.6,512.120047638908,23.4799523610919
2023-06-09,525.5,511.593931819106,13.9060681808941
2023-06-12,514.5,511.06781741803,3.43218258197001
