"T00C2Date","T00C2Close","T00C2_hpft","T00C2_hpfc"
2015-03-23,97.02,95.9796545993683,1.04034540063168
2015-03-24,96.92,95.9786971004762,0.941302899523807
2015-03-25,96.85,95.977740031621,0.872259968378963
2015-03-26,96.37,95.9767842119365,0.393215788063462
2015-03-27,96.49,95.9758308211136,0.514169178886357
2015-03-30,96.16,95.9748812013828,0.185118798617149
2015-03-31,95.65,95.9739369075115,-0.323936907511544
2015-04-01,96.095,95.9729995707878,0.122000429212226
2015-04-02,96.32,95.9720706885971,0.347929311402923
2015-04-03,96.01,95.971151808755,0.0388481912450237
2015-04-07,95.93,95.9702446228972,-0.0402446228971919
2015-04-08,95.16,95.9693508387176,-0.809350838717613
2015-04-09,95.265,95.9684721472746,-0.703472147274602
2015-04-10,95.19,95.9676099050735,-0.777609905073467
2015-04-13,95.63,95.9667651778324,-0.3367651778324
2015-04-14,95.57,95.9659387098369,-0.395938709836904
2015-04-15,96.15,95.9651311061673,0.184868893832655
2015-04-16,96.18,95.9643428082389,0.215657191761069
2015-04-17,96.3,95.9635743338842,0.336425666115781
2015-04-20,97.25,95.9628262900798,1.28717370992021
2015-04-21,97.39,95.9620994228671,1.42790057713293
2015-04-22,97.42,95.9613950103533,1.45860498964666
2015-04-23,97.34,95.9607149208825,1.37928507911746
2015-04-24,97.03,95.9600616257273,1.06993837427274
2015-04-27,97.76,95.9594381663012,1.80056183369884
2015-04-28,97.74,95.9588480262873,1.78115197371272
2015-04-29,97.69,95.9582954336486,1.73170456635139
2015-04-30,97.955,95.9577853526047,1.9972146473953
2015-05-04,97.6,95.9573234631922,1.64267653680782
2015-05-05,97.505,95.9569162710158,1.54808372898421
2015-05-06,97.155,95.9565709606968,1.19842903930323
2015-05-07,97.2,95.9562953567718,1.24370464322816
2015-05-08,97.45,95.9560977791603,1.49390222083971
2015-05-11,97.32,95.9559870618787,1.36401293812132
2015-05-12,96.99,95.9559726564629,1.03402734353712
2015-05-13,97.225,95.9560645782768,1.26893542172322
2015-05-14,97.1,95.9562732701095,1.14372672989049
2015-05-15,97.185,95.9566096992773,1.22839030072275
2015-05-18,96.705,95.9570853058665,0.747914694133493
2015-05-19,96.56,95.9577120377313,0.602287962268693
2015-05-20,96.88,95.9585021518832,0.921497848116826
2015-05-21,96.675,95.9594681542957,0.715531845704265
2015-05-22,96.74,95.9606229318523,0.779377068147719
2015-05-25,96.52,95.9619796672086,0.558020332791356
2015-05-26,95.66,95.9635518651832,-0.303551865183194
2015-05-27,95.8,95.9653532612581,-0.165353261258109
2015-05-28,95,95.9673974654389,-0.967397465438952
2015-05-29,94.92,95.9696980193811,-1.04969801938112
2015-06-01,94.215,95.9722680648568,-1.75726806485678
2015-06-02,94.99,95.9751203097354,-0.98512030973542
2015-06-03,95.06,95.9782667355023,-0.918266735502267
2015-06-04,94.91,95.9817189164331,-1.07171891643314
2015-06-05,95.3,95.9854880472298,-0.685488047229821
2015-06-08,95.56,95.9895848795884,-0.429584879588411
2015-06-09,95.475,95.9940198818519,-0.519019881851924
2015-06-10,94.98,95.9988033447901,-1.01880334479007
2015-06-11,94.83,96.0039453446304,-1.17394534463038
2015-06-12,94.62,96.0094555364684,-1.38945553646837
2015-06-15,94.205,96.0153430901379,-1.81034309013795
2015-06-16,95.13,96.0216166011277,-0.891616601127748
2015-06-17,94.96,96.0282839166035,-1.06828391660352
2015-06-18,95.25,96.0353525151719,-0.785352515171937
2015-06-19,95.02,96.0428294338552,-1.02282943385519
2015-06-23,94.91,96.050721385041,-1.14072138504096
2015-06-24,94.885,96.0590346583216,-1.17403465832156
2015-06-25,94.8,96.0677750717607,-1.26777507176075
2015-06-26,94.715,96.0769479581236,-1.36194795812362
2015-06-29,94.535,96.086558126127,-1.55155812612697
2015-06-30,94.755,96.0966098215141,-1.34160982151413
2015-07-01,94.645,96.1071066486757,-1.46210664867568
2015-07-02,94.61,96.118051657436,-1.50805165743599
2015-07-03,95.22,96.129447293243,-0.909447293242998
2015-07-06,95.92,96.1412953781755,-0.221295378175524
2015-07-07,96.28,96.1535973583846,0.126402641615356
2015-07-08,95.8,96.1663545885469,-0.366354588546874
2015-07-09,96.15,96.1795684755882,-0.0295684755881993
2015-07-10,95.95,96.1932402749977,-0.243240274997679
2015-07-13,95.72,96.2073712300431,-0.487371230043086
2015-07-14,95.575,96.2219624834457,-0.646962483445679
2015-07-15,95.445,96.2370149764673,-0.792014976467309
2015-07-16,95.75,96.2525293829418,-0.502529382941837
2015-07-17,95.8,96.268506049316,-0.468506049315957
2015-07-20,95.75,96.2849451143103,-0.534945114310302
2015-07-21,95.54,96.3018465229837,-0.761846522983713
2015-07-22,95.63,96.3192099992719,-0.689209999271889
2015-07-23,95.91,96.337034952192,-0.427034952192028
2015-07-24,95.86,96.3553205058707,-0.495320505870683
2015-07-27,96.04,96.3740656079142,-0.334065607914241
2015-07-28,96.03,96.3932690011855,-0.363269001185494
2015-07-29,96.11,96.4129292904554,-0.302929290455386
2015-07-30,95.98,96.4330449303366,-0.453044930336646
2015-07-31,95.545,96.4536142502213,-0.908614250221303
2015-08-03,95.555,96.4746353922315,-0.919635392231461
2015-08-04,95.71,96.4961061229048,-0.786106122904817
2015-08-05,95.605,96.5180238286386,-0.913023828638648
2015-08-06,95.875,96.5403855708851,-0.665385570885105
2015-08-07,95.915,96.56318803369,-0.648188033689955
2015-08-10,95.675,96.5864276260537,-0.911427626053715
2015-08-11,95.19,96.6101004890437,-1.42010048904368
2015-08-12,95.33,96.6342023869791,-1.30420238697913
2015-08-13,95.325,96.6587284971669,-1.33372849716686
2015-08-14,95.475,96.6836734578093,-1.20867345780929
2015-08-17,95.12,96.7090313557981,-1.58903135579813
2015-08-18,95.505,96.7347957784083,-1.22979577840835
2015-08-19,95.465,96.7609596560744,-1.29595965607442
2015-08-20,95.45,96.7875154108814,-1.33751541088142
2015-08-21,95.49,96.8144549292167,-1.32445492921665
2015-08-24,95.79,96.8417695445934,-1.05176954459341
2015-08-25,96.04,96.8694500430474,-0.829450043047426
2015-08-26,96.375,96.8974867758564,-0.522486775856346
2015-08-27,96.8,96.9258697514358,-0.125869751435811
2015-08-28,96.955,96.9545887622265,0.000411237773534356
2015-08-31,97,96.9836335486394,0.0163664513605548
2015-09-02,97.5,97.0129938512563,0.487006148743695
2015-09-07,97.5,97.0426594174232,0.45734058257685
2015-09-09,97.2,97.0726201957956,0.127379804204451
2015-09-10,97.2,97.1028663240752,0.0971336759248403
2015-09-14,96.41,97.133387992617,-0.723387992617025
2015-09-15,96.655,97.1641754319269,-0.509175431926948
2015-09-16,96.535,97.1952185734921,-0.660218573492067
2015-09-17,96.365,97.2265071383266,-0.861507138326575
2015-09-18,96.395,97.2580305745368,-0.863030574536792
2015-09-21,96.415,97.2897779741164,-0.874777974116409
2015-09-22,96.26,97.3217380723175,-1.06173807231752
2015-09-23,96.305,97.353899242794,-1.04889924279397
2015-09-24,96.515,97.3862494203194,-0.871249420319415
2015-09-25,96.665,97.4187761060951,-0.753776106095059
2015-09-28,96.935,97.4514664411828,-0.516466441182777
2015-09-29,97.23,97.4843072550633,-0.254307255063264
2015-09-30,97.315,97.5172851637312,-0.202285163731162
2015-10-08,97.27,97.5503866780605,-0.280386678060488
2015-10-09,98.13,97.5835982253089,0.546401774691098
2015-10-12,98.185,97.6169061168333,0.568093883166746
2015-10-13,98.72,97.6502968898511,1.06970311014892
2015-10-14,98.715,97.683757316407,1.03124268359299
2015-10-15,98.53,97.717274610718,0.812725389282023
2015-10-16,98.07,97.7508364132752,0.319163586724832
2015-10-19,98.22,97.7844307005177,0.435569299482307
2015-10-20,99.165,97.8180455808142,1.34695441918585
2015-10-21,98.885,97.8516693425799,1.03333065742008
2015-10-22,99.29,97.8852908310072,1.40470916899284
2015-10-23,98.955,97.9188993184254,1.03610068157455
2015-10-26,99.245,97.9524846578146,1.29251534218545
2015-10-27,99.765,97.9860371304367,1.77896286956333
2015-10-28,99.39,98.0195475518279,1.37045244817215
2015-10-29,98.685,98.0530074728758,0.631992527124241
2015-10-30,98.83,98.0864090109582,0.743590989041827
2015-11-02,98.805,98.1197445446929,0.685255455307057
2015-11-03,98.6,98.1530067600687,0.446993239931288
2015-11-04,98.355,98.1861886263311,0.168811373668855
2015-11-05,98.665,98.2192832974949,0.445716702505107
2015-11-06,98.255,98.2522839973545,0.00271600264553015
2015-11-09,97.29,98.2851841339458,-0.995184133945769
2015-11-10,97.66,98.3179771164273,-0.657977116427313
2015-11-11,98.175,98.3506559425886,-0.17565594258859
2015-11-12,98.085,98.3832133382379,-0.298213338237895
2015-11-13,97.94,98.4156419565742,-0.475641956574223
2015-11-16,98.34,98.4479343275273,-0.107934327527329
2015-11-17,98.52,98.4800827844156,0.0399172155844178
2015-11-18,97.975,98.5120796159416,-0.537079615941629
2015-11-19,98.21,98.5439171273083,-0.333917127308318
2015-11-20,98.63,98.5755874017114,0.0544125982885859
2015-11-23,98.5,98.6070823843188,-0.107082384318762
2015-11-24,98.915,98.63839404279,0.276605957210022
2015-11-25,98.99,98.6695143005216,0.320485699478406
2015-11-26,99.275,98.7004351952475,0.574564804752475
2015-11-27,99.16,98.7311488971776,0.428851102822353
2015-11-30,99.35,98.7616478140242,0.588352185975775
2015-12-01,99.25,98.7919245307686,0.458075469231386
2015-12-02,98.94,98.8219718755935,0.118028124406446
2015-12-07,99.2,98.8517828660323,0.348217133967713
2015-12-11,99.2,98.8813505684059,0.318649431594074
2015-12-14,98.87,98.910668192974,-0.0406681929740325
2015-12-15,99.085,98.9397290817137,0.145270918286312
2015-12-16,99.16,98.9685265597908,0.191473440209226
2015-12-17,99.15,98.9970540124203,0.152945987579661
2015-12-18,99.56,99.0253049039656,0.534695096034388
2015-12-21,99.805,99.0532727620111,0.751727237988934
2015-12-22,99.905,99.0809513351625,0.82404866483755
2015-12-23,99.98,99.1083346827592,0.871665317240798
2015-12-24,100.28,99.1354172047699,1.1445827952301
2015-12-25,100.26,99.1621936614739,1.09780633852615
2015-12-28,100.48,99.1886592862755,1.29134071372449
2015-12-29,100.23,99.2148097663679,1.01519023363206
2015-12-30,100.15,99.2406413227328,0.909358677267197
2015-12-31,100.035,99.2661505959904,0.768849404009626
2016-01-04,99.865,99.2913346026534,0.573665397346616
2016-01-05,99.595,99.3161906770458,0.278809322954164
2016-01-06,100.02,99.3407163906221,0.679283609377865
2016-01-07,99.865,99.3649094300849,0.500090569915108
2016-01-08,100.24,99.3887677629257,0.851232237074251
2016-01-11,100.23,99.4122895633534,0.817710436646643
2016-01-12,100.62,99.4354733574415,1.18452664255849
2016-01-13,100.82,99.4583180092729,1.3616819907271
2016-01-14,100.445,99.4808228725656,0.964177127434434
2016-01-15,100.645,99.5029878639023,1.14201213609766
2016-01-18,100.285,99.524813298418,0.760186701582027
2016-01-19,100.13,99.5462999633095,0.583700036690488
2016-01-20,100.27,99.5674489600036,0.702551039996348
2016-01-21,100.365,99.5882616312063,0.776738368793657
2016-01-22,100.42,99.6087396100293,0.81126038997069
2016-01-25,99.835,99.6288848506565,0.206115149343498
2016-01-26,99.91,99.6486996426147,0.261300357385281
2016-01-27,99.77,99.6681863606299,0.101813639370141
2016-01-28,99.965,99.6873474874396,0.277652512560431
2016-01-29,100.365,99.7061855478672,0.658814452132775
2016-02-01,100.34,99.7247031815065,0.61529681849346
2016-02-02,99.92,99.7429033002779,0.177096699722103
2016-02-03,100.07,99.7607890704407,0.30921092955927
2016-02-04,100.25,99.7783637314601,0.471636268539918
2016-02-05,100.295,99.7956306506157,0.499369349384286
2016-02-15,100.7,99.8125933901428,0.887406609857219
2016-02-16,100.36,99.8292557186959,0.530744281304094
2016-02-17,100.415,99.8456217717473,0.569378228252704
2016-02-18,100.545,99.8616959041582,0.68330409584178
2016-02-19,100.495,99.8774827061481,0.617517293851905
2016-02-22,100.45,99.8929870503865,0.557012949613496
2016-02-23,100.405,99.9082140647994,0.496785935200585
2016-02-24,100.45,99.92316910756,0.526830892440038
2016-02-25,100.4,99.9378577421928,0.462142257807251
2016-02-26,100.57,99.9522857499929,0.61771425000714
2016-02-29,100.7,99.9664591032866,0.733540896713441
2016-03-01,100.6,99.9803840297382,0.619615970261762
2016-03-02,100.3,99.9940670602286,0.30593293977142
2016-03-03,100.68,100.007514981763,0.672485018236951
2016-03-04,100.685,100.020734707807,0.664265292193304
2016-03-07,100.605,100.033733429803,0.571266570196669
2016-03-08,100.6,100.046518613777,0.553481386222672
2016-03-09,100.6,100.059097961891,0.540902038108617
2016-03-10,100.83,100.071479405096,0.758520594904464
2016-03-14,99.65,100.083671097927,-0.433671097926516
2016-03-15,99.71,100.095681508464,-0.385681508463587
2016-03-16,99.985,100.107518925523,-0.122518925523005
2016-03-17,99.695,100.119191478497,-0.424191478496626
2016-03-18,99.68,100.130707246131,-0.450707246131404
2016-03-21,99.51,100.142074131831,-0.632074131830886
2016-03-22,99.625,100.153299852694,-0.528299852693783
2016-03-23,99.645,100.164391864546,-0.519391864545504
2016-03-24,99.855,100.175357404833,-0.320357404833241
2016-03-25,99.815,100.186203496308,-0.371203496308363
2016-03-28,99.615,100.1969370293,-0.581937029299524
2016-03-29,99.805,100.207564740695,-0.402564740694758
2016-03-30,99.8,100.218093126833,-0.418093126832541
2016-03-31,99.8,100.228528517648,-0.428528517647576
2016-04-01,99.87,100.238877070252,-0.36887707025152
2016-04-05,99.63,100.24914476462,-0.619144764619572
2016-04-06,99.575,100.259337428248,-0.684337428248077
2016-04-07,99.475,100.269460632704,-0.794460632703721
2016-04-08,99.68,100.279519666676,-0.599519666675563
2016-04-11,99.745,100.289519490455,-0.54451949045478
2016-04-12,99.75,100.299464816515,-0.549464816515143
2016-04-13,99.55,100.309360132248,-0.759360132247942
2016-04-14,99.265,100.319209697918,-1.05420969791775
2016-04-15,99.485,100.3290174599,-0.844017459900231
2016-04-18,99.505,100.338786928803,-0.833786928803205
2016-04-19,99.58,100.348521266352,-0.768521266351541
2016-04-20,99.295,100.358223289616,-1.06322328961621
2016-04-21,99.305,100.367895497992,-1.06289549799234
2016-04-22,99.385,100.377539951381,-0.99253995138127
2016-04-25,99.05,100.387158270326,-1.33715827032618
2016-04-26,99.345,100.396751665094,-1.05175166509404
2016-04-27,99.345,100.406320793224,-1.06132079322444
2016-04-28,99.61,100.415865877505,-0.805865877505053
2016-04-29,99.515,100.425386702016,-0.910386702016275
2016-05-03,99.75,100.434882717726,-0.684882717725917
2016-05-04,99.845,100.444352999285,-0.59935299928456
2016-05-05,99.85,100.45379633824,-0.603796338239798
2016-05-06,99.875,100.463211278391,-0.588211278390792
2016-05-09,100.245,100.472596113952,-0.227596113951566
2016-05-10,100.35,100.481948895993,-0.131948895993306
2016-05-11,100.27,100.491267581508,-0.221267581508005
2016-05-12,100.5,100.500550072945,-0.000550072945419092
2016-05-13,100.465,100.509794181292,-0.044794181292126
2016-05-16,100.305,100.518997717307,-0.213997717307322
2016-05-17,100.265,100.528158473234,-0.263158473234042
2016-05-18,100,100.537274152857,-0.537274152857383
2016-05-19,99.98,100.546342351183,-0.566342351183244
2016-05-20,100.155,100.55536044113,-0.400360441129985
2016-05-23,100.03,100.564325561513,-0.534325561512799
2016-05-24,100.09,100.573234685654,-0.483234685654022
2016-05-25,100.09,100.582084566007,-0.492084566007246
2016-05-26,99.995,100.590871755276,-0.595871755276295
2016-05-27,99.91,100.599592602757,-0.689592602757102
2016-05-30,99.9,100.608243211436,-0.708243211436037
2016-05-31,100,100.61681939925,-0.616819399249698
2016-06-01,99.99,100.625316691375,-0.635316691375439
2016-06-03,99.95,100.633730358022,-0.683730358022086
2016-06-06,100,100.642055406784,-0.642055406784275
2016-06-14,99.41,100.65028656263,-1.24028656263009
2016-06-15,99.485,100.658418285127,-1.17341828512749
2016-06-16,99.795,100.66644452116,-0.871444521159945
2016-06-17,99.73,100.674358732567,-0.944358732567182
2016-06-20,99.715,100.682154020968,-0.967154020968419
2016-06-21,99.835,100.689823097623,-0.85482309762329
2016-06-22,99.88,100.697358274009,-0.817358274008711
2016-06-23,99.865,100.704751508252,-0.839751508252067
2016-06-24,100.165,100.711994420618,-0.546994420617977
2016-06-27,100.45,100.719078284251,-0.269078284251214
2016-06-28,100.14,100.725994146191,-0.585994146191136
2016-06-29,100.105,100.732732942251,-0.627732942250893
2016-06-30,100.39,100.739285366018,-0.349285366017532
2016-07-01,100.63,100.745641851598,-0.115641851598197
2016-07-04,100.36,100.75179268872,-0.3917926887195
2016-07-05,100.265,100.757728119307,-0.492728119306798
2016-07-06,100.43,100.763438223333,-0.333438223333461
2016-07-07,100.69,100.768912877099,-0.078912877099218
2016-07-08,100.695,100.774141819074,-0.079141819074096
2016-07-11,100.495,100.779114755108,-0.284114755108047
2016-07-12,100.315,100.783821358338,-0.468821358337568
2016-07-13,100.25,100.788251184457,-0.538251184457461
2016-07-14,100.32,100.792393595371,-0.47239359537064
2016-07-15,100.55,100.796237730488,-0.246237730488195
2016-07-18,100.545,100.799772533953,-0.254772533953117
2016-07-19,100.6,100.802986848123,-0.202986848123499
2016-07-20,100.895,100.805869410045,0.089130589954977
2016-07-21,100.955,100.808408872856,0.146591127143841
2016-07-22,100.96,100.810593926539,0.149406073461321
2016-07-25,100.795,100.812413321669,-0.0174133216689583
2016-07-26,100.99,100.813855870583,0.17614412941738
2016-07-27,100.9,100.814910378417,0.0850896215833993
2016-07-28,101.165,100.815565723119,0.349434276880807
2016-07-29,101.065,100.815810817811,0.249189182188934
2016-08-01,100.935,100.815634720055,0.119365279945253
2016-08-02,101.075,100.815026590418,0.259973409581975
2016-08-03,101.185,100.81397563881,0.371024361190391
2016-08-04,101.21,100.8124711826,0.39752881739996
2016-08-05,101.465,100.810502692526,0.654497307473658
2016-08-08,101.475,100.808059803649,0.666940196351265
2016-08-09,101.59,100.80513242157,0.78486757843
2016-08-10,101.65,100.801710727578,0.848289272421764
2016-08-11,101.755,100.797785227397,0.957214772603289
2016-08-12,101.98,100.793346777395,1.18665322260472
2016-08-15,102.13,100.788386629619,1.34161337038144
2016-08-16,101.9,100.782896526626,1.11710347337443
2016-08-17,101.845,100.776868765544,1.0681312344555
2016-08-18,101.85,100.770296105269,1.07970389473066
2016-08-19,101.705,100.763171746217,0.94182825378344
2016-08-22,101.83,100.755489335108,1.07451066489165
2016-08-23,101.53,100.747242907981,0.782757092018792
2016-08-24,101.455,100.738426945032,0.716573054968098
2016-08-25,101.38,100.729036250017,0.650963749983242
2016-08-26,101.65,100.719065922895,0.930934077105373
2016-08-29,101.445,100.708511332706,0.736488667294317
2016-08-30,101.17,100.697368233301,0.472631766699137
2016-08-31,101.13,100.685632682968,0.444367317031764
2016-09-01,101.08,100.67330093536,0.4066990646396
2016-09-02,101,100.660369427815,0.33963057218494
2016-09-05,101,100.646834765782,0.353165234217723
2016-09-06,101.1,100.632693695102,0.46730630489827
2016-09-07,101.495,100.617943107597,0.877056892402839
2016-09-08,101.3,100.602580088258,0.697419911741536
2016-09-12,100.645,100.586602084616,0.0583979153844352
2016-09-13,100.92,100.570006832484,0.349993167516228
2016-09-14,100.975,100.552792091818,0.422207908182362
2016-09-19,101.01,100.534955767244,0.475044232756322
2016-09-20,101.04,100.516495937914,0.523504062086275
2016-09-21,101.035,100.497410879344,0.537589120656391
2016-09-22,101.02,100.477699083444,0.542300916556064
2016-09-23,101.15,100.457359264344,0.692640735655795
2016-09-26,101.25,100.436390360338,0.813609639662108
2016-09-27,101.225,100.414791596028,0.810208403971741
2016-09-28,101.2,100.392562532334,0.807437467666408
2016-09-29,101.18,100.369703065079,0.810296934921062
2016-09-30,101.19,100.346213423851,0.843786576149179
2016-10-10,101.535,100.322094173181,1.21290582681861
2016-10-11,101.435,100.297346226389,1.13765377361078
2016-10-12,101.305,100.27197099816,1.03302900183995
2016-10-13,101.41,100.24597037344,1.16402962656025
2016-10-14,101.47,100.219346664186,1.25065333581401
2016-10-17,101.53,100.192102663519,1.33789733648052
2016-10-18,101.485,100.164241681532,1.3207583184682
2016-10-19,101.66,100.135767581347,1.52423241865268
2016-10-20,101.89,100.106684772038,1.78331522796196
2016-10-21,101.95,100.076998292733,1.87300170726657
2016-10-24,101.605,100.046713919714,1.55828608028624
2016-10-25,101.5,100.015838203482,1.48416179651809
2016-10-26,101.285,99.9843783386735,1.30062166132655
2016-10-27,101.52,99.9523421334173,1.56765786658265
2016-10-28,101.56,99.9197379334675,1.64026206653254
2016-10-31,101.245,99.8865747325837,1.35842526741635
2016-11-01,101.33,99.8528622025454,1.47713779745461
2016-11-02,101.365,99.8186105766493,1.54638942335073
2016-11-03,101.53,99.7838306987817,1.74616930121827
2016-11-04,101.535,99.7485340520439,1.78646594795605
2016-11-07,101.295,99.7127328413344,1.58226715866558
2016-11-08,101.24,99.6764400100039,1.5635599899961
2016-11-09,101.26,99.639669155449,1.62033084455099
2016-11-10,100.98,99.6024345213788,1.37756547862118
2016-11-11,100.965,99.5647510212824,1.40024897871759
2016-11-14,100.82,99.5266341380793,1.29336586192066
2016-11-15,100.905,99.4880999334952,1.4169000665048
2016-11-16,100.735,99.4491650038817,1.28583499611825
2016-11-17,100.46,99.4098465312797,1.05015346872028
2016-11-18,100.415,99.3701622292421,1.04483777075789
2016-11-21,100.495,99.3301302454134,1.16486975458658
2016-11-22,100.535,99.2897691593317,1.24523084066831
2016-11-23,100.85,99.2490980320461,1.60090196795387
2016-11-24,100.76,99.2081364393335,1.55186356066654
2016-11-25,100.625,99.1669046187196,1.4580953812804
2016-11-28,100.69,99.1254234492082,1.56457655079175
2016-11-29,100.16,99.0837144125209,1.07628558747912
2016-11-30,100.02,99.041799637112,0.978200362888009
2016-12-05,100.1,98.9997016963294,1.10029830367063
2016-12-07,98.635,98.9574435678695,-0.322443567869521
2016-12-08,99.495,98.9150486842479,0.579951315752123
2016-12-09,99.495,98.8725403446949,0.622459655305156
2016-12-12,96.685,98.8299420881694,-2.14494208816943
2016-12-13,96.53,98.7872777109302,-2.25727771093023
2016-12-14,96.27,98.7445701226032,-2.47457012260324
2016-12-15,94.555,98.7018412997464,-4.14684129974642
2016-12-16,95.86,98.6591121960301,-2.79911219603012
2016-12-19,94.67,98.6164020509871,-3.94640205098715
2016-12-20,94.75,98.5737289471099,-3.82372894710987
2016-12-21,96.245,98.5311093356068,-2.28610933560681
2016-12-22,96.98,98.4885580871107,-1.50855808711067
2016-12-23,96.57,98.4460891272684,-1.87608912726842
2016-12-26,96.65,98.4037157581499,-1.75371575814985
2016-12-27,96.195,98.361450506325,-2.16645050632499
2016-12-28,96.635,98.3193051734482,-1.68430517344817
2016-12-29,97.675,98.2772906656503,-0.602290665650333
2016-12-30,97.32,98.2354171928383,-0.915417192838297
2017-01-03,97.39,98.1936947159562,-0.803694715956177
2017-01-04,97.23,98.1521328175514,-0.922132817551408
2017-01-05,97.45,98.1107407479565,-0.660740747956538
2017-01-06,97.24,98.0695273763307,-0.829527376330728
2017-01-09,97.635,98.0285012987105,-0.393501298710494
2017-01-10,97.59,97.9876707682387,-0.397670768238697
2017-01-11,97.27,97.9470438754003,-0.677043875400348
2017-01-12,97.355,97.9066285462997,-0.551628546299649
2017-01-13,97.495,97.866432427178,-0.371432427178038
2017-01-16,96.86,97.826462936256,-0.966462936255944
2017-01-17,96.6,97.7867273382182,-1.1867273382182
2017-01-18,96.65,97.7472324982531,-1.09723249825312
2017-01-19,96.94,97.7079847910033,-0.767984791003286
2017-01-20,97.235,97.6689901375602,-0.433990137560181
2017-01-23,97.085,97.6302541415608,-0.545254141560775
2017-01-24,96.27,97.5917822272479,-1.32178222724791
2017-01-25,96.03,97.5535795934786,-1.52357959347863
2017-01-26,95.885,97.5156508927375,-1.63065089273753
2017-02-03,95.305,97.4780001477235,-2.1730001477235
2017-02-06,95.27,97.4406307070897,-2.17063070708975
2017-02-07,95.55,97.4035450212585,-1.85354502125847
2017-02-08,95.715,97.3667446434007,-1.65174464340065
2017-02-09,95.95,97.3302303605059,-1.38023036050588
2017-02-10,96,97.2940022767992,-1.29400227679923
2017-02-13,96.26,97.2580599259739,-0.998059925973858
2017-02-14,96.09,97.2224023068347,-1.13240230683469
2017-02-15,95.925,97.1870280056286,-1.26202800562863
2017-02-16,96.58,97.1519351405133,-0.571935140513294
2017-02-17,96.73,97.117121307974,-0.387121307973978
2017-02-20,97.305,97.0825838680815,0.222416131918529
2017-02-21,96.945,97.0483200208862,-0.10332002088621
2017-02-22,97.25,97.0143270583763,0.235672941623691
2017-02-23,97.225,96.9806022298321,0.244397770167885
2017-02-24,97.465,96.9471428819509,0.517857118049107
2017-02-27,97.11,96.9139464624544,0.196053537545619
2017-02-28,97.355,96.881010633126,0.473989366874041
2017-03-01,97.185,96.8483331367896,0.336666863210405
2017-03-02,96.7,96.8159119121967,-0.115911912196728
2017-03-06,96.3,96.7837450372639,-0.483745037263906
2017-03-08,97,96.7518305419943,0.24816945800566
2017-03-13,95.48,96.7201662564304,-1.24016625643038
2017-03-14,95.55,96.6887501131976,-1.13875011319756
2017-03-15,95.67,96.6575795322866,-0.987579532286637
2017-03-16,96.355,96.6266514629755,-0.271651462975473
2017-03-17,96.28,96.595962446315,-0.315962446315032
2017-03-20,96.365,96.5655089110675,-0.20050891106752
2017-03-21,96.58,96.5352871553886,0.0447128446113994
2017-03-22,96.58,96.5052933945515,0.074706605448488
2017-03-23,96.7,96.4755238623123,0.224476137687727
2017-03-24,97.315,96.4459748233072,0.869025176692766
2017-03-27,97.31,96.4166426349625,0.893357365037545
2017-03-28,96.91,96.3875240139239,0.522475986076095
2017-03-29,96.905,96.3586160461157,0.546383953884322
2017-03-30,96.85,96.3299160334323,0.520083966567693
2017-03-31,96.84,96.3014215036216,0.5385784963784
2017-04-05,96.54,96.2731301994131,0.266869800586862
2017-04-06,96.81,96.245040086163,0.564959913836997
2017-04-07,97.16,96.217149239541,0.942850760459011
2017-04-10,96.835,96.1894559687481,0.645544031251858
2017-04-11,96.935,96.1619589727224,0.773041027277587
2017-04-12,96.77,96.1346572172433,0.635342782756733
2017-04-13,96.905,96.1075499876346,0.797450012365447
2017-04-14,96.49,96.0806368318452,0.409363168154824
2017-04-17,96.065,96.0539176274578,0.0110823725421469
2017-04-18,96.15,96.02739242127,0.122607578729981
2017-04-19,96.275,96.0010612646593,0.273938735340701
2017-04-20,96.225,95.9749242596849,0.250075740315121
2017-04-21,95.835,95.9489816216409,-0.113981621640854
2017-04-24,95.39,95.9232336691932,-0.533233669193174
2017-04-25,95.88,95.8976806738918,-0.0176806738918435
2017-04-26,95.93,95.8723226868696,0.0576773131304085
2017-04-27,96.095,95.8471597519507,0.247840248049305
2017-04-28,95.91,95.822191936801,0.0878080631989773
2017-05-02,95.775,95.7974194115335,-0.0224194115335068
2017-05-03,95.665,95.7728423825576,-0.107842382557557
2017-05-04,95.18,95.7484610470152,-0.568461047015162
2017-05-05,95.235,95.7242755574707,-0.489275557470716
2017-05-08,94.84,95.7002858315095,-0.860285831509509
2017-05-09,94.7,95.6764915844701,-0.976491584470058
2017-05-10,94.255,95.6528921760834,-1.39789217608345
2017-05-11,94.75,95.6294865624381,-0.879486562438075
2017-05-12,94.52,95.6062731217905,-1.08627312179054
2017-05-15,94.88,95.5832498688526,-0.703249868852571
2017-05-16,94.79,95.5604143693143,-0.770414369314331
2017-05-17,94.825,95.5377638981709,-0.712763898170856
2017-05-18,94.835,95.5152954119586,-0.680295411958604
2017-05-19,94.735,95.4930055725866,-0.758005572586587
2017-05-22,94.27,95.4708907607567,-1.20089076075666
2017-05-23,94.205,95.4489470438417,-1.2439470438417
2017-05-24,94.51,95.4271699928147,-0.917169992814671
2017-05-25,94.38,95.4055546644509,-1.02555466445095
2017-05-26,94.39,95.3840957364047,-0.994095736404712
2017-05-31,94.82,95.3627874624069,-0.542787462406938
2017-06-05,94.5,95.3416236852695,-0.841623685269484
2017-06-12,95.34,95.3205980234377,0.0194019765622829
2017-06-13,95.435,95.2997037474637,0.135296252536333
2017-06-14,95.525,95.2789341359191,0.246065864080938
2017-06-15,95.43,95.2582825233021,0.171717476697859
2017-06-16,95.345,95.2377423458243,0.107257654175651
2017-06-19,95.93,95.2173071106787,0.712692889321292
2017-06-20,95.835,95.1969703693938,0.638029630606175
2017-06-21,95.485,95.1767259680971,0.3082740319029
2017-06-22,95.225,95.1565680166519,0.0684319833481118
2017-06-23,95.42,95.1364907523493,0.283509247650676
2017-06-26,95.75,95.1164884407678,0.633511559232245
2017-06-27,95.705,95.0965554646768,0.608444535323206
2017-06-28,95.585,95.0766864687143,0.508313531285719
2017-06-29,95.415,95.0568763490245,0.358123650975516
2017-06-30,95.275,95.0371202118682,0.237879788131842
2017-07-03,94.9,95.01741331154,-0.117413311539973
2017-07-04,94.995,94.9977510006645,-0.00275100066446307
2017-07-05,95.235,94.9781285833322,0.256871416667765
2017-07-06,95.35,94.9585413624968,0.391458637503201
2017-07-07,95.115,94.9389847472919,0.176015252708104
2017-07-10,95.095,94.9194543086646,0.175545691335417
2017-07-11,95.19,94.8999456903195,0.290054309680454
2017-07-12,95.27,94.880454608525,0.389545391475016
2017-07-13,95.405,94.8609768994459,0.544023100554122
2017-07-14,95.395,94.8415085602696,0.553491439730377
2017-07-17,95.41,94.8220458130609,0.587954186939123
2017-07-18,95.135,94.8025851086754,0.332414891324592
2017-07-19,95.1,94.7831231410056,0.316876858994378
2017-07-20,95.34,94.7636567413508,0.576343258649177
2017-07-21,95.22,94.7441828719945,0.475817128005468
2017-07-24,95.335,94.7246987334573,0.610301266542663
2017-07-25,95.12,94.7052017229435,0.414798277056478
2017-07-26,94.85,94.6856894899314,0.164310510068619
2017-07-27,95.05,94.6661598553601,0.383840144639889
2017-07-28,94.96,94.6466107080883,0.313389291911704
2017-07-31,94.685,94.6270400956386,0.0579599043614233
2017-08-01,94.55,94.6074461950762,-0.0574461950761529
2017-08-02,94.645,94.5878272074245,0.057172792575531
2017-08-03,94.72,94.568181309961,0.151818690038952
2017-08-04,94.74,94.5485067035963,0.191493296403643
2017-08-07,94.385,94.5288016519966,-0.143801651996618
2017-08-08,94.455,94.5090644979837,-0.0540644979836837
2017-08-09,94.505,94.4892935249376,0.0157064750624328
2017-08-10,94.675,94.4694869938901,0.205513006109851
2017-08-11,94.85,94.4496431723658,0.400356827634222
2017-08-14,95.005,94.4297604128396,0.575239587160375
2017-08-15,95.07,94.4098372332782,0.660162766721748
2017-08-16,95.035,94.3898723894292,0.645127610570835
2017-08-17,95.02,94.3698649099246,0.65013509007543
2017-08-18,94.96,94.3498140900665,0.610185909933481
2017-08-21,94.85,94.3297194938967,0.520280506103256
2017-08-22,94.81,94.3095809376833,0.500419062316684
2017-08-23,94.68,94.2893984527573,0.390601547242673
2017-08-24,94.545,94.269172277303,0.275827722696971
2017-08-25,94.475,94.2489028109636,0.226097189036428
2017-08-28,94.28,94.2285905673983,0.0514094326017434
2017-08-29,94.46,94.2082361537259,0.251763846274127
2017-08-30,94.475,94.1878401983157,0.287159801684275
2017-08-31,94.56,94.1674034336063,0.39259656639373
2017-09-01,94.59,94.1469267107363,0.443073289263741
2017-09-04,94.55,94.126411043128,0.423588956871971
2017-09-05,94.3,94.1058576273526,0.194142372647379
2017-09-06,94.35,94.0852678350757,0.264732164924305
2017-09-11,95.045,94.0646431182136,0.980356881786377
2017-09-12,95.13,94.0439850381124,1.08601496188765
2017-09-13,94.995,94.0232955613579,0.971704438642071
2017-09-14,95.39,94.0025771034514,1.38742289654858
2017-09-15,95.355,93.9818324815573,1.37316751844269
2017-09-18,95.08,93.9610650863449,1.11893491365505
2017-09-19,95.185,93.940278876096,1.24472112390404
2017-09-20,95.12,93.9194782716147,1.20052172838534
2017-09-21,94.97,93.898668208223,1.07133179177699
2017-09-22,95.115,93.8778541174904,1.23714588250964
2017-09-25,95.23,93.8570418738316,1.37295812616843
2017-09-26,95.225,93.8362378630479,1.38876213695213
2017-09-27,95.16,93.8154490384661,1.34455096153386
2017-09-28,95.26,93.7946829274717,1.46531707252832
2017-09-29,95.19,93.7739476132331,1.41605238676685
2017-10-09,94.865,93.7532517846223,1.11174821537772
2017-10-10,94.935,93.73260471585,1.20239528415001
2017-10-11,94.885,93.7120161406792,1.17298385932083
2017-10-12,94.615,93.6914962898946,0.923503710105423
2017-10-13,94.615,93.6710558791453,0.943944120854646
2017-10-16,94.315,93.6507060058198,0.664293994180199
2017-10-17,93.995,93.6304581574948,0.364541842505241
2017-10-18,94.04,93.6103240963398,0.429675903660213
2017-10-19,94.175,93.5903157352112,0.584684264788775
2017-10-20,94.08,93.5704451645762,0.509554835423848
2017-10-23,94.16,93.5507247165866,0.609275283413364
2017-10-24,94.145,93.5311669340242,0.613833065975822
2017-10-25,93.575,93.5117846115201,0.0632153884799022
2017-10-26,93.77,93.4925907974396,0.277409202560374
2017-10-27,93.275,93.473598566279,-0.19859856627895
2017-10-30,92.56,93.4548211072036,-0.894821107203638
2017-10-31,92.68,93.436271527287,-0.756271527287011
2017-11-01,92.935,93.4179625637192,-0.482962563719154
2017-11-02,92.83,93.3999066410783,-0.569906641078256
2017-11-03,92.905,93.3821159843045,-0.477115984304463
2017-11-06,93.065,93.3646025827618,-0.299602582761761
2017-11-07,92.7,93.3473782285939,-0.647378228593893
2017-11-08,92.85,93.3304545901003,-0.480454590100354
2017-11-09,92.735,93.313843067981,-0.578843067981029
2017-11-10,92.69,93.297554864335,-0.607554864335033
2017-11-13,92.105,93.2816009419914,-1.17660094199135
2017-11-14,92.33,93.2659920126394,-0.935992012639389
2017-11-15,92.3,93.2507383016095,-0.950738301609465
2017-11-16,92.52,93.2358496473308,-0.715849647330792
2017-11-17,92.49,93.2213354952348,-0.731335495234811
2017-11-20,92.31,93.2072049948505,-0.897204994850476
2017-11-21,92.27,93.1934669934021,-0.923466993402056
2017-11-22,91.72,93.1801299672446,-1.4601299672446
2017-11-23,91.775,93.1672020110094,-1.39220201100938
2017-11-24,92.105,93.154690615768,-1.049690615768
2017-11-27,92.04,93.1426026971128,-1.10260269711277
2017-11-28,91.93,93.1309447367362,-1.20094473673623
2017-11-29,92.5,93.1197227605578,-0.619722760557843
2017-11-30,92.6,93.1089422980758,-0.508942298075767
2017-12-01,92.7,93.0986086226198,-0.398608622619812
2017-12-11,92.48,93.0887267971434,-0.608726797143349
2017-12-12,92.395,93.0793017198307,-0.684301719830723
2017-12-13,92.445,93.0703380372438,-0.625338037243788
2017-12-14,92.63,93.0618401130807,-0.431840113080691
2017-12-15,92.905,93.0538120525509,-0.148812052550942
2017-12-18,92.86,93.0462577823569,-0.186257782356949
2017-12-19,92.82,93.0391811676906,-0.219181167690567
2017-12-20,92.875,93.0325859967513,-0.157585996751328
2017-12-21,92.895,93.0264759671373,-0.131475967137325
2017-12-22,93.22,93.0208547113074,0.199145288692619
2017-12-25,93.08,93.0157258073734,0.0642741926265608
2017-12-26,92.94,93.0110929157663,-0.0710929157663215
2017-12-27,92.99,93.0069597234849,-0.0169597234849009
2017-12-28,93.09,93.0033298881416,0.0866701118583918
2017-12-29,93.165,93.0002070603375,0.164792939662493
2018-01-02,92.64,92.9975949265002,-0.357594926500154
2018-01-03,92.635,92.9954972411762,-0.360497241176182
2018-01-04,92.465,92.9939176110963,-0.528917611096281
2018-01-05,92.45,92.9928594939766,-0.542859493976606
2018-01-08,92.655,92.9923261288995,-0.337326128899471
2018-01-09,92.645,92.9923205305511,-0.347320530551126
2018-01-10,92.34,92.9928455741809,-0.652845574180912
2018-01-11,92.13,92.9939039914698,-0.863903991469801
2018-01-12,92.275,92.9954982442385,-0.720498244238538
2018-01-15,92.04,92.9976304372052,-0.957630437205202
2018-01-16,91.97,93.0003023772621,-1.03030237726206
2018-01-17,91.75,93.0035154754555,-1.25351547545554
2018-01-18,91.495,93.0072707169469,-1.51227071694695
2018-01-19,91.505,93.0115685687448,-1.50656856874486
2018-01-22,91.79,93.016408872745,-1.22640887274499
2018-01-23,91.755,93.0217908480889,-1.26679084808894
2018-01-24,91.77,93.0277132069703,-1.25771320697035
2018-01-25,91.885,93.0341741379423,-1.14917413794231
2018-01-26,91.905,93.0411713096694,-1.13617130966944
2018-01-29,91.865,93.0487019157947,-1.18370191579466
2018-01-30,91.785,93.0567626803125,-1.27176268031255
2018-01-31,91.94,93.0653498379237,-1.12534983792376
2018-02-01,92.13,93.074459097633,-0.944459097633012
2018-02-02,91.97,93.0840857032703,-1.11408570327031
2018-02-05,91.755,93.0942245082648,-1.33922450826483
2018-02-06,92.095,93.1048699055269,-1.00986990552692
2018-02-07,92.09,93.116015734386,-1.026015734386
2018-02-08,91.77,93.1276554167307,-1.3576554167307
2018-02-09,92.05,93.1397819503372,-1.08978195033723
2018-02-12,92.15,93.1523877717814,-1.00238777178144
2018-02-13,92.075,93.1654648671672,-1.09046486716718
2018-02-14,91.93,93.1790048082507,-1.24900480825071
2018-02-22,91.725,93.1929987160347,-1.46799871603469
2018-02-23,91.82,93.2074371952334,-1.38743719523336
2018-02-26,92.335,93.2223102437499,-0.887310243749912
2018-02-27,92.64,93.2376072859754,-0.597607285975377
2018-02-28,92.7,93.2533173795234,-0.553317379523401
2018-03-01,92.7,93.2694293349807,-0.569429334980742
2018-03-12,93.01,93.2859317342148,-0.275931734214835
2018-03-13,92.695,93.3028129237139,-0.607812923713943
2018-03-14,92.67,93.3200611359066,-0.650061135906574
2018-03-15,92.81,93.3376643519769,-0.527664351976849
2018-03-16,92.83,93.3556102843993,-0.525610284399314
2018-03-19,92.92,93.3738864275332,-0.453886427533239
2018-03-20,93.225,93.3924800584721,-0.167480058472094
2018-03-21,93.175,93.4113782666903,-0.236378266690349
2018-03-22,93.395,93.4305680724337,-0.0355680724336976
2018-03-23,93.97,93.4500363982383,0.51996360176173
2018-03-26,93.8,93.4697701519373,0.330229848062659
2018-03-27,93.78,93.4897564562967,0.290243543703321
2018-03-28,93.75,93.5099825705858,0.240017429414229
2018-03-29,93.68,93.5304358740491,0.149564125950933
2018-03-30,93.635,93.5511038451444,0.0838961548555672
2018-04-02,93.65,93.5719740241538,0.078025975846251
2018-04-03,93.47,93.5930339860379,-0.123033986037875
2018-04-04,93.55,93.6142713380107,-0.0642713380106921
2018-04-09,93.81,93.6356736364288,0.17432636357115
2018-04-10,93.52,93.6572284110817,-0.137228411081659
2018-04-11,93.74,93.6789232638181,0.0610767361818977
2018-04-12,93.9,93.7007457397624,0.199254260237653
2018-04-13,93.88,93.7226834092851,0.15731659071485
2018-04-16,94.355,93.7447239251211,0.610276074878931
2018-04-17,94.34,93.766855005033,0.573144994967026
2018-04-18,95.345,93.7890646190474,1.55593538095258
2018-04-19,95.12,93.811340974106,1.30865902589405
2018-04-20,95.075,93.8336729203113,1.24132707968874
2018-04-23,94.805,93.856049848713,0.948950151286958
2018-04-24,94.93,93.8784616634757,1.0515383365243
2018-04-25,94.575,93.9008986610215,0.674101338978507
2018-04-26,94.685,93.9233515724363,0.761648427563707
2018-04-27,94.5,93.9458114074524,0.554188592547597
2018-05-02,94.39,93.968269490637,0.421730509363044
2018-05-03,94.59,93.9907173756364,0.599282624363655
2018-05-04,94.77,94.0131467904234,0.756853209576555
2018-05-07,94.405,94.0355497106904,0.36945028930963
2018-05-08,94.035,94.057918424982,-0.0229184249820243
2018-05-09,93.885,94.0802453745591,-0.195245374559125
2018-05-10,94.125,94.1025229912089,0.0224770087911342
2018-05-11,94.1,94.1247436260119,-0.0247436260119296
2018-05-14,94.105,94.14689963934,-0.0418996393399694
2018-05-15,94.04,94.1689833813367,-0.128983381336649
2018-05-16,94.12,94.1909871848261,-0.0709871848260872
2018-05-17,93.915,94.2129033293159,-0.297903329315915
2018-05-18,94.145,94.2347240649702,-0.0897240649701944
2018-05-21,94.32,94.256441518812,0.0635584811880288
2018-05-22,94.685,94.2780477807759,0.406952219224095
2018-05-23,94.67,94.2995349670693,0.370465032930674
2018-05-24,94.62,94.320895362117,0.299104637882984
2018-05-25,95.045,94.3421214034792,0.70287859652079
2018-05-28,94.895,94.3632056523541,0.531794347645933
2018-05-29,94.98,94.3841409604813,0.595859039518658
2018-05-30,95.13,94.4049203994232,0.725079600576758
2018-05-31,94.86,94.4255372870462,0.434462712953804
2018-06-01,94.86,94.4459852409353,0.414014759064691
2018-06-11,94.705,94.4662580582652,0.238741941734795
2018-06-12,94.35,94.4863497073476,-0.13634970734759
2018-06-13,94.63,94.5062542551801,0.123745744819937
2018-06-14,94.93,94.5259657123993,0.404034287600742
2018-06-15,95.105,94.5454781407931,0.559521859206904
2018-06-19,95.47,94.564785769161,0.905214230839002
2018-06-20,95.045,94.5838830575865,0.461116942413513
2018-06-21,95.395,94.6027648403319,0.792235159668119
2018-06-22,95.56,94.6214261422669,0.938573857733145
2018-06-25,95.3,94.6398623157392,0.660137684260798
2018-06-26,95.36,94.6580691010654,0.70193089893462
2018-06-27,95.56,94.6760425114364,0.883957488563584
2018-06-28,95.715,94.6937788501932,1.02122114980682
2018-06-29,95.875,94.7112747860691,1.16372521393093
2018-07-02,96.09,94.7285274099293,1.36147259007074
2018-07-03,95.835,94.745534293676,1.08946570632401
2018-07-04,95.77,94.76229357199,1.00770642800997
2018-07-05,95.83,94.778803829893,1.05119617010697
2018-07-06,95.605,94.7950640689516,0.809935931048435
2018-07-09,95.48,94.811073725255,0.668926274745042
2018-07-10,95.54,94.8268325696876,0.713167430312383
2018-07-11,95.83,94.842340649641,0.987659350359001
2018-07-12,95.75,94.8575983073012,0.892401692698815
2018-07-13,95.955,94.8726062931129,1.08239370688714
2018-07-16,96.1,94.8873657264035,1.21263427359645
2018-07-17,96.075,94.9018781739195,1.17312182608047
2018-07-18,96.085,94.9161457036608,1.16885429633918
2018-07-19,96.39,94.9301708685487,1.45982913145132
2018-07-20,95.605,94.9439567046619,0.661043295338089
2018-07-23,95.65,94.957506851514,0.692493148485994
2018-07-24,95.29,94.9708252218672,0.319174778132755
2018-07-25,95.415,94.9839160147326,0.431083985267407
2018-07-26,95.495,94.996783561055,0.498216438945022
2018-07-27,95.55,95.0094323699722,0.540567630027778
2018-07-30,95.52,95.0218671565647,0.498132843435314
2018-07-31,95.9,95.0340928593619,0.865907140638147
2018-08-01,96.1,95.0461146228013,1.05388537719867
2018-08-02,95.98,95.0579379492518,0.922062050748247
2018-08-03,96.17,95.0695687767155,1.10043122328451
2018-08-06,96.08,95.0810134243385,0.998986575661543
2018-08-07,95.895,95.0922786661405,0.802721333859452
2018-08-08,95.62,95.1033716890826,0.516628310917449
2018-08-09,95.36,95.114300011938,0.245699988061977
2018-08-10,95.385,95.1250713670337,0.259928632966356
2018-08-13,95.13,95.1356935882589,-0.00569358825886872
2018-08-14,95.325,95.1461746169471,0.178825383052906
2018-08-15,95.115,95.1565223920782,-0.0415223920781934
2018-08-16,94.75,95.1667449265512,-0.416744926551157
2018-08-17,94.57,95.1768502161016,-0.606850216101652
2018-08-20,94.63,95.1868460841992,-0.556846084199219
2018-08-21,94.66,95.1967401034664,-0.536740103466361
2018-08-22,94.79,95.2065396163477,-0.416539616347649
2018-08-23,94.83,95.2162517434209,-0.386251743420882
2018-08-24,94.74,95.2258834330831,-0.485883433083121
2018-08-27,94.74,95.2354414740705,-0.495441474070489
2018-08-28,94.97,95.2449324542745,-0.274932454274517
2018-08-29,95.02,95.2543627567911,-0.234362756791072
2018-08-30,95.275,95.26373865107,0.011261348930014
2018-08-31,95.355,95.2730663096849,0.0819336903150681
2018-09-03,95.1,95.2823519098646,-0.182351909864635
2018-09-04,94.94,95.2916016627059,-0.351601662705905
2018-09-05,94.92,95.3008217039286,-0.380821703928622
2018-09-11,93.32,95.3100180239146,-1.99001802391462
2018-09-12,94,95.3191964556294,-1.31919645562935
2018-09-17,94.55,95.3283620094449,-0.778362009444923
2018-09-18,94.39,95.3375191504306,-0.947519150430601
2018-09-19,94.225,95.3466720219121,-1.12167202191213
2018-09-20,93.94,95.3558243755489,-1.4158243755489
2018-09-21,94.185,95.3649794993462,-1.17997949934624
2018-09-25,94.21,95.3741400960646,-1.16414009606461
2018-09-26,94.46,95.3833083807083,-0.923308380708345
2018-09-27,94.725,95.3924860870731,-0.667486087073116
2018-09-28,94.785,95.401674567296,-0.616674567296034
2018-10-08,94.675,95.4108748976023,-0.735874897602288
2018-10-09,94.77,95.4200878993086,-0.650087899308612
2018-10-10,94.805,95.4293140895506,-0.624314089550642
2018-10-11,95.165,95.4385537167438,-0.273553716743823
2018-10-12,95.12,95.4478067712373,-0.327806771237245
2018-10-15,94.995,95.4570731303039,-0.462073130303926
2018-10-16,95.235,95.4663525357147,-0.231352535714704
2018-10-17,95.165,95.475644538238,-0.310644538237981
2018-10-18,95.49,95.4849485930104,0.00505140698963834
2018-10-19,95.32,95.4942640267604,-0.174264026760423
2018-10-22,95.15,95.5035901683048,-0.353590168304818
2018-10-23,95.33,95.5129262744265,-0.182926274426488
2018-10-24,95.47,95.5222714557484,-0.0522714557483773
2018-10-25,95.535,95.5316247472791,0.00337525272091535
2018-10-26,95.56,95.5409851624203,0.0190148375797204
2018-10-29,95.78,95.5503517159688,0.229648284031151
2018-10-30,95.75,95.5597234305816,0.190276569418378
2018-10-31,95.81,95.5690994238428,0.240900576157199
2018-11-01,95.95,95.5784788919893,0.371521108010721
2018-11-02,95.5,95.5878611308366,-0.0878611308365586
2018-11-05,95.575,95.597245589772,-0.0222455897720134
2018-11-06,95.81,95.6066316818648,0.203368318135218
2018-11-07,95.985,95.6160188109885,0.368981189011443
2018-11-08,96.095,95.6254064650813,0.469593534918687
2018-11-09,96.035,95.634794284603,0.400205715396978
