"TF00YDate","TF00YClose","TF00Y_hpft","TF00Y_hpfc"
2013-06-25,222.7,232.044180449445,-9.34418044944459
2013-06-26,221.1,232.109719455351,-11.0097194553513
2013-06-27,222.2,232.175254598749,-9.97525459874951
2013-06-28,222.4,232.240777466156,-9.84077746615551
2013-07-01,223.3,232.306275520716,-9.00627552071634
2013-07-02,226.1,232.371732157798,-6.27173215779754
2013-07-03,221.9,232.437127049932,-10.5371270499323
2013-07-04,224.5,232.502437277172,-8.00243727717222
2013-07-05,222.9,232.567635563944,-9.66763556394381
2013-07-08,217.4,232.632691326777,-15.2326913267771
2013-07-09,216.5,232.697569986012,-16.1975699860121
2013-07-10,215.1,232.762230665397,-17.6622306653966
2013-07-11,221,232.826625793253,-11.8266257932535
2013-07-12,216.5,232.89070049705,-16.3907004970498
2013-07-15,216,232.954395015601,-16.954395015601
2013-07-16,217.5,233.017642812465,-15.5176428124649
2013-07-17,221.2,233.080370342938,-11.8803703429378
2013-07-18,225.5,233.142497647943,-7.64249764794331
2013-07-19,228,233.203939857539,-5.20393985753875
2013-07-22,228.6,233.264608942679,-4.66460894267945
2013-07-23,231.9,233.324414723223,-1.42441472322305
2013-07-24,228.1,233.383265090863,-5.28326509086342
2013-07-25,225.2,233.441067348499,-8.24106734849893
2013-07-26,223.3,233.497726615139,-10.1977266151394
2013-07-29,221.9,233.553144603268,-11.6531446032677
2013-07-30,222,233.60721881004,-11.6072188100397
2013-07-31,222.5,233.659841915665,-11.1598419156649
2013-08-01,223,233.710901802397,-10.7109018023973
2013-08-02,221.8,233.760281739464,-11.9602817394635
2013-08-05,222.4,233.80786056863,-11.4078605686302
2013-08-06,227,233.853512187769,-6.85351218776863
2013-08-07,225.8,233.897105779193,-8.09710577919324
2013-08-12,239.1,233.938507692265,5.16149230773537
2013-08-13,240.5,233.977580929314,6.52241907068636
2013-08-14,238.5,234.014190626225,4.48580937377501
2013-08-15,238.5,234.048204614992,4.45179538500774
2013-08-16,242,234.079492581862,7.92050741813778
2013-08-19,242.7,234.107926053275,8.59207394672488
2013-08-20,238,234.13337982969,3.8666201703103
2013-08-21,237,234.155732263182,2.84426773681761
2013-08-22,243.4,234.174863304134,9.22513669586641
2013-08-23,240.6,234.190654078628,6.40934592137232
2013-08-26,247.6,234.202989526058,13.3970104739418
2013-08-27,246.6,234.211757235176,12.3882427648241
2013-08-28,242.2,234.216850332527,7.98314966747296
2013-08-29,241.1,234.218167065444,6.88183293455614
2013-08-30,240,234.215608981189,5.78439101881065
2013-09-02,246,234.209080471683,11.7909195283173
2013-09-03,248.1,234.198488319891,13.9015116801094
2013-09-04,247.6,234.183744182666,13.4162558173342
2013-09-05,249.7,234.164765463192,15.5352345368076
2013-09-06,247.6,234.141475110388,13.4585248896118
2013-09-09,245.8,234.113802494811,11.6861975051885
2013-09-10,245.5,234.081682550248,11.4183174497524
2013-09-11,244.6,234.045055041071,10.5549449589285
2013-09-12,242.4,234.003864451526,8.39613554847449
2013-09-13,240.8,233.958059628857,6.84194037114331
2013-09-16,239.5,233.907592890939,5.59240710906073
2013-09-17,241,233.852419383808,7.14758061619228
2013-09-18,241.8,233.792496565198,8.00750343480244
2013-09-19,246.6,233.727784847365,12.8722151526354
2013-09-20,243.5,233.658247952519,9.84175204748131
2013-09-23,242.2,233.583854923762,8.61614507623751
2013-09-24,239.5,233.504578872367,5.99542112763347
2013-09-25,237.8,233.420396471157,4.37960352884301
2013-09-26,238.3,233.331286871244,4.96871312875582
2013-09-27,236.7,233.237231034081,3.46276896591904
2013-09-30,233,233.138211974982,-0.138211974982172
2013-10-01,230,233.034214140631,-3.03421414063112
2013-10-02,230.9,232.925221920597,-2.02522192059668
2013-10-03,233,232.811218450217,0.188781549782924
2013-10-04,231,232.69218602769,-1.69218602768985
2013-10-07,229.5,232.568107029233,-3.06810702923309
2013-10-08,235.6,232.438963131599,3.16103686840146
2013-10-09,229.8,232.304734743287,-2.50473474328733
2013-10-10,233.8,232.16540357947,1.63459642053038
2013-10-11,234.5,232.020950319939,2.47904968006082
2013-10-14,237.4,231.871356320181,5.52864367981909
2013-10-16,238,231.716603960403,6.28339603959731
2013-10-17,233,231.556677906146,1.44332209385385
2013-10-18,234.9,231.391565420242,3.50843457975768
2013-10-21,232.6,231.221254362147,1.3787456378531
2013-10-22,233.5,231.045734041558,2.45426595844186
2013-10-23,231.5,230.864994338096,0.635005661903609
2013-10-24,234.9,230.67902614586,4.22097385414
2013-10-25,232.7,230.487820621448,2.21217937855241
2013-10-28,231.5,230.291370666236,1.20862933376412
2013-10-29,231.1,230.089670096039,1.01032990396077
2013-10-30,231.5,229.882713226249,1.61728677375135
2013-10-31,228,229.67049478991,-1.67049478990979
2013-11-01,229.6,229.453010188563,0.14698981143717
2013-11-04,230,229.230254133243,0.769745866757099
2013-11-05,227.9,229.00222139575,-1.10222139574976
2013-11-06,228,228.768907066052,-0.768907066052504
2013-11-07,229.5,228.530305778529,0.969694221470563
2013-11-08,231,228.286411849701,2.71358815029875
2013-11-11,231,228.037219996946,2.96278000305427
2013-11-12,229,227.782726059302,1.2172739406979
2013-11-13,230.5,227.522927100517,2.97707289948327
2013-11-14,231.5,227.257820687498,4.24217931250216
2013-11-15,231.5,226.987405617769,4.51259438223102
2013-11-18,231.4,226.711682442389,4.68831755761124
2013-11-19,232,226.430653577754,5.5693464222456
2013-11-20,232,226.144323378219,5.85567662178049
2013-11-21,230.8,225.852698500283,4.94730149971653
2013-11-22,231,225.555788020929,5.44421197907089
2013-11-25,230.4,225.253603062177,5.14639693782345
2013-11-26,228.5,224.946156996468,3.55384300353248
2013-11-27,228.5,224.633465323531,3.86653467646945
2013-11-28,230.5,224.315545012135,6.18445498786503
2013-11-29,231.5,223.992414629301,7.50758537069863
2013-12-02,233,223.664095298467,9.33590470153349
2013-12-03,231.9,223.330611246403,8.5693887535967
2013-12-04,231,222.991990558967,8.00800944103256
2013-12-05,231,222.648264864264,8.35173513573634
2013-12-06,234.8,222.299469100577,12.5005308994226
2013-12-09,233.1,221.945641658456,11.154358341544
2013-12-10,232,221.586826095689,10.4131739043107
2013-12-11,232.3,221.2230705808,11.0769294192001
2013-12-12,234.5,220.854427586726,13.6455724132743
2013-12-13,234,220.480954165144,13.5190458348558
2013-12-16,233.8,220.102713008269,13.6972869917313
2013-12-17,230.6,219.719772396532,10.8802276034675
2013-12-18,230.5,219.332206272296,11.1677937277042
2013-12-19,233.7,218.940093075353,14.7599069246465
2013-12-20,231.2,218.543515861823,12.6564841381769
2013-12-23,231,218.142563788983,12.8574362110172
2013-12-24,228.8,217.737331245783,11.0626687542171
2013-12-26,229.5,217.327917935913,12.1720820640874
2013-12-27,230.1,216.914428135931,13.1855718640686
2013-12-30,228,216.496971153848,11.5030288461518
2013-12-31,227,216.075661748056,10.9243382519444
2014-01-02,227,215.65061943184,11.3493805681599
2014-01-03,224.9,215.221968234165,9.67803176583507
2014-01-06,220,214.789836875373,5.21016312462677
2014-01-07,219,214.35435807632,4.64564192368007
2014-01-08,218.4,213.915666711528,4.48433328847167
2014-01-09,219.2,213.47389957585,5.72610042415044
2014-01-10,219.9,213.029195317766,6.87080468223389
2014-01-13,217.4,212.581694952712,4.81830504728792
2014-01-14,220.8,212.131542336223,8.66845766377661
2014-01-15,217,211.67888331554,5.32111668445953
2014-01-16,218.3,211.22386732109,7.07613267890955
2014-01-17,218,210.766645982838,7.23335401716173
2014-01-20,217.5,210.307373855738,7.19262614426154
2014-01-21,215.5,209.846208484721,5.65379151527908
2014-01-22,216.3,209.383310387856,6.91668961214433
2014-01-23,214,208.918842420268,5.08115757973248
2014-01-24,209.6,208.452970296161,1.14702970383881
2014-01-27,202,207.985861830087,-5.98586183008657
2014-01-28,199,207.517685310731,-8.51768531073087
2014-01-29,199.5,207.048606552465,-7.54860655246515
2014-01-30,193.5,206.578787848793,-13.0787878487932
2014-02-03,188.8,206.108388372927,-17.3083883729269
2014-02-04,187.5,205.637561891836,-18.1375618918356
2014-02-05,185,205.166455017895,-20.1664550178954
2014-02-06,181.4,204.695206866143,-23.2952068661432
2014-02-07,183,204.223948215615,-21.2239482156151
2014-02-10,197,203.752800216045,-6.75280021604517
2014-02-11,194.5,203.28187524404,-8.78187524404015
2014-02-12,195,202.811282884872,-7.81128288487198
2014-02-13,191.5,202.341129093738,-10.8411290937384
2014-02-14,190.5,201.871516596965,-11.3715165969652
2014-02-17,197.9,201.402543639593,-3.50254363959325
2014-02-18,197.8,200.934303766135,-3.13430376613503
2014-02-19,197,200.466889073292,-3.46688907329224
2014-02-20,191.3,200.000390362171,-8.7003903621709
2014-02-21,191.7,199.534897000805,-7.83489700080472
2014-02-24,186.5,199.070494760837,-12.5704947608368
2014-02-25,185,198.60726617528,-13.6072661752799
2014-02-26,183.8,198.145288581005,-14.3452885810051
2014-02-27,183.9,197.684633690192,-13.7846336901916
2014-02-28,185,197.225367285252,-12.225367285252
2014-03-03,187.8,196.767549450584,-8.96754945058382
2014-03-04,188.5,196.311235217109,-7.81123521710878
2014-03-05,192.7,195.856475908927,-3.15647590892711
2014-03-06,191.7,195.403319621289,-3.70331962128871
2014-03-07,190.5,194.951813144679,-4.4518131446791
2014-03-10,188.5,194.502001738785,-6.00200173878527
2014-03-11,193.3,194.05392882309,-0.753928823089503
2014-03-12,197.5,193.607635336093,3.89236466390684
2014-03-13,198.5,193.16316190465,5.33683809535041
2014-03-14,201,192.720550764561,8.27944923543883
2014-03-17,195.5,192.279846357665,3.22015364233507
2014-03-18,194,191.841096548184,2.15890345181596
2014-03-19,194.2,191.404350531429,2.7956494685707
2014-03-20,193,190.969658395114,2.03034160488554
2014-03-21,192.5,190.537071382562,1.96292861743786
2014-03-24,192,190.106641576354,1.89335842364622
2014-03-25,194.6,189.678421870474,4.92157812952612
2014-03-26,192.6,189.252465941533,3.34753405846659
2014-03-27,190.5,188.828829500537,1.67117049946315
2014-03-28,190.6,188.407569642218,2.19243035778243
2014-03-31,190.5,187.988744152107,2.51125584789269
2014-04-01,189,187.572411722,1.42758827799987
2014-04-02,185,187.158632081744,-2.15863208174434
2014-04-03,185.9,186.747465551291,-0.847465551291371
2014-04-04,184.3,186.338971558297,-2.03897155829698
2014-04-07,181.6,185.933209180119,-4.33320918011928
2014-04-08,184,185.530236651284,-1.5302366512841
2014-04-09,183,185.130110415137,-2.1301104151373
2014-04-10,180,184.732886282495,-4.73288628249492
2014-04-11,179.7,184.33861918366,-4.63861918365985
2014-04-14,179.8,183.947362092566,-4.14736209256567
2014-04-15,180.9,183.559166065711,-2.65916606571072
2014-04-16,180.9,183.174080445253,-2.27408044525252
2014-04-17,178,182.792153474161,-4.79215347416055
2014-04-21,165,182.413432455373,-17.4134324553729
2014-04-22,168.4,182.037962710958,-13.6379627109577
2014-04-23,168,181.665782364966,-13.6657823649657
2014-04-24,169.9,181.296923904058,-11.3969239040585
2014-04-25,169.9,180.931414166016,-11.031414166016
2014-04-28,171.1,180.569275277597,-9.4692752775971
2014-04-29,172.5,180.210524805603,-7.71052480560278
2014-04-30,171,179.855176402622,-8.85517640262207
2014-05-02,171.5,179.503240534028,-8.00324053402767
2014-05-05,167.5,179.154724004825,-11.6547240048247
2014-05-06,166,178.809630311781,-12.8096303117812
2014-05-07,166.5,178.467958134082,-11.9679581340817
2014-05-08,165.9,178.129700855922,-12.2297008559217
2014-05-09,166,177.79484691443,-11.7948469144302
2014-05-12,169.9,177.463379691463,-7.56337969146346
2014-05-14,170.2,177.135277693363,-6.93527769336337
2014-05-15,168,176.810516300076,-8.810516300076
2014-05-16,168,176.489068024779,-8.48906802477872
2014-05-19,172.5,176.170901738743,-3.67090173874254
2014-05-20,171.1,175.855982804198,-4.75598280419835
2014-05-21,171.8,175.544275065971,-3.74427506597085
2014-05-22,171,175.235740402948,-4.23574040294752
2014-05-23,170,174.930339146295,-4.93033914629537
2014-05-26,171.4,174.628029876285,-3.22802987628456
2014-05-27,171.3,174.328769135195,-3.02876913519514
2014-05-28,170.5,174.032512130954,-3.53251213095355
2014-05-29,168,173.739212819524,-5.73921281952373
2014-05-30,166.5,173.448823696675,-6.94882369667497
2014-06-02,167,173.161294885806,-6.16129488580577
2014-06-03,166.9,172.876573637958,-5.97657363795787
2014-06-04,165.7,172.594604657337,-6.89460465733725
2014-06-05,166.4,172.315330177681,-5.91533017768073
2014-06-06,166.5,172.038689582768,-5.53868958276795
2014-06-09,167,171.764619811222,-4.76461981122248
2014-06-10,167.4,171.493055512191,-4.09305551219118
2014-06-11,167.8,171.223929365327,-3.42392936532654
2014-06-12,167.3,170.957172358366,-3.65717235836616
2014-06-13,168.2,170.692714063742,-2.49271406374162
2014-06-16,168,170.43048254215,-2.43048254215042
2014-06-17,168.8,170.170404823909,-1.37040482390878
2014-06-18,170.9,169.912406934664,0.987593065335587
2014-06-19,172.5,169.656414333592,2.84358566640821
2014-06-20,174.1,169.402352888107,4.69764711189329
2014-06-23,180,169.150149641039,10.8498503589609
2014-06-24,179.8,168.899733577043,10.9002664229574
2014-06-25,179,168.651038165661,10.3489618343389
2014-06-26,180,168.404001382168,11.5959986178317
2014-06-27,177.5,168.158565479687,9.3414345203126
2014-06-30,174,167.914677504657,6.08532249534323
2014-07-01,173.6,167.672288364893,5.92771163510655
2014-07-02,173,167.431351483637,5.56864851636292
2014-07-03,172.6,167.191822734405,5.40817726559491
2014-07-04,173.4,166.95366029257,6.44633970743042
2014-07-07,166.3,166.716824569032,-0.416824569031682
2014-07-08,167,166.481278639344,0.51872136065593
2014-07-09,167.3,166.246985406763,1.05301459323675
2014-07-10,166.8,166.013907988963,0.786092011036893
2014-07-11,167,165.782009938894,1.21799006110615
2014-07-14,167,165.551255134443,1.4487448655574
2014-07-15,165,165.321607956965,-0.321607956964576
2014-07-16,166.5,165.093033386667,1.40696661333334
2014-07-17,169.9,164.865496270819,5.03450372918107
2014-07-18,167.6,164.638962038275,2.96103796172495
2014-07-21,167,164.413398198948,2.58660180105186
2014-07-22,168.9,164.188773486725,4.71122651327517
2014-07-23,168.3,163.965057704689,4.33494229531057
2014-07-24,169.4,163.742222603358,5.65777739664159
2014-07-25,168.2,163.520241725139,4.67975827486063
2014-07-29,171.2,163.299090951136,7.90090904886385
2014-07-30,170.5,163.07874809688,7.42125190312016
2014-07-31,170.6,162.859194243815,7.74080575618538
2014-08-01,170.1,162.640413541036,7.45958645896415
2014-08-04,169.5,162.422393337375,7.07760666262507
2014-08-05,168.6,162.205124065157,6.39487593484271
2014-08-06,167.5,161.988599082305,5.51140091769544
2014-08-07,168.2,161.772814390124,6.42718560987622
2014-08-08,167.9,161.557768268115,6.34223173188517
2014-08-11,168,161.343461652516,6.65653834748428
2014-08-12,166.2,161.12989810119,5.07010189880997
2014-08-13,165.6,160.917083923545,4.68291607645457
2014-08-14,164.7,160.705027524765,3.994972475235
2014-08-15,164.1,160.493739245763,3.60626075423708
2014-08-18,163.1,160.283231078812,2.81676892118785
2014-08-19,163.9,160.073516506871,3.82648349312899
2014-08-20,164,159.864610177236,4.13538982276356
2014-08-21,164.3,159.656528318919,4.64347168108117
2014-08-22,167.8,159.449288870333,8.3507111296669
2014-08-25,165.7,159.242911689319,6.45708831068139
2014-08-26,164.5,159.037420085561,5.46257991443872
2014-08-27,164.3,158.832840037851,5.46715996214876
2014-08-28,164,158.629199782984,5.37080021701641
2014-08-29,163.6,158.426529817665,5.17347018233471
2014-09-01,160.9,158.224862858669,2.67513714133066
2014-09-02,162.5,158.024233761277,4.47576623872259
2014-09-03,162,157.824678486565,4.17532151343502
2014-09-04,162.3,157.626234845706,4.67376515429394
2014-09-05,160.5,157.428942375789,3.07105762421119
2014-09-08,158.3,157.232842545844,1.06715745415558
2014-09-09,152.9,157.037978094356,-4.13797809435646
2014-09-10,151.6,156.844392200931,-5.24439220093094
2014-09-11,153,156.6521263347,-3.65212633470045
2014-09-12,154,156.461219796973,-2.46121979697271
2014-09-15,155,156.271710379416,-1.2717103794161
2014-09-16,154,156.083634856329,-2.08363485632861
2014-09-17,155.8,155.897029476337,-0.0970294763371571
2014-09-18,152.5,155.711929626773,-3.21192962677294
2014-09-19,151,155.528370654861,-4.52837065486107
2014-09-22,145.2,155.346386580148,-10.1463865801477
2014-09-23,145.5,155.166009550329,-9.6660095503285
2014-09-24,147.5,154.98726751899,-7.48726751899025
2014-09-25,144.5,154.810184444184,-10.3101844441842
2014-09-26,146.1,154.634781189023,-8.53478118902275
2014-09-29,144.8,154.461074354801,-9.66107435480146
2014-09-30,144.1,154.289077014882,-10.1890770148824
2014-10-01,139.2,154.118798249131,-14.9187982491314
2014-10-02,139.5,153.950242925654,-14.4502429256544
2014-10-03,139.9,153.783409745732,-13.8834097457317
2014-10-07,141.9,153.61829143749,-11.7182914374903
2014-10-08,143.1,153.454874990212,-10.3548749902117
2014-10-09,144.2,153.293142549312,-9.093142549312
2014-10-10,144.5,153.133071979917,-8.63307197991728
2014-10-13,145.9,152.97463738841,-7.07463738841008
2014-10-14,148.2,152.817809312612,-4.61780931261167
2014-10-15,149.4,152.66255536597,-3.26255536596975
2014-10-16,148.2,152.508841253122,-4.30884125312158
2014-10-17,152,152.356631330088,-0.356631330087917
2014-10-20,154.1,152.205888171791,1.89411182820886
2014-10-21,154.2,152.056574205738,2.14342579426172
2014-10-23,162,151.908652642383,10.0913473576173
2014-10-24,160.6,151.762087578186,8.83791242181407
2014-10-27,157,151.616847280969,5.38315271903111
2014-10-28,159.3,151.472903671781,7.82709632821879
2014-10-29,160,151.330230896863,8.66976910313699
2014-10-30,156.5,151.188806337853,5.31119366214741
2014-10-31,156,151.048610960127,4.95138903987293
2014-11-03,153.9,150.909627924493,2.99037207550691
2014-11-04,151.7,150.771842438468,0.928157561532306
2014-11-05,145,150.635240945666,-5.63524094566619
2014-11-06,151.5,150.499810273362,1.00018972663818
2014-11-07,153.3,150.365534919452,2.93446508054789
2014-11-10,154.6,150.232399795267,4.3676002047328
2014-11-11,153.5,150.100391025131,3.39960897486852
2014-11-12,155.5,149.969496538761,5.53050346123893
2014-11-13,156.5,149.83970567113,6.66029432886984
2014-11-14,154.5,149.711010043299,4.78898995670103
2014-11-17,153.3,149.583404029432,3.71659597056803
2014-11-18,154.9,149.456883983265,5.44311601673523
2014-11-19,155,149.331447794825,5.6685522051753
2014-11-20,155,149.207095604104,5.79290439589582
2014-11-21,154.5,149.083829894248,5.41617010575182
2014-11-24,155.7,148.961655542956,6.73834445704402
2014-11-25,154.5,148.840579666753,5.65942033324661
2014-11-26,153,148.720612167522,4.27938783247754
2014-11-27,152.6,148.60176528653,3.9982347134703
2014-11-28,152.1,148.484053033961,3.61594696603886
2014-12-01,148.2,148.367491072716,-0.167491072716486
2014-12-02,149.9,148.252096560386,1.64790343961402
2014-12-03,147.5,148.137886585319,-0.637886585319361
2014-12-04,149,148.024878917044,0.975121082956454
2014-12-05,148.2,147.913091061412,0.286908938588021
2014-12-08,145.5,147.802540927355,-2.30254092735465
2014-12-09,144,147.693246542395,-3.69324654239509
2014-12-10,143.8,147.585224982281,-3.78522498228135
2014-12-11,143.4,147.478491796119,-4.07849179611912
2014-12-12,146.5,147.373060968358,-0.873060968357886
2014-12-15,149.9,147.268944797558,2.63105520244177
2014-12-16,148.5,147.166155221396,1.33384477860381
2014-12-17,148,147.064705265121,0.935294734878758
2014-12-18,148,146.964608505338,1.03539149466192
2014-12-19,148.7,146.865878905263,1.83412109473741
2014-12-22,148.8,146.768530856106,2.03146914389385
2014-12-23,147.8,146.672579507224,1.12742049277576
2014-12-24,145.1,146.578040847705,-1.47804084770491
2014-12-26,146,146.484931332666,-0.484931332666486
2014-12-29,147,146.393266806263,0.606733193736622
2014-12-30,150,146.303062912197,3.69693708780251
2014-12-31,152.1,146.214335544976,5.88566445502369
2015-01-02,153,146.127102127264,6.87289787273584
2015-01-05,151.5,146.041382514624,5.45861748537582
2015-01-06,149.6,145.957199403603,3.64280059639706
2015-01-07,144,145.874577747118,-1.87457774711808
2015-01-08,144.7,145.793544003873,-1.09354400387314
2015-01-09,146,145.714123857699,0.285876142300903
2015-01-12,145,145.636342540399,-0.636342540398666
2015-01-13,142.2,145.560225401944,-3.36022540194436
2015-01-14,140.8,145.485797529267,-4.68579752926687
2015-01-15,140.5,145.413082620319,-4.91308262031855
2015-01-16,138.6,145.342102436133,-6.74210243613343
2015-01-19,138,145.272876706869,-7.27287670686936
2015-01-20,138.9,145.205422375775,-6.30542237577529
2015-01-21,139,145.139753379782,-6.13975337978233
2015-01-22,140.5,145.075881049416,-4.57588104941575
2015-01-23,140.3,145.01381417727,-4.7138141772697
2015-01-26,139.3,144.953559664455,-5.65355966445512
2015-01-27,141,144.895122463586,-3.89512246358586
2015-01-28,140.6,144.838505190315,-4.23850519031469
2015-01-29,139,144.78370885021,-5.78370885020977
2015-01-30,138,144.730732696817,-6.73073269681687
2015-02-02,138.8,144.679573592921,-5.87957359292066
2015-02-03,140,144.6302256191,-4.63022561910026
2015-02-04,141,144.58268042555,-3.58268042554979
2015-02-05,141.5,144.536927748512,-3.03692774851174
2015-02-06,141.5,144.492955843299,-2.99295584329923
2015-02-09,140,144.450751709878,-4.45075170987777
2015-02-10,139.1,144.410301111046,-5.31030111104606
2015-02-11,140.8,144.371587969838,-3.57158796983808
2015-02-12,141,144.334594014228,-3.33459401422762
2015-02-13,142.2,144.299299495837,-2.09929949583724
2015-02-16,143.1,144.265683287897,-1.16568328789743
2015-02-17,142.4,144.233723395879,-1.83372339587934
2015-02-18,141.7,144.203397343406,-2.50339734340554
2015-02-23,142,144.174681896105,-2.17468189610491
2015-02-24,141.9,144.147552784809,-2.24755278480941
2015-02-25,142,144.121984841423,-2.12198484142264
2015-02-26,145,144.097951968803,0.902048031197383
2015-02-27,144,144.075427192665,-0.0754271926649591
2015-03-02,144,144.05438391159,-0.0543839115898975
2015-03-03,141.9,144.034795492978,-2.13479549297848
2015-03-04,143.4,144.01663528176,-0.616635281760136
2015-03-05,143.4,143.999875740419,-0.59987574041856
2015-03-06,141,143.984489076549,-2.98448907654937
2015-03-09,141.1,143.970447249781,-2.87044724978055
2015-03-10,141,143.957720986074,-2.95772098607446
2015-03-11,141,143.946279824864,-2.94627982486387
2015-03-12,142.2,143.93609208298,-1.73609208298047
2015-03-13,142.8,143.927124859382,-1.12712485938177
2015-03-16,143.2,143.919344535395,-0.719344535394953
2015-03-17,142.9,143.91271702644,-1.01271702644006
2015-03-18,142.1,143.907207950587,-1.80720795058727
2015-03-19,143.1,143.902782507289,-0.802782507288899
2015-03-20,143.2,143.899405148973,-0.699405148973166
2015-03-23,143.2,143.897039996227,-0.697039996226775
2015-03-24,144,143.895650880534,0.104349119465906
2015-03-25,144.4,143.895201345251,0.504798654748789
2017-11-15,138,143.895654976865,-5.89565497686469
2017-11-16,138.5,143.896975570527,-5.39697557052697
2017-11-17,138.9,143.899124484364,-4.99912448436361
2017-11-20,138.8,143.902060845608,-5.10206084560778
2017-11-21,140.4,143.905741715053,-3.50574171505342
2017-11-22,141.1,143.91012204451,-2.81012204451037
2017-11-23,141.6,143.915155336656,-2.3151553366559
2017-11-24,138.4,143.920793932573,-5.52079393257319
2017-11-27,140.7,143.926989216355,-3.2269892163554
2017-11-28,141.8,143.933690290019,-2.13369029001912
2017-11-29,142.5,143.940844921677,-1.44084492167705
2017-11-30,145,143.948399997458,1.05160000254231
2017-12-01,148.8,143.956301807902,4.84369819209803
2017-12-04,146.8,143.964497078241,2.83550292175875
2017-12-05,145.2,143.972934535896,1.22706546410387
2017-12-06,142.8,143.981564080371,-1.18156408037053
2017-12-07,142.5,143.990336118387,-1.49033611838731
2017-12-08,142,143.999200568259,-1.9992005682588
2017-12-11,142.9,144.008106732252,-1.10810673225212
2017-12-12,141.7,144.017003086245,-2.31700308624532
2017-12-13,144.3,144.02583764807,0.274162351930452
2017-12-14,144.2,144.0345574778,0.165442522199978
2017-12-15,144,144.04310974884,-0.0431097488400915
2017-12-18,144,144.05144170298,-0.0514417029799638
2017-12-19,144.4,144.05950056419,0.340499435809963
2017-12-20,143.6,144.067233535177,-0.467233535176796
2017-12-21,143.4,144.074587959396,-0.674587959395914
2017-12-22,144.7,144.081510987165,0.618489012835389
2017-12-25,145.6,144.087949489958,1.51205051004219
2017-12-26,145.1,144.093850594905,1.00614940509475
2017-12-27,144.4,144.09916205416,0.300837945839658
2017-12-28,144.3,144.103832035775,0.196167964225163
2017-12-29,142.1,144.107808832157,-2.00780883215681
2018-01-01,145.5,144.111040816802,1.38895918319787
2018-01-02,143.8,144.113475533259,-0.31347553325861
2018-01-03,144.4,144.115061099214,0.284938900786455
2018-01-04,145.7,144.115745502778,1.58425449722156
2018-01-05,146,144.115476849845,1.8845231501553
2018-01-08,147.3,144.11420390117,3.18579609883029
2018-01-09,147.5,144.1118761965,3.38812380350022
2018-01-10,150,144.108444592463,5.89155540753674
2018-01-11,150.7,144.103861346196,6.59613865380416
2018-01-12,153.7,144.098081150168,9.60191884983159
2018-01-15,153,144.091061423433,8.9089385765673
2018-01-16,152,144.082763554087,7.91723644591301
2018-01-17,152.3,144.073152612825,8.22684738717534
2018-01-18,152.7,144.062196943007,8.63780305699331
2018-01-19,153.5,144.049868288642,9.4501317113578
2018-01-22,151.8,144.036141964261,7.76385803573883
2018-01-23,150.7,144.020997190695,6.67900280930515
2018-01-24,152,144.004416398046,7.99558360195431
2018-01-25,151.2,143.986384777247,7.21361522275261
2018-01-26,152.8,143.966890824284,8.83310917571618
2018-01-29,150.5,143.945926016957,6.55407398304321
2018-01-30,148.8,143.923485484325,4.87651451567538
2018-01-31,148.1,143.89956706463,4.20043293536984
2018-02-01,148.8,143.874170611875,4.92582938812539
2018-02-02,148.6,143.84729771635,4.75270228365016
2018-02-05,146.1,143.818952004488,2.28104799551187
2018-02-06,146.1,143.789139067297,2.3108609327035
2018-02-07,142.8,143.757865438675,-0.957865438674924
2018-02-08,143.2,143.725138607738,-0.52513860773778
2018-02-09,144.5,143.690965667664,0.809034332336303
2018-02-12,144.5,143.655353494552,0.844646505447735
2018-02-13,143.9,143.618309298931,0.281690701069107
2018-02-14,143.8,143.579840640465,0.220159359534561
2018-02-15,143.8,143.539955195266,0.260044804733678
2018-02-16,143.4,143.498660730446,-0.0986607304461234
2018-02-19,143.6,143.455965120609,0.144034879390595
2018-02-20,144.5,143.411876199579,1.08812380042122
2018-02-21,144,143.366401860715,0.633598139285202
2018-02-22,145.7,143.319550447165,2.38044955283524
2018-02-23,148.2,143.27133056398,4.9286694360203
2018-02-26,148,143.221751800194,4.77824819980603
2018-02-27,148.6,143.170825782156,5.42917421784442
2018-02-28,148.1,143.118566111345,4.98143388865486
2018-03-01,147.5,143.064988633452,4.43501136654791
2018-03-02,148.5,143.010111253282,5.48988874671801
2018-03-05,147.2,142.953953708902,4.24604629109812
2018-03-06,146.7,142.896538007672,3.80346199232813
2018-03-07,147.2,142.837887912106,4.36211208789427
2018-03-08,145.2,142.778028756909,2.42197124309075
2018-03-09,145.7,142.716987679913,2.98301232008688
2018-03-12,145.9,142.654792820091,3.24520717990853
2018-03-13,146.8,142.591473549475,4.20852645052496
2018-03-14,146.8,142.527060581536,4.27293941846438
2018-03-15,144.8,142.461586369378,2.33841363062186
2018-03-16,144.9,142.39508513237,2.50491486763036
2018-03-19,143,142.327592056483,0.672407943516498
2018-03-20,142.5,142.259143363123,0.240856636876745
2018-03-21,142.1,142.189775551641,-0.0897755516413412
2018-03-22,135.7,142.119525220947,-6.41952522094747
2018-03-23,133.1,142.048428932843,-8.9484289328434
2018-03-26,135.8,141.976520595558,-6.17652059555798
2018-03-27,137.5,141.903830418398,-4.40383041839825
2018-03-28,136,141.830386057545,-5.83038605754518
2018-03-29,136.5,141.756213348815,-5.25621334881535
2018-03-30,136.5,141.681335717978,-5.18133571797752
2018-04-02,136.7,141.605774418093,-4.90577441809272
2018-04-03,134.2,141.529548560465,-7.3295485604651
2018-04-04,134,141.452675228552,-7.45267522855186
2018-04-05,134.7,141.375168476067,-6.67516847606696
2018-04-06,136,141.297039276089,-5.29703927608906
2018-04-09,137.4,141.218295842452,-3.81829584245158
2018-04-10,137.6,141.138944199403,-3.53894419940327
2018-04-11,138.2,141.058988792863,-2.85898879286268
2018-04-12,138.8,140.978432605894,-2.17843260589359
2018-04-13,136.1,140.897277439765,-4.79727743976496
2018-04-16,136.6,140.815524195273,-4.21552419527291
2018-04-17,137,140.73317179021,-3.73317179021047
2018-04-18,141.5,140.650217399842,0.849782600157845
2018-04-19,140.1,140.56665665629,-0.466656656290149
2018-04-20,141,140.482485542942,0.517514457057944
2018-04-23,139.1,140.39769985029,-1.29769985028972
2018-04-24,139.3,140.312295582744,-1.01229558274358
2018-04-25,138.5,140.226268208296,-1.72626820829624
2018-04-26,139.3,140.1396127765,-0.839612776500105
2018-04-27,138.9,140.052323623335,-1.15232362333491
2018-04-30,138.4,139.96439473772,-1.56439473771977
2018-05-01,141,139.87581963225,1.12418036775029
2018-05-02,142.2,139.786591172862,2.41340882713825
2018-05-03,142.8,139.696702690183,3.10329730981655
2018-05-04,144.4,139.60614851245,4.79385148754992
2018-05-07,142.9,139.514924250674,3.38507574932596
2018-05-08,142,139.423027497453,2.57697250254653
2018-05-09,142.7,139.330457244641,3.36954275535943
2018-05-10,144.2,139.237213549304,4.96278645069616
2018-05-11,140.5,139.143297861345,1.35670213865545
2018-05-14,139.7,139.048713682083,0.651286317917193
2018-05-15,139,138.953465073642,0.0465349263581105
2018-05-16,140,138.857556367363,1.14244363263693
2018-05-17,143.1,138.760991913823,4.33900808617744
2018-05-18,147.2,138.663776535836,8.53622346416355
2018-05-21,147.1,138.565916849792,8.53408315020798
2018-05-22,145.5,138.46742300061,7.0325769993896
2018-05-23,144,138.368308660856,5.63169133914359
2018-05-24,144.7,138.268590410081,6.4314095899194
2018-05-25,144,138.168287155749,5.83171284425051
2018-05-28,144.2,138.067420463814,6.13257953618558
2018-05-29,142.7,137.966014310822,4.73398568917774
2018-05-30,142.2,137.864095208281,4.33590479171854
2018-05-31,142,137.761691624541,4.23830837545938
2018-06-01,142,137.658833820237,4.34116617976307
2018-06-04,141.8,137.555553807954,4.24444619204646
2018-06-05,141.4,137.451885394736,3.94811460526365
2018-06-06,142.2,137.347864142115,4.85213585788453
2018-06-07,141.6,137.243527243614,4.35647275638632
2018-06-08,140.3,137.13891389843,3.16108610156969
2018-06-11,141,137.034065106556,3.96593489344417
2018-06-12,138.1,136.929023174646,1.170976825354
2018-06-13,137.5,136.823832048716,0.676167951284465
2018-06-14,138.6,136.718536158813,1.88146384118656
2018-06-15,136.6,136.613180214489,-0.0131802144893058
2018-06-18,133.3,136.507809703014,-3.20780970301432
2018-06-19,133.6,136.402470106211,-2.80247010621141
2018-06-20,133.1,136.297205579924,-3.19720557992419
2018-06-21,133.9,136.192059121568,-2.29205912156767
2018-06-22,134.1,136.087072406961,-1.98707240696057
2018-06-25,135.2,135.982286164474,-0.782286164474038
2018-06-26,134.9,135.877740301109,-0.977740301108646
2018-06-27,134.7,135.773474400496,-1.07347440049611
2018-06-28,134.6,135.669527642111,-1.06952764211061
2018-06-29,133,135.565938761695,-2.56593876169452
2018-07-02,132,135.46274605289,-3.46274605289043
2018-07-03,130.6,135.359986748684,-4.75998674868439
2018-07-04,129.7,135.257696650706,-5.55769665070556
2018-07-05,130.7,135.155909592992,-4.45590959299222
2018-07-06,131.2,135.054657112256,-3.85465711225558
2018-07-09,130.1,134.953968903314,-4.85396890331415
2018-07-10,130.1,134.853873067626,-4.75387306762627
2018-07-11,130.3,134.754395700212,-4.4543957002118
2018-07-12,130.4,134.655560931034,-4.25556093103446
2018-07-13,131.2,134.557391048788,-3.35739104878756
2018-07-16,132.6,134.459906583086,-1.85990658308588
2018-07-17,133,134.363126675736,-1.36312667573587
2018-07-18,133,134.267069699733,-1.267069699733
2018-07-19,133.4,134.17175346461,-0.771753464610334
2018-07-20,131.5,134.077195256145,-2.5771952561453
2018-07-23,130,133.983412041104,-3.98341204110373
2018-07-24,132.2,133.890419720943,-1.69041972094298
2018-07-25,132.4,133.798232550536,-1.39823255053634
2018-07-26,131.5,133.706864086008,-2.20686408600763
2018-07-27,131.4,133.616327305506,-2.21632730550585
2018-07-30,131.4,133.526634274953,-2.12663427495347
2018-07-31,130.7,133.437796144131,-2.73779614413143
2018-08-01,131.6,133.349823183755,-1.74982318375519
2018-08-02,130.9,133.262724532842,-2.36272453284243
2018-08-03,132.2,133.176508607111,-0.976508607111164
2018-08-06,133.8,133.091182845618,0.70881715438194
2018-08-07,134.5,133.006754283771,1.49324571622908
2018-08-08,134.5,132.923230249976,1.57676975002358
2018-08-09,134.2,132.840618689889,1.3593813101106
2018-08-10,134.1,132.758928200935,1.34107179906467
2018-08-13,134.3,132.678167942455,1.62183205754484
2018-08-14,134.1,132.598347628133,1.50165237186751
2018-08-15,133.4,132.519477642054,0.880522357946167
2018-08-16,133.1,132.441568989028,0.658431010971777
2018-08-17,134.7,132.364633037837,2.33536696216339
2018-08-20,138.2,132.288681429429,5.91131857057093
2018-08-21,139.2,132.213726770101,6.98627322989856
2018-08-22,136.6,132.139784109652,4.46021589034849
2018-08-23,135.2,132.066871385722,3.13312861427764
2018-08-24,133,131.995008379628,1.00499162037152
2018-08-27,133.9,131.924216167797,1.97578383220339
2018-08-28,134.4,131.854516242074,2.54548375792615
2018-08-29,134.2,131.78593091102,2.41406908898001
2018-08-30,133.5,131.718483535395,1.78151646460476
2018-08-31,131,131.652198473836,-0.652198473835816
2018-09-03,131.5,131.587100821389,-0.087100821388858
2018-09-04,132,131.523215403504,0.476784596495944
2018-09-05,131.8,131.460567009629,0.339432990370556
2018-09-06,131.5,131.399180626301,0.100819373698621
2018-09-07,131.8,131.339081380358,0.460918619642195
2018-09-10,131.5,131.280294440315,0.219705559684888
2018-09-11,133,131.222845165212,1.77715483478839
2018-09-12,133.2,131.166759004907,2.03324099509336
2018-09-13,132.4,131.11206214386,1.28793785613991
2018-09-14,131.9,131.058781606995,0.841218393005444
2018-09-17,132.2,131.006944951613,1.19305504838707
2018-09-18,132.3,130.956580082746,1.34341991725405
2018-09-19,133.6,130.907715398584,2.69228460141581
2018-09-20,133.3,130.860379852634,2.439620147366
2018-09-21,134.6,130.814603511285,3.78539648871483
2018-09-24,134.8,130.770417449368,4.02958255063162
2018-09-25,134.5,130.727854306441,3.77214569355925
2018-09-26,132.7,130.686948387728,2.01305161227158
2018-09-27,132.8,130.647735557716,2.15226444228433
2018-09-28,133.9,130.610252512997,3.28974748700306
2018-10-01,133.7,130.574536839827,3.12546316017308
2018-10-02,133.1,130.540627484311,2.55937251568907
2018-10-03,133.4,130.508564684492,2.89143531550835
2018-10-04,133.3,130.478389736357,2.82161026364347
2018-10-05,132.8,130.450145131094,2.34985486890641
2018-10-08,134,130.423874526236,3.57612547376358
2018-10-09,133.8,130.399622550651,3.40037744934862
2018-10-10,132.8,130.377435311425,2.42256468857488
2018-10-11,132.8,130.357360321233,2.44263967876737
2018-10-12,132.8,130.339446094134,2.4605539058665
2018-10-15,132,130.323742153885,1.6762578461152
2018-10-16,132.5,130.310299041326,2.18970095867426
2018-10-17,131.8,130.299167990198,1.50083200980154
2018-10-18,131.8,130.290401139385,1.50959886061489
2018-10-19,132.4,130.284051248145,2.11594875185495
2018-10-22,132.2,130.280171699745,1.91982830025542
2018-10-23,131.7,130.278816752106,1.42118324789408
2018-10-24,131.2,130.280041456719,0.919958543281224
2018-10-25,130.3,130.283901452541,0.0160985474586484
2018-10-26,126.5,130.290452758803,-3.79045275880345
2018-10-29,125.3,130.299751401388,-4.99975140138839
2018-10-30,124.1,130.311851839362,-6.21185183936207
2018-10-31,124.3,130.326806465092,-6.02680646509152
2018-11-01,125.5,130.344665103211,-4.84466510321087
2018-11-02,124.3,130.365475087127,-6.06547508712685
2018-11-05,124.4,130.389281747645,-5.98928174764513
2018-11-06,124.1,130.416127908348,-6.31612790834767
2018-11-07,124.4,130.446053917094,-6.04605391709353
2018-11-08,124.3,130.479097510905,-6.17909751090526
2018-11-09,123.8,130.515293927613,-6.71529392761268
2018-11-12,123.5,130.554675850852,-7.05467585085183
2018-11-13,123.5,130.597273188429,-7.09727318842941
2018-11-14,123.7,130.643112932025,-6.94311293202455
2018-11-15,123.2,130.692219139604,-7.49221913960423
2018-11-16,123,130.744612999115,-7.74461299911524
2018-11-19,121.5,130.800312601539,-9.30031260153853
2018-11-20,121,130.859332836535,-9.85933283653502
2018-11-21,121,130.921684749387,-9.92168474938724
2018-11-22,121.6,130.987375309934,-9.38737530993443
2018-11-23,122.2,131.056407386781,-8.85640738678072
2018-11-26,122,131.128779968173,-9.1287799681726
2018-11-27,121.8,131.204488381471,-9.40448838147072
2018-11-28,122.7,131.283524180564,-8.58352418056423
2018-11-29,123.9,131.365875031911,-7.46587503191102
2018-11-30,123.9,131.451525053878,-7.55152505387768
2018-12-03,123.8,131.540455278749,-7.7404552787492
2018-12-04,124.3,131.632643617304,-7.33264361730362
2018-12-05,123.6,131.728064780727,-8.12806478072737
2018-12-06,123.5,131.826690449191,-8.32669044919096
2018-12-07,122.8,131.928488943051,-9.12848894305094
2018-12-10,123.6,132.033425140737,-8.43342514073701
2018-12-11,123.8,132.141460147338,-8.34146014733777
2018-12-12,125.1,132.252551581895,-7.1525515818954
2018-12-13,124.1,132.366653615434,-8.26665361543422
2018-12-14,125.5,132.483717462396,-6.98371746239603
2018-12-17,126.4,132.603690920119,-6.20369092011864
2018-12-18,126.1,132.726518899162,-6.62651889916233
2018-12-19,127.4,132.852143745721,-5.45214374572147
2018-12-20,127.7,132.980505066858,-5.28050506685815
2018-12-21,126.6,133.111540215934,-6.51154021593418
2018-12-24,126.9,133.245184363566,-6.34518436356626
2018-12-25,124.5,133.381369988761,-8.88136998876146
2018-12-26,128.2,133.520026947678,-5.32002694767752
2018-12-27,128.4,133.661081425283,-5.26108142528326
2018-12-28,127.7,133.804457407453,-6.10445740745253
2019-01-01,128.4,133.95007670534,-5.55007670534007
2019-01-02,131.6,134.097858606766,-2.49785860676576
2019-01-03,137.5,134.247720105372,3.25227989462832
2019-01-04,135,134.399577162283,0.600422837716974
2019-01-07,138.1,134.553347082991,3.54665291700906
2019-01-08,138.5,134.708947421172,3.79105257882835
2019-01-09,135.9,134.866297196551,1.03370280344884
2019-01-10,135.8,135.025316995918,0.774683004082416
2019-01-11,134.4,135.185927833354,-0.785927833354319
2019-01-14,133.9,135.348051043166,-1.44805104316629
2019-01-15,134.2,135.511607634789,-1.31160763478916
2019-01-16,133.5,135.67651801909,-2.17651801908972
2019-01-17,133.7,135.842702064768,-2.14270206476839
2019-01-18,137.9,136.010078740844,1.8899212591556
2019-01-21,134.9,136.178566130628,-1.27856613062794
2019-01-22,132.9,136.348083098646,-3.44808309864607
2019-01-23,132.8,136.51854798092,-3.71854798091963
2019-01-24,132.8,136.68987768817,-3.88987768816955
2019-01-25,134.7,136.861987594019,-2.16198759401898
2019-01-28,133,137.034791464172,-4.03479146417154
2019-01-29,133,137.208202170654,-4.20820217065389
2019-01-30,132.3,137.382130917671,-5.08213091767055
2019-01-31,133.4,137.556487169925,-4.1564871699249
2019-02-01,133.2,137.731178291371,-4.53117829137129
2019-02-06,132.7,137.906109927839,-5.20610992783917
2019-02-07,131,138.081185852152,-7.08118585215212
2019-02-08,130.8,138.256307685137,-7.45630768513649
2019-02-11,132.7,138.431374120541,-5.73137412054126
2019-02-12,133.3,138.606280769978,-5.30628076997799
2019-02-13,135,138.780920875938,-3.78092087593785
2019-02-14,135.3,138.955185487509,-3.65518548750913
2019-02-15,136.2,139.128964090901,-2.92896409090055
2019-02-18,141.5,139.302144661414,2.19785533858629
2019-02-19,144.2,139.474613963633,4.72538603636741
2019-02-20,142.1,139.646259670648,2.45374032935206
2019-02-21,144.6,139.816971408837,4.78302859116327
2019-02-22,144.1,139.98663981885,4.11336018115005
2019-02-25,144,140.155157518452,3.84484248154843
2019-02-26,146.3,140.322418825703,5.977581174297
2019-02-27,147.4,140.488319647969,6.91168035203052
2019-02-28,149.2,140.652758363506,8.54724163649415
2019-03-01,149.2,140.815636207583,8.38436379241739
2019-03-04,148.2,140.976857948551,7.22314205144861
2019-03-05,147.3,141.136331820525,6.16366817947493
2019-03-06,145.1,141.293969043371,3.80603095662896
2019-03-07,144.5,141.449683384774,3.05031661522648
2019-03-08,146.2,141.603390185674,4.59660981432562
2019-03-11,147,141.755006047887,5.244993952113
2019-03-12,146.7,141.904449473288,4.79555052671216
2019-03-13,148.3,142.051641131824,6.24835886817554
2019-03-14,146.9,142.196503675723,4.70349632427736
2019-03-15,147.9,142.338962340037,5.56103765996311
2019-03-18,147.6,142.47894430405,5.12105569595033
2019-03-19,147.7,142.616379045764,5.08362095423576
2019-03-20,148.3,142.751198160011,5.54880183998863
2019-03-21,148,142.883335342993,5.11666465700698
2019-03-22,146.6,143.012726584556,3.5872734154436
2019-03-25,145.5,143.139309989579,2.36069001042072
2019-03-26,144.1,143.263025145773,0.836974854227024
2019-03-27,142.2,143.383812616657,-1.18381261665727
2019-03-28,142.3,143.501613311729,-1.20161331172903
2019-03-29,145.1,143.616367651149,1.48363234885086
2019-04-01,145.7,143.728015558367,1.97198444163303
2019-04-02,147.8,143.836497570112,3.96350242988813
2019-04-03,149,143.941755038254,5.0582449617463
2019-04-04,149.2,144.043730953019,5.1562690469811
2019-04-05,152.4,144.1423703955,8.25762960450007
2019-04-08,152,144.237620578195,7.76237942180542
2019-04-09,153.7,144.329432126958,9.37056787304242
2019-04-10,154.6,144.417758876307,10.1822411236928
2019-04-11,155.5,144.502558534185,10.9974414658153
2019-04-12,154,144.583793017449,9.41620698255078
2019-04-15,153.5,144.661428788866,8.83857121113379
2019-04-16,151.3,144.735436203477,6.56456379652325
2019-04-17,149.1,144.805789269838,4.29421073016187
2019-04-18,150.5,144.872464710026,5.62753528997444
2019-04-19,150.5,144.935441021182,5.56455897881846
2019-04-22,150.7,144.994699026636,5.70530097336429
2019-04-23,150.8,145.050221849888,5.74977815011164
2019-04-24,150.9,145.101994972783,5.79800502721706
2019-04-25,150.3,145.150006253881,5.14999374611925
2019-04-26,149.6,145.194245948411,4.40575405158945
2019-04-29,152.1,145.234706440402,6.86529355959759
2019-04-30,151.4,145.271381935042,6.12861806495819
2019-05-01,152.1,145.304269475367,6.79573052463269
2019-05-02,151.2,145.333368637719,5.86663136228102
2019-05-03,149.9,145.35868180753,4.54131819247005
2019-05-06,150,145.380213795263,4.6197862047368
2019-05-07,149.3,145.397971288583,3.90202871141673
2019-05-08,148.5,145.41196288478,3.08803711522009
2019-05-09,149,145.422198794097,3.57780120590298
2019-05-10,149.5,145.428690503236,4.07130949676376
2019-05-13,148,145.431450977824,2.56854902217616
2019-05-14,148.3,145.430494866404,2.86950513359611
2019-05-15,151.4,145.425837879249,5.97416212075144
2019-05-16,150,145.417496912774,4.58250308722617
2019-05-17,149.5,145.405491332869,4.09450866713141
2019-05-20,151.2,145.389842399647,5.81015760035296
2019-05-21,151.8,145.370573065736,6.42942693426374
2019-05-22,150.8,145.347708685434,5.45229131456552
2019-05-23,153.2,145.321277270716,7.87872272928362
2019-05-24,151.7,145.291309087322,6.40869091267768
2019-05-27,151.8,145.25783765772,6.54216234227991
2019-05-28,153,145.22089915348,7.77910084651974
2019-05-29,151,145.180532450447,5.81946754955283
2019-05-30,153.8,145.136779640031,8.66322035996887
2019-05-31,151.1,145.089685219169,6.01031478083056
2019-06-03,151.9,145.039297265831,6.86070273416858
2019-06-04,152.3,144.9856663424,7.3143336576001
2019-06-05,155.2,144.928845847211,10.271154152789
2019-06-06,155.6,144.868892202041,10.7311077979589
2019-06-07,155.4,144.805866074359,10.5941339256407
2019-06-10,155.3,144.739832567429,10.5601674325709
2019-06-11,154.5,144.670861163712,9.82913883628781
2019-06-12,154.3,144.599025710813,9.70097428918658
2019-06-13,153.5,144.524404119322,8.97559588067779
2019-06-14,152.7,144.4470783098,8.25292169019987
2019-06-17,151.6,144.367133912971,7.23286608702881
2019-06-18,149,144.284659970988,4.71534002901211
2019-06-19,148.3,144.199748515776,4.10025148422423
2019-06-20,148.1,144.112493528388,3.98750647161239
2019-06-21,146.2,144.022990684756,2.17700931524405
2019-06-24,147.5,143.931337309093,3.56866269090712
2019-06-25,147.8,143.837631625499,3.96236837450143
2019-06-26,147.7,143.74197333321,3.95802666678953
2019-06-27,146.1,143.644463769355,2.45553623064461
2019-06-28,147,143.545205907143,3.45479409285677
2019-07-01,146.4,143.444303734816,2.95569626518428
2019-07-02,145,143.341862668669,1.65813733133128
2019-07-03,144,143.237989346775,0.762010653224549
2019-07-04,144.6,143.132791092615,1.46720890738518
2019-07-05,142.9,143.02637554465,-0.126375544650228
2019-07-08,140.2,142.918850947831,-2.71885094783083
2019-07-09,139.9,142.810325494866,-2.91032549486584
2019-07-10,140.5,142.700906254602,-2.20090625460199
2019-07-11,139.3,142.590699092874,-3.29069909287357
2019-07-12,140.7,142.47980896575,-1.77980896575035
2019-07-15,140,142.368339469057,-2.36833946905735
2019-07-16,139.9,142.256393462919,-2.35639346291892
2019-07-17,141.2,142.144072828484,-0.944072828484173
2019-07-18,141.8,142.031478472862,-0.231478472861921
2019-07-19,143.1,141.918710912921,1.18128908707898
2019-07-22,142.2,141.805870569846,0.394129430154196
2019-07-23,142.3,141.693058353118,0.606941646882195
2019-07-24,142.1,141.580375335136,0.519624664863857
2019-07-25,140.8,141.467922839185,-0.667922839184499
2019-07-26,138.8,141.355802403339,-2.55580240333939
2019-07-29,136.6,141.244115289584,-4.64411528958451
2019-07-30,136.5,141.132961703437,-4.63296170343718
2019-07-31,133.1,141.022439930726,-7.92243993072559
2019-08-01,131.5,140.912646342197,-9.41264634219727
2019-08-02,129.2,140.80367403378,-11.6036740337801
2019-08-05,130.4,140.695612210595,-10.2956122105949
2019-08-06,130.7,140.588545281268,-9.88854528126839
2019-08-07,131.3,140.482553398635,-9.18255339863494
2019-08-08,131.1,140.377712628003,-9.27771262800321
2019-08-12,130.7,140.274095238986,-9.57409523898614
2019-08-13,130.9,140.171769666155,-9.27176966615522
2019-08-14,129.3,140.070800386544,-10.7708003865444
2019-08-15,130.7,139.971248044608,-9.27124804460824
2019-08-16,131.7,139.873168832582,-8.17316883258213
2019-08-19,130.2,139.776615110345,-9.57661511034459
2019-08-20,130.3,139.681635859312,-9.38163585931206
2019-08-21,129.1,139.588276102317,-10.4882761023169
2019-08-22,127.8,139.496576984196,-11.6965769841962
2019-08-23,128.9,139.406575314357,-10.5065753143568
2019-08-26,129.5,139.318303067313,-9.81830306731294
2019-08-27,130.3,139.231787874586,-8.93178787458623
2019-08-28,129.1,139.147053309197,-10.047053309197
2019-08-29,130.8,139.064119252129,-8.2641192521289
2019-08-30,130.5,138.983001431319,-8.48300143131941
2019-09-02,130.9,138.903712158646,-8.0037121586465
2019-09-03,133.9,138.826260239459,-4.92626023945885
2019-09-04,133.9,138.750651170698,-4.85065117069836
2019-09-05,132.7,138.67688841298,-5.97688841298039
2019-09-06,133.3,138.604973421861,-5.30497342186117
2019-09-09,133.9,138.534905182289,-4.63490518228916
2019-09-10,133.2,138.466680486353,-5.26668048635272
2019-09-11,133.3,138.400294210254,-5.10029421025432
2019-09-12,134.3,138.335739053161,-4.03573905316117
2019-09-13,134.3,138.273005605986,-3.97300560598557
2019-09-16,135.2,138.212082791432,-3.01208279143171
2019-09-17,133.9,138.152957889916,-4.25295788991586
2019-09-18,132.8,138.095616936785,-5.29561693678493
2019-09-19,133,138.040044209385,-5.04004420938492
2019-09-20,133.5,137.986221796061,-4.486221796061
2019-09-23,132.4,137.934129701814,-5.53412970181355
2019-09-24,131.5,137.883746077213,-6.38374607721303
2019-09-25,129.3,137.835046785249,-8.53504678524901
2019-09-26,127.4,137.788005050125,-10.3880050501252
2019-09-27,127.9,137.742590567997,-9.84259056799651
2019-09-30,126.9,137.698768741036,-10.7987687410365
2019-10-01,125.2,137.656500902892,-12.4565009028923
2019-10-02,124.3,137.61574392343,-13.3157439234305
2019-10-03,125.4,137.576449523499,-12.1764495234995
2019-10-04,125.1,137.538563919756,-12.438563919756
2019-10-07,126.4,137.502028295602,-11.1020282956021
2019-10-08,127.3,137.466778692839,-10.1667786928389
2019-10-09,129,137.432746564133,-8.4327465641326
2019-10-10,129.2,137.399859159614,-8.19985915961363
2019-10-11,131.5,137.368040243655,-5.86804024365493
2019-10-14,130,137.337210191137,-7.33721019113673
2019-10-15,130.6,137.307286951326,-6.70728695132574
2019-10-16,131.6,137.278185440584,-5.67818544058424
2019-10-17,132.9,137.24981780275,-4.3498178027496
2019-10-18,132.3,137.222093834525,-4.92209383452523
2019-10-21,133,137.194921534576,-4.19492153457637
2019-10-22,132.6,137.168206866972,-4.56820686697182
2019-10-23,132.7,137.141854061769,-4.44185406176918
2019-10-24,132.6,137.115765460711,-4.51576546071137
2019-10-25,132.7,137.089841569459,-4.38984156945875
2019-10-28,132.7,137.063981027036,-4.36398102703555
2019-10-29,133.9,137.038080657882,-3.1380806578823
2019-10-30,134,137.012035482544,-3.01203548254444
2019-10-31,133.7,136.985739224412,-3.28573922441199
2019-11-01,133.6,136.95908436182,-3.35908436182002
2019-11-04,136.4,136.931962014911,-0.531962014911351
2019-11-05,136.5,136.904261915317,-0.404261915317446
2019-11-06,137,136.87587357478,0.124126425219906
2019-11-07,136.3,136.846686337934,-0.546686337933641
2019-11-08,136.7,136.816589600724,-0.116589600724454
2019-11-11,137.4,136.785472533115,0.614527466884671
2019-11-12,137.5,136.753224256881,0.746775743118833
2019-11-13,139,136.719734147814,2.28026585218561
2019-11-14,136.3,136.684891890394,-0.384891890393607
2019-11-15,138.4,136.64858811167,1.75141188832995
2019-11-18,137.4,136.610713279596,0.789286720404042
2019-11-19,141.9,136.571158586089,5.32884141391118
2019-11-20,143.2,136.52981554932,6.67018445068036
2019-11-21,142.8,136.486577890195,6.31342210980545
2019-11-22,144.3,136.4413420868,7.85865791319959
2019-11-25,143,136.394007226944,6.60599277305632
2019-11-26,141,136.344475646881,4.65552435311944
2019-11-27,140.7,136.292652413519,4.40734758648119
2019-11-28,139.8,136.238444518175,3.56155548182484
2019-11-29,139.9,136.181760773981,3.71823922601852
2019-12-02,141.6,136.122511466287,5.47748853371284
2019-12-03,142.7,136.060608417392,6.63939158260767
2019-12-04,146.4,135.995965713783,10.4040342862173
2019-12-05,148.3,135.928500186401,12.3714998135993
2019-12-06,148.6,135.858132966795,12.7418670332054
2019-12-09,149.2,135.7847903004,13.4152096995995
2019-12-10,149.7,135.708403699626,13.9915963003738
2019-12-11,149.4,135.62891022218,13.7710897778196
2019-12-12,149.4,135.546252709342,13.8537472906575
2019-12-13,148.3,135.460379694808,12.8396203051918
2019-12-16,149.9,135.371245438849,14.528754561151
2019-12-17,148.4,135.278809509128,13.1211904908721
2019-12-18,145.6,135.183037478904,10.4169625210965
2019-12-19,146.3,135.083900345205,11.2160996547953
2019-12-20,145,134.981373411023,10.0186265889769
2019-12-23,145.2,134.875436615623,10.3245633843774
2019-12-25,145.7,134.766074039576,10.9339259604245
2019-12-26,145.8,134.653274031208,11.1467259687917
2019-12-27,146.3,134.53702945849,11.7629705415096
2020-01-01,145.5,134.417337797011,11.0826622029892
2020-01-02,145.1,134.294201384687,10.8057986153131
2020-01-03,149,134.167627140564,14.8323728594362
2020-01-06,150.3,134.037626450345,16.2623735496553
2020-01-07,150.4,133.904216830899,16.4957831691014
2020-01-08,148.8,133.767422521268,15.032577478732
2020-01-09,149.3,133.627274579202,15.6727254207983
2020-01-10,152.8,133.483810276303,19.3161897236971
2020-01-13,152.3,133.337073362646,18.9629266373536
2020-01-14,151.9,133.187115572845,18.7128844271548
2020-01-15,152.2,133.033996480026,19.1660035199739
2020-01-16,152.6,132.877783392471,19.7222166075293
2020-01-17,151.4,132.718551540915,18.681448459085
2020-01-20,148.5,132.556384308464,15.9436156915362
2020-01-21,146,132.391372800382,13.6086271996175
2020-01-22,144.5,132.223614712387,12.2763852876134
2020-01-27,135.8,132.053213365451,3.74678663454856
2020-01-28,139.7,131.880277155121,7.81972284487857
2020-01-29,136.5,131.704916025699,4.7950839743014
2020-01-30,136.2,131.527243153859,4.67275684614074
2020-01-31,128.9,131.347373698362,-2.44737369836215
2020-02-03,131.7,131.165424749503,0.534575250496838
2020-02-04,132.9,130.981512385931,1.91848761406902
2020-02-05,134.1,130.795752907262,3.30424709273836
2020-02-06,133.7,130.608263406144,3.0917365938563
2020-02-07,133.6,130.41916234106,3.18083765893996
2020-02-10,135.8,130.228569448503,5.57143055149651
2020-02-11,136,130.03660577979,5.96339422021032
2020-02-12,136.6,129.843394689242,6.75660531075779
2020-02-13,136.1,129.649061996211,6.45093800378946
2020-02-14,138.4,129.453736312958,8.94626368704206
2020-02-17,137.7,129.257548918301,8.44245108169863
2020-02-18,137.5,129.060634789084,8.43936521091605
2020-02-19,137.9,128.86313239192,9.03686760808
2020-02-20,137.9,128.665183681917,9.23481631808343
2020-02-21,134.7,128.466934349659,6.2330656503414
2020-02-24,136,128.268533903035,7.73146609696539
2020-02-25,134.7,128.07013442643,6.62986557356969
2020-02-26,133.3,127.871891200108,5.42810879989182
2020-02-27,128.7,127.673962244851,1.0260377551489
2020-02-28,132.5,127.476507825205,5.0234921747947
2020-03-02,130.4,127.279688629836,3.1203113701636
2020-03-03,130.6,127.083667423923,3.51633257607738
2020-03-04,131.4,126.888608262451,4.511391737549
2020-03-05,130.1,126.694676653923,3.40532334607671
2020-03-06,126.3,126.502039971666,-0.202039971665752
2020-03-09,128.5,126.310866996625,2.18913300337539
2020-03-10,128,126.121326426244,1.87867357375598
2020-03-11,126.4,125.933587862854,0.466412137146416
2020-03-12,126.6,125.747821685353,0.852178314646834
2020-03-13,124.9,125.564198465447,-0.66419846544688
2020-03-16,125.3,125.382889127092,-0.0828891270923893
2020-03-17,121.6,125.204064319685,-3.60406431968451
2020-03-18,116.2,125.027894658367,-8.82789465836656
2020-03-19,117.2,124.854549268503,-7.65454926850296
2020-03-20,111,124.684193626364,-13.6841936263642
2020-03-23,112,124.516990044135,-12.5169900441347
2020-03-24,113.3,124.353095177508,-11.0530951775076
2020-03-25,112.5,124.192660508143,-11.6926605081429
2020-03-26,110.4,124.035832948806,-13.6358329488063
2020-03-27,107.2,123.882754578991,-16.682754578991
2020-03-30,108.2,123.733561841675,-15.5335618416749
2020-03-31,104.5,123.588384283853,-19.0883842838532
2020-04-01,107.2,123.447345031593,-16.2473450315933
2020-04-02,107.1,123.31055932057,-16.2105593205697
2020-04-03,108.5,123.178135670471,-14.6781356704713
2020-04-06,108.7,123.050175900186,-14.3501759001856
2020-04-07,113.8,122.926775761255,-9.12677576125467
2020-04-08,114.6,122.808025073431,-8.20802507343145
2020-04-10,112.3,122.694009883828,-10.3940098838279
2020-04-13,114.6,122.584812846678,-7.98481284667771
2020-04-14,114.7,122.480512319777,-7.78051231977711
2020-04-15,113.3,122.38118336029,-9.08118336028989
2020-04-16,114.7,122.286897809236,-7.58689780923639
2020-04-17,115.8,122.197723753876,-6.39772375387607
2020-04-20,112.7,122.113726145297,-9.41372614529651
2020-04-21,111.1,122.034967290053,-10.9349672900527
2020-04-22,113.4,121.961505603448,-8.56150560344834
2020-04-23,112.7,121.893394980695,-9.19339498069482
2020-04-24,112.3,121.83068577803,-9.53068577802985
2020-04-27,111,121.773424551512,-10.7734245515116
2020-04-28,110.8,121.721653917589,-10.9216539175894
2020-04-29,111.3,121.675412039421,-10.375412039421
2020-05-01,109.1,121.634732565589,-12.5347325655894
2020-05-04,109,121.599644855895,-12.5996448558946
2020-05-05,112.3,121.570173088795,-9.27017308879537
2020-05-07,112.4,121.54633623454,-9.14633623454037
2020-05-08,112.2,121.528149431479,-9.32814943147905
2020-05-11,116.6,121.515624037236,-4.91562403723551
2020-05-12,116,121.508767553545,-5.50876755354533
2020-05-13,115,121.507585450222,-6.50758545022236
2020-05-14,116.8,121.512080919983,-4.71208091998271
2020-05-15,115.5,121.522254465569,-6.0222544655686
2020-05-18,117.1,121.538104641928,-4.43810464192772
2020-05-19,118.6,121.559627514646,-2.95962751464595
2020-05-20,118.7,121.586817314792,-2.88681731479187
2020-05-21,117,121.619667050041,-4.61966705004079
2020-05-25,117.9,121.658168534756,-3.75816853475619
2020-05-26,116.9,121.702311673746,-4.8023116737458
2020-05-27,117,121.752084818312,-4.75208481831243
2020-05-28,116,121.807474334693,-5.807474334693
2020-05-29,118.3,121.868464624796,-3.56846462479593
2020-06-01,117.3,121.935037689972,-4.63503768997203
2020-06-02,119.3,122.007174056491,-2.70717405649107
2020-06-03,118.9,122.084852334686,-3.18485233468551
2020-06-04,122.5,122.168050015867,0.331949984132629
2020-06-05,123.4,122.256743274842,1.14325672515823
2020-06-08,123.7,122.350908423643,1.34909157635664
2020-06-09,123,122.450522246865,0.549477753135152
2020-06-10,122.5,122.555562086767,-0.0555620867668916
2020-06-11,120.8,122.666005512753,-1.86600551275279
2020-06-12,118.9,122.781830071242,-3.88183007124159
2020-06-15,120.2,122.903012537337,-2.70301253733739
2020-06-16,120.3,123.029528081539,-2.72952808153909
2020-06-17,120.1,123.161350757035,-3.06135075703469
2020-06-18,122.3,123.298453488731,-0.99845348873111
2020-06-19,121.4,123.440807936111,-2.04080793611139
2020-06-22,121,123.588385345901,-2.58838534590106
2020-06-23,119.5,123.741156121274,-4.24115612127391
2020-06-24,118.4,123.899089595451,-5.49908959545111
2020-06-25,117.7,124.062153348547,-6.36215334854687
2020-06-26,116.7,124.230312687564,-7.53031268756411
2020-06-29,117.1,124.403530289651,-7.30353028965077
2020-06-30,116.9,124.581765719214,-7.6817657192144
2020-07-01,118.6,124.764975521673,-6.16497552167266
2020-07-02,119.3,124.953113067126,-5.65311306712553
2020-07-03,121,125.146129177334,-4.14612917733431
2020-07-06,120.3,125.343972337257,-5.04397233725707
2020-07-07,120.9,125.546589318021,-4.64658931802074
2020-07-08,121.2,125.753924805789,-4.5539248057895
2020-07-10,121.1,125.965921566001,-4.86592156600081
2020-07-13,120.3,126.182520481696,-5.88252048169641
2020-07-14,119.5,126.403660424519,-6.90366042451893
2020-07-15,119.3,126.629277834536,-7.32927783453623
2020-07-16,119.5,126.859306298125,-7.35930629812451
2020-07-17,118.9,127.093676372005,-8.19367637200532
2020-07-20,119.5,127.332315570857,-7.8323155708568
2020-07-21,119.6,127.575148022448,-7.97514802244789
2020-07-22,119.4,127.822094616969,-8.42209461696858
2020-07-23,119.4,128.073072948003,-8.6730729480029
2020-07-24,120.3,128.327997127793,-8.02799712779276
2020-07-27,121.9,128.586777683459,-6.68677768345872
2020-07-28,123.2,128.849321823688,-5.64932182368819
2020-07-29,124.2,129.115533993113,-4.9155339931131
2020-07-31,124.6,129.385316301168,-4.78531630116768
2020-08-03,125.2,129.658568825406,-4.45856882540631
2020-08-04,126.1,129.935189665318,-3.8351896653181
2020-08-05,131.8,130.215075077401,1.5849249225986
2020-08-06,135.7,130.498119732843,5.20188026715682
2020-08-10,132.2,130.784218957975,1.41578104202488
2020-08-11,131.7,131.07327022937,0.62672977063028
2020-08-12,132,131.365171608836,0.634828391164272
2020-08-13,133,131.659821417239,1.34017858276052
2020-08-14,133.7,131.957118237865,1.74288176213503
2020-08-17,134.9,132.256961207975,2.64303879202487
2020-08-18,135.1,132.559250185262,2.54074981473755
2020-08-19,134.8,132.86388611995,1.93611388004968
2020-08-20,133.8,133.170771012501,0.629228987499236
2020-08-21,137,133.479807663693,3.52019233630726
2020-08-24,136.5,133.790899134395,2.70910086560545
2020-08-25,137.4,134.103949940599,3.29605005940081
2020-08-26,138.7,134.418865718113,4.28113428188673
2020-08-27,139.3,134.735553465207,4.56444653479279
2020-08-28,143,135.053921949797,7.946078050203
2020-08-31,142.9,135.37388182656,7.52611817343978
2020-09-01,143.9,135.695347034764,8.20465296523607
2020-09-02,140.6,136.018234624667,4.58176537533292
2020-09-03,138.3,136.342465038003,1.95753496199751
2020-09-04,136.9,136.667960610423,0.232039389577321
2020-09-07,137.6,136.994644486746,0.605355513254302
2020-09-08,133.2,137.322439907701,-4.12243990770122
2020-09-09,134.8,137.651270364253,-2.85127036425324
2020-09-10,134.5,137.981057643316,-3.48105764331606
2020-09-11,136.2,138.311722353199,-2.11172235319931
2020-09-14,137.1,138.643183663287,-1.54318366328688
2020-09-15,139,138.975359870058,0.0246401299416485
2020-09-16,138.5,139.308168632104,-0.808168632103947
2020-09-17,139.7,139.641527618201,0.0584723817993758
2020-09-18,139.6,139.97535416306,-0.375354163059975
2020-09-21,137.2,140.309565625564,-3.10956562556429
2020-09-22,136.2,140.644079209439,-4.44407920943936
2020-09-23,137.2,140.978810833041,-3.77881083304062
2020-09-24,139.9,141.313674577721,-1.41367457772068
2020-09-25,140.1,141.648582962824,-1.54858296282393
2020-09-28,139.6,141.983447923338,-2.38344792333819
2020-09-29,136.2,142.318180754129,-6.1181807541294
2020-09-30,135.6,142.652691764842,-7.05269176484188
2020-10-01,135.8,142.986888736111,-7.18688873611072
2020-10-02,137.6,143.320676533271,-5.72067653327091
2020-10-05,138.8,143.653957050888,-4.85395705088788
2020-10-06,139.8,143.986629818828,-4.18662981882759
2020-10-07,141.1,144.318592360526,-3.21859236052592
2020-10-08,143.8,144.649740468835,-0.849740468835114
2020-10-09,146.9,144.97996860617,1.92003139382955
2020-10-12,147.3,145.309170883698,1.99082911630174
2020-10-13,148.9,145.637242206248,3.26275779375224
2020-10-14,148.3,145.964078301581,2.33592169841912
2020-10-15,150.3,146.289576246148,4.01042375385202
2020-10-16,152.7,146.613634081978,6.08636591802151
2020-10-19,158.9,146.936151508848,11.9638484911522
2020-10-20,160.9,147.25703074239,13.6429692576097
2020-10-21,164,147.576178943619,16.4238210563806
2020-10-22,164.1,147.893508912991,16.2064910870088
2020-10-23,169.8,148.208940239921,21.5910597600792
2020-10-26,172.5,148.522399212929,23.9776007870711
2020-10-27,180,148.833821045414,31.1661789545857
2020-10-28,161.9,149.143150862153,12.7568491378475
2020-10-29,158.4,149.450346670761,8.94965332923903
2020-10-30,150.1,149.755371752031,0.344628247969253
2020-11-02,150.5,150.058193086176,0.4418069138237
2020-11-03,150.5,150.358777795867,0.141222204132918
2020-11-04,154.5,150.657093186404,3.842906813596
2020-11-05,153.5,150.953106621449,2.54689337855133
2020-11-06,152,151.246787053178,0.753212946822013
2020-11-09,151.5,151.538104486551,-0.0381044865508606
2020-11-10,155.9,151.827029237875,4.07297076212513
2020-11-11,157.6,152.113531607707,5.48646839229337
2020-11-12,156.8,152.397583580197,4.4024164198028
2020-11-13,158.6,152.67915940739,5.92084059260983
2020-11-16,155.5,152.958235161114,2.54176483888613
2020-11-17,154,153.234789360625,0.765210639375108
2020-11-18,155.9,153.508801575851,2.39119842414914
2020-11-19,155.3,153.780251693023,1.51974830697744
2020-11-20,157.8,154.049120586797,3.75087941320345
2020-11-23,158.6,154.315389760034,4.28461023996615
2020-11-24,159.3,154.579042266068,4.72095773393211
2020-11-25,158.7,154.840062929298,3.85993707070218
2020-11-26,164.5,155.098438525588,9.4015614744117
2020-11-27,163.5,155.354157426344,8.14584257365635
2020-11-30,164.2,155.607211889195,8.5927881108045
2020-12-01,168.3,155.857597538944,12.4424024610558
2020-12-02,165.6,156.105313552299,9.49468644770083
2020-12-03,161.8,156.35036424916,5.44963575084025
2020-12-04,160.4,156.592757874148,3.80724212585178
2020-12-07,157.1,156.832504924544,0.267495075455781
2020-12-08,155.5,157.069617471389,-1.56961747138931
2020-12-09,154.2,157.30410769629,-3.10410769629049
2020-12-10,156,157.535987132048,-1.53598713204827
2020-12-11,158.2,157.765266028349,0.434733971651102
2020-12-14,158.7,157.99195399996,0.708046000040219
2020-12-15,156.8,158.216060841348,-1.41606084134779
2020-12-16,159.9,158.437596639662,1.46240336033822
2020-12-17,161,158.656570896708,2.34342910329231
2020-12-18,162.3,158.872993718782,3.42700628121766
2020-12-21,154.7,159.086876180878,-4.38687618087791
2020-12-22,156,159.298230774557,-3.29823077455689
2020-12-23,156.1,159.507068178035,-3.40706817803516
2020-12-25,152.5,159.713397706168,-7.21339770616829
2020-12-28,150.6,159.91722726546,-9.31722726546024
2020-12-29,151.1,160.1185617807,-9.01856178069954
2021-01-01,157.9,160.317402325298,-2.41740232529822
2021-01-04,160,160.513746244757,-0.513746244756652
2021-01-05,159.7,160.707589885323,-1.00758988532294
2021-01-06,163.9,160.89892938088,3.00107061912008
2021-01-07,162.5,161.087760448818,1.41223955118225
2021-01-08,155.9,161.274080047046,-5.37408004704633
2021-01-11,157.5,161.45788571724,-3.95788571724025
2021-01-12,159.6,161.639172779636,-2.03917277963587
2021-01-13,158.8,161.817934918452,-3.01793491845204
2021-01-14,162.3,161.99416497499,0.305835025009787
2021-01-15,163.1,162.167854543057,0.932145456942751
2021-01-18,161,162.338995342883,-1.33899534288324
2021-01-19,161,162.507579480005,-1.50757948000491
2021-01-20,161.9,162.673598506472,-0.77359850647245
2021-01-21,159.1,162.837043351167,-3.73704335116686
2021-01-22,157.7,162.997904623193,-5.29790462319318
2021-01-25,155.3,163.156171386914,-7.85617138691412
2021-01-26,157.5,163.311830516755,-5.81183051675472
2021-01-27,156.4,163.464865639706,-7.06486563970648
2021-01-28,157.5,163.615257980389,-6.11525798038934
2021-01-29,158.7,163.762985843095,-5.0629858430948
2021-02-01,157.5,163.908025004306,-6.40802500430649
2021-02-02,157.2,164.050349147674,-6.85034914767358
2021-02-03,159.1,164.189929308026,-5.089929308026
2021-02-04,160.3,164.326733688542,-4.02673368854152
2021-02-05,164.6,164.460728388417,0.139271611583336
2021-02-08,165.1,164.591877842362,0.508122157637536
2021-02-09,164.6,164.720146542654,-0.120146542654098
2021-02-12,165.4,164.84549919161,0.554500808389941
2021-02-15,167,164.96790044189,2.03209955810953
2021-02-16,169.1,165.087315175354,4.01268482464605
2021-02-17,168.8,165.20370911385,3.59629088614984
2021-02-18,172.6,165.31704963791,7.28295036209007
2021-02-19,175.4,165.427305614632,9.97269438536829
2021-02-22,178.2,165.534448921582,12.6655510784181
2021-02-23,180.3,165.638455558649,14.6615444413508
2021-02-24,188.5,165.739306761146,22.7606932388539
2021-02-25,178.7,165.836989824878,12.8630101751221
2021-02-26,175.9,165.931501454006,9.96849854599444
2021-03-01,172.3,166.02284366974,6.27715633026044
2021-03-02,175.4,166.111022613877,9.28897738612253
2021-03-03,173.9,166.196047022926,7.70395297707431
2021-03-04,176.1,166.277929473087,9.82207052691326
2021-03-05,174.7,166.356685725072,8.34331427492838
2021-03-08,173.4,166.432335599632,6.9676644003683
2021-03-09,177,166.504902366323,10.4950976336768
2021-03-10,179.2,166.574412174839,12.6255878251606
2021-03-11,179.2,166.640895513129,12.5591044868706
2021-03-12,177.9,166.704388088057,11.1956119119429
2021-03-15,178.5,166.764930797915,11.7350692020849
2021-03-16,181.1,166.822569168804,14.2774308311959
2021-03-17,181.2,166.877353577637,14.3226464223634
2021-03-18,176.3,166.929340303046,9.3706596969538
2021-03-19,176.3,166.978591544064,9.32140845593644
2021-03-22,175.3,167.02517337317,8.27482662683033
2021-03-23,173.8,167.069155715947,6.73084428405324
2021-03-24,169.4,167.110611918469,2.28938808153062
2021-03-25,168.3,167.149618109048,1.1503818909516
2021-03-26,166.7,167.186251362351,-0.48625136235057
2021-03-29,165.6,167.220589228567,-1.62058922856686
2021-03-30,162.1,167.252709056882,-5.15270905688169
2021-03-31,164.2,167.282687526602,-3.08268752660211
2021-04-02,164.8,167.310599187104,-2.51059918710401
2021-04-05,166.2,167.336517313512,-1.13651731351195
2021-04-06,168.5,167.360514143167,1.13948585683303
2021-04-07,164,167.382661443618,-3.38266144361758
2021-04-08,162.4,167.40303145343,-5.00303145343016
2021-04-09,157.2,167.421695012917,-10.2216950129169
2021-04-12,158.4,167.438720894335,-9.03872089433536
2021-04-13,160.4,167.45417364471,-7.05417364470979
2021-04-14,162.8,167.468114074816,-4.6681140748164
2021-04-15,163.6,167.480600079521,-3.88060007952081
2021-04-16,161.8,167.49168762408,-5.69168762407949
2021-04-19,165.2,167.501431069663,-2.30143106966323
2021-04-20,164.4,167.509882424728,-3.10988242472775
2021-04-21,165,167.517092746414,-2.51709274641385
2021-04-22,166.5,167.523111806355,-1.02311180635528
2021-04-23,166,167.527988335726,-1.527988335726
2021-04-26,165.5,167.531770642785,-2.03177064278525
2021-04-27,167.4,167.534506404185,-0.134506404185239
2021-04-28,169.3,167.53624245672,1.76375754327971
2021-04-29,168.3,167.537025581589,0.76297441841108
2021-04-30,168.8,167.536903289058,1.26309671094209
2021-05-03,168.4,167.535923404771,0.864076595228912
2021-05-04,168.9,167.534134276493,1.36586572350683
2021-05-05,172,167.531584609158,4.46841539084212
2021-05-06,173.2,167.528323672294,5.6716763277059
2021-05-07,176.2,167.524402582494,8.67559741750588
2021-05-10,171.8,167.519874800795,4.28012519920476
2021-05-11,173.4,167.514797374375,5.88520262562543
2021-05-13,164.6,167.509229119643,-2.90922911964306
2021-05-14,164.3,167.503231285717,-3.20323128571698
2021-05-17,165.2,167.496863919155,-2.29686391915537
2021-05-18,163.8,167.490185742429,-3.6901857424286
2021-05-19,164.5,167.483254528577,-2.98325452857693
2021-05-20,167.7,167.476126525266,0.223873474733889
2021-05-21,168,167.468856747004,0.531143252995981
2021-05-24,168.9,167.461500300839,1.43849969916074
2021-05-26,170.3,167.454112513373,2.84588748662661
2021-05-27,170.8,167.446749305826,3.35325069417406
2021-05-28,168.7,167.439467775792,1.26053222420783
2021-05-31,168.3,167.432326406966,0.86767359303436
2021-06-01,166,167.425384204094,-1.42538420409405
2021-06-02,167.7,167.418700530586,0.281299469413684
2021-06-03,167,167.412334160654,-0.412334160654355
2021-06-04,165.8,167.406343984789,-1.60634398478868
2021-06-07,165.5,167.400788723036,-1.90078872303619
2021-06-08,165.3,167.395726431447,-2.09572643144688
2021-06-09,163.1,167.391214380362,-4.29121438036195
2021-06-10,163,167.387308973832,-4.38730897383155
2021-06-11,163.2,167.384064842092,-4.18406484209224
2021-06-14,162.1,167.381534801842,-5.28153480184185
2021-06-15,162.4,167.379769940254,-4.97976994025422
2021-06-16,161.9,167.378819161331,-5.47881916133066
2021-06-17,161.6,167.378729310634,-5.77872931063405
2021-06-18,159.5,167.379544969003,-7.87954496900348
2021-06-21,159.1,167.381308328586,-8.28130832858561
2021-06-22,162,167.38405832444,-5.38405832443953
2021-06-23,163.4,167.387830468465,-3.98783046846526
2021-06-24,165.5,167.392658047006,-1.89265804700622
2021-06-25,164.3,167.398572698001,-3.09857269800143
2021-06-28,162.4,167.405605277038,-5.00560527703761
2021-06-29,159.5,167.413785358876,-7.91378535887551
2021-06-30,158.1,167.423140449165,-9.32314044916517
2021-07-01,157.1,167.433694782311,-10.333694782311
2021-07-02,161.3,167.445468738908,-6.1454687389081
2021-07-05,163.8,167.45847842802,-3.65847842802001
2021-07-06,163.4,167.472737418415,-4.07273741841518
2021-07-07,162.1,167.488257766599,-5.38825776659889
2021-07-08,161.3,167.505049845569,-6.20504984556876
2021-07-09,162.4,167.523121801031,-5.12312180103067
2021-07-12,161.9,167.542479213778,-5.64247921377798
2021-07-13,161.9,167.563125546906,-5.66312554690608
2021-07-14,163.6,167.58506193114,-3.98506193113997
2021-07-15,165.4,167.608287156295,-2.20828715629512
2021-07-16,165.4,167.632798364922,-2.23279836492188
2021-07-20,161.3,167.658591786758,-6.35859178675796
2021-07-21,162.9,167.685662728582,-4.78566272858236
2021-07-22,164.8,167.714003868798,-2.91400386879826
2021-07-23,163.5,167.743605907604,-4.24360590760416
2021-07-26,164.4,167.774458340661,-3.37445834066105
2021-07-27,164.3,167.806548909501,-3.50654890950139
2021-07-28,167.8,167.839863960791,-0.0398639607909396
2021-07-29,169.1,167.874388391729,1.22561160827049
2021-07-30,169.6,167.910107083038,1.68989291696204
2021-08-02,168.3,167.947005422052,0.352994577948057
2021-08-03,169.7,167.985069494661,1.71493050533949
2021-08-04,168.2,168.024285532633,0.175714467366916
2021-08-05,172.5,168.064640476642,4.43535952335774
2021-08-09,173,168.106121339988,4.89387866001153
2021-08-10,172.6,168.148716969375,4.45128303062482
2021-08-11,171.4,168.19241823444,3.20758176556008
2021-08-12,173.6,168.237217844798,5.36278215520221
2021-08-13,174.5,168.283109835947,6.2168901640527
2021-08-16,176.3,168.330090460152,7.96990953984771
2021-08-17,177.4,168.378158539482,9.02184146051848
2021-08-18,173.5,168.427316190452,5.07268380954762
2021-08-19,169.1,168.477569258843,0.622430741156546
2021-08-20,171.2,168.528925687277,2.67107431272276
2021-08-23,171.3,168.581393675664,2.71860632433626
2021-08-24,171,168.634982528026,2.36501747197422
2021-08-25,167.9,168.689702672151,-0.789702672151288
2021-08-26,163.8,168.745565513432,-4.94556551343178
2021-08-27,164.3,168.802582130829,-4.50258213082916
2021-08-30,164.8,168.860761559005,-4.060761559005
2021-08-31,164.2,168.920110971432,-4.72011097143189
2021-09-01,162.5,168.980635863032,-6.48063586303211
2021-09-02,164.5,169.042339777619,-4.54233977761939
2021-09-03,164.3,169.105223580176,-4.80522358017603
2021-09-06,163.9,169.169286258062,-5.26928625806247
2021-09-07,159,169.234524812351,-10.2345248123511
2021-09-08,158.9,169.300934066008,-10.4009340660075
2021-09-09,160.4,169.368504611453,-8.96850461145295
2021-09-10,162,169.437222741784,-7.43722274178373
2021-09-13,164.7,169.507071042875,-4.80707104287535
2021-09-14,165.5,169.578029026351,-4.07802902635099
2021-09-15,165,169.650074216789,-4.650074216789
2021-09-16,164.4,169.723182453074,-5.32318245307402
2021-09-17,161,169.797327651935,-8.79732765193486
2021-09-20,158.8,169.872481529712,-11.0724815297119
2021-09-21,159.8,169.948612166286,-10.1486121662858
2021-09-22,160.1,170.025683064614,-9.92568306461434
2021-09-23,160.2,170.103653532631,-9.90365353263132
2021-09-24,163.4,170.18247877539,-6.78247877538973
2021-09-27,164.3,170.262109904171,-5.9621099041709
2021-09-28,163.1,170.342495226653,-7.24249522665317
2021-09-29,166.5,170.423580586017,-3.92358058601686
2021-09-30,167,170.505308831686,-3.50530883168599
2021-10-01,167.1,170.587621191236,-3.48762119123622
2021-10-04,167.3,170.670457443288,-3.37045744328814
2021-10-05,168.2,170.75375592482,-2.55375592481977
2021-10-06,168.9,170.837453579598,-1.93745357959809
2021-10-07,170.5,170.92148629577,-0.421486295769735
2021-10-08,174.9,171.005789160616,3.89421083938394
2021-10-11,174.3,171.090297087193,3.20970291280722
2021-10-12,171.1,171.174946598266,-0.0749465982658371
2021-10-13,172.2,171.259675543363,0.940324456636756
2021-10-14,172.9,171.344421741033,1.55557825896669
2021-10-15,173.8,171.429123398517,2.37087660148341
2021-10-18,179.4,171.513719366067,7.88628063393302
2021-10-19,180.4,171.598149473963,8.80185052603685
2021-10-20,179.7,171.682356812356,8.01764318764377
2021-10-21,174.2,171.766288109727,2.4337118902733
2021-10-22,174.1,171.849893408728,2.25010659127193
2021-10-25,176.2,171.933123758012,4.26687624198802
2021-10-26,175.7,172.015931136332,3.68406886366783
2021-10-27,178,172.0982692862,5.90173071380014
2021-10-28,175.5,172.180093472971,3.31990652702945
2021-10-29,173.3,172.261361401538,1.0386385984624
2021-11-01,171,172.342032149112,-1.34203214911176
2021-11-02,172.5,172.422065222234,0.0779347777657605
2021-11-04,168.4,172.501419572703,-4.10141957270333
2021-11-05,169.5,172.580054184534,-3.08005418453422
2021-11-08,169.2,172.65792634638,-3.45792634638036
2021-11-09,169.9,172.734992073722,-2.83499207372209
2021-11-10,169.8,172.811205952675,-3.01120595267492
2021-11-11,172.9,172.886521397481,0.0134786025187017
2021-11-12,175.1,172.96089057767,2.13910942232957
2021-11-15,175.4,173.034265668347,2.36573433165314
2021-11-16,174.8,173.106599728833,1.69340027116666
2021-11-17,172.2,173.177846796354,-0.977846796354492
2021-11-18,177.8,173.247961608117,4.55203839188282
2021-11-19,179.9,173.316898497127,6.58310150287339
2021-11-22,178,173.384613678017,4.61538632198306
2021-11-23,180.3,173.451066086611,6.84893391338892
2021-11-24,182.3,173.516216566548,8.7837834334524
2021-11-25,177.6,173.580028792542,4.01997120745801
2021-11-26,180.2,173.642470070166,6.55752992983425
2021-11-29,176.4,173.703509366692,2.69649063330773
2021-11-30,179.5,173.763118360012,5.73688163998837
2021-12-01,175.2,173.82126984263,1.37873015736965
2021-12-02,174.2,173.877938978459,0.322061021541406
2021-12-03,172.4,173.933101501315,-1.5331015013152
2021-12-06,172,173.986733278141,-1.98673327814143
2021-12-07,172.9,174.038809542157,-1.13880954215732
2021-12-08,171.5,174.089304705355,-2.58930470535535
2021-12-09,171.6,174.138192708985,-2.53819270898536
2021-12-10,174.4,174.185446423976,0.214553576023674
2021-12-13,173.7,174.231037672079,-0.531037672079063
2021-12-14,172.4,174.274938363729,-1.87493836372856
2021-12-15,173.2,174.317120189848,-1.1171201898482
2021-12-16,171.7,174.357554066343,-2.65755406634293
2021-12-17,168.4,174.39621044734,-5.99621044733997
2021-12-20,169.1,174.433058688445,-5.33305868844454
2021-12-21,170.6,174.468065666664,-3.86806566666394
2021-12-22,171.6,174.501196054536,-2.90119605453613
2021-12-23,170.8,174.532412925704,-3.7324129257043
2021-12-24,170.3,174.561678154562,-4.26167815456184
2021-12-27,174.3,174.588952072676,-0.288952072675985
2021-12-28,174.3,174.614193250013,-0.314193250012951
2021-12-29,174.7,174.637360137091,0.0626398629088643
2021-12-31,176,174.658411054557,1.34158894544346
2022-01-03,175.2,174.677304348948,0.522695651051686
2022-01-04,176.8,174.693998921367,2.10600107863319
2022-01-05,173.9,174.708453888967,-0.808453888967159
2022-01-06,177,174.720629239449,2.27937076055145
2022-01-07,179.4,174.730484626324,4.66951537367575
2022-01-10,178.6,174.737980645308,3.86201935469177
2022-01-11,180.8,174.743079822298,6.05692017770214
2022-01-12,179.1,174.7457462796,4.35425372040024
2022-01-13,182.5,174.745946643218,7.75405335678153
2022-01-14,180.2,174.743649339013,5.45635066098682
2022-01-17,180.7,174.738825998065,5.96117400193534
2022-01-18,181.5,174.731450506899,6.7685494931006
2022-01-19,181.9,174.721499216134,7.17850078386559
2022-01-20,178.8,174.70895127425,4.09104872574996
2022-01-21,175.6,174.693788797019,0.906211202980695
2022-01-24,177.6,174.675995591294,2.92400440870552
2022-01-25,177.6,174.655555838518,2.9444441614823
2022-01-26,175,174.632454928797,0.36754507120263
2022-01-27,174.7,174.606679469362,0.0933205306381912
2022-02-02,176.6,174.57821621936,2.02178378064044
2022-02-03,177.2,174.547051976517,2.6529480234834
2022-02-04,178.9,174.513174374285,4.38682562571545
2022-02-07,180,174.476572142741,5.52342785725893
2022-02-08,180.9,174.437235825292,6.46276417470778
2022-02-09,181.9,174.395158248509,7.50484175149111
2022-02-10,179.5,174.350334910401,5.1496650895988
2022-02-11,181.1,174.302764411202,6.79723558879798
2022-02-14,179,174.252447479798,4.74755252020196
2022-02-15,179.6,174.19938765478,5.40061234521959
2022-02-16,177.3,174.143590437182,3.15640956281775
2022-02-17,181.3,174.08506356043,7.21493643957048
2022-02-18,181.3,174.023816062693,7.27618393730674
2022-02-21,178.8,173.959859964501,4.84014003549878
2022-02-22,180.5,173.893210294065,6.60678970593491
2022-02-23,182,173.82388408031,8.17611591968965
2022-02-24,181,173.75190108315,7.24809891685018
2022-02-25,179.4,173.677284442173,5.72271555782661
2022-02-28,178,173.600060293043,4.39993970695684
2022-03-01,179.4,173.520257136958,5.87974286304228
2022-03-02,179.6,173.437905293883,6.16209470611745
2022-03-03,176,173.35303751422,2.64696248578012
2022-03-04,178.1,173.265689095546,4.83431090445398
2022-03-07,176,173.175896429582,2.82410357041781
2022-03-08,180.5,173.083697906353,7.41630209364747
2022-03-09,179.7,172.989133083264,6.71086691673649
2022-03-10,177.1,172.89224458331,4.20775541668958
2022-03-11,173.2,172.7930778035,0.406922196500425
2022-03-14,170.1,172.691679880149,-2.59167988014877
2022-03-15,170,172.588098117787,-2.58809811778661
2022-03-16,170.1,172.48237874964,-2.38237874964017
2022-03-17,170.6,172.374566939123,-1.77456693912343
2022-03-18,170.7,172.264706864873,-1.56470686487299
2022-03-21,171.2,172.152841971988,-0.952841971988072
2022-03-22,171.1,172.039015058781,-0.939015058780704
2022-03-23,171.3,171.923268529698,-0.623268529697987
2022-03-24,171.2,171.805644401031,-0.605644401031427
2022-03-25,171.5,171.686184431449,-0.186184431449332
2022-03-28,172.6,171.564930129259,1.03506987074053
2022-03-29,174.4,171.44192292581,2.95807707418972
2022-03-30,175.1,171.317204680309,3.78279531969063
2022-03-31,175.2,171.190818474717,4.00918152528304
2022-04-01,176.9,171.062808954643,5.8371910453574
2022-04-04,176.5,170.933222422936,5.56677757706386
2022-04-05,176.4,170.802107595302,5.59789240469811
2022-04-06,173.8,170.669515488532,3.13048451146752
2022-04-07,174.3,170.535499433357,3.76450056664326
2022-04-08,173.5,170.400114054526,3.09988594547445
2022-04-11,172.8,170.263415532882,2.53658446711758
2022-04-12,170.9,170.125461330638,0.774538669361916
2022-04-13,172.7,169.986309958524,2.71369004147572
2022-04-15,173.4,169.846020247434,3.55397975256575
2022-04-18,173.1,169.704652149997,3.39534785000265
2022-04-19,171.7,169.56226708791,2.13773291209008
2022-04-20,169.9,169.418927886373,0.481072113626511
2022-04-21,167,169.274698254235,-2.27469825423525
2022-04-22,160.8,169.129642099206,-8.32964209920564
2022-04-25,160.7,168.983822388721,-8.2838223887213
2022-04-26,161.2,168.837298647083,-7.63729864708276
2022-04-27,159.2,168.69012697439,-9.49012697438971
2022-04-28,162.5,168.54236031379,-6.04236031379009
2022-05-03,164.5,168.394047685596,-3.89404768559578
2022-05-04,162.3,168.245235612449,-5.94523561244867
2022-05-05,159.2,168.095969007349,-8.89596900734946
2022-05-06,155.5,167.946290325776,-12.4462903257762
2022-05-09,157.3,167.796238345971,-10.4962383459708
2022-05-10,159,167.645846701381,-8.64584670138095
2022-05-11,158,167.49514468673,-9.49514468672999
2022-05-12,157.6,167.344158022896,-9.74415802289623
2022-05-16,160.6,167.192908505847,-6.59290850584728
2022-05-17,160.9,167.041413903708,-6.14141390370757
2022-05-18,160.8,166.889689259358,-6.08968925935819
2022-05-19,163.8,166.737747077067,-2.93774707706683
2022-05-20,163.8,166.585597343868,-2.78559734386799
2022-05-23,162.8,166.43324883245,-3.63324883245023
2022-05-24,163.3,166.280709164048,-2.9807091640477
2022-05-25,164.2,166.127984458056,-1.92798445805612
2022-05-26,164.2,165.975079601766,-1.77507960176552
2022-05-27,165.3,165.821998685515,-0.521998685515002
2022-05-30,166.8,165.668745065897,1.13125493410282
2022-05-31,168,165.515321883731,2.48467811626937
2022-06-01,168.7,165.36173274745,3.33826725255019
2022-06-02,168.3,165.207982292555,3.09201770744453
2022-06-03,169,165.054076534453,3.945923465547
2022-06-06,166.7,164.900022766664,1.79997723333569
2022-06-07,166.7,164.745829913797,1.95417008620296
2022-06-08,168,164.591507644497,3.40849235550284
2022-06-09,167.7,164.437066435186,3.26293356481394
2022-06-10,162.9,164.282518171219,-1.3825181712188
2022-06-13,161.9,164.127876086716,-2.2278760867158
2022-06-14,161.3,163.97315284432,-2.67315284432004
2022-06-15,161.7,163.81836018576,-2.11836018576032
2022-06-16,160.7,163.663508747791,-2.96350874779128
2022-06-17,161.6,163.508608291523,-1.90860829152286
2022-06-20,160.2,163.35366735307,-3.15366735306955
2022-06-21,157.5,163.198693679604,-5.69869367960391
2022-06-22,160,163.043693714699,-3.04369371469928
2022-06-23,161.5,162.888671546318,-1.38867154631819
2022-06-24,161.8,162.733630004283,-0.933630004282589
2022-06-27,163,162.578571344393,0.421428655606559
2022-06-28,162,162.423497436527,-0.423497436526561
2022-06-29,161.2,162.268410324759,-1.06841032475948
2022-06-30,163.3,162.113311878113,1.18668812188715
2022-07-01,163.5,161.95820352397,1.54179647603042
2022-07-04,162.3,161.803087180242,0.496912819758406
2022-07-05,159.3,161.647965402158,-2.34796540215756
2022-07-06,159.3,161.49284095035,-2.19284095034991
2022-07-07,159.2,161.337715614897,-2.13771561489661
