"TF00C2Date","TF00C2Close","TF00C2_hpft","TF00C2_hpfc"
2013-09-09,93.906,93.4932954154498,0.412704584550173
2013-09-10,93.842,93.4708474619,0.371152538100026
2013-09-11,93.598,93.4483996789456,0.149600321054407
2013-09-12,93.728,93.4259523906017,0.302047609398289
2013-09-13,93.764,93.4035059827221,0.360494017277911
2013-09-16,93.854,93.3810609660148,0.47293903398516
2013-09-17,94.234,93.3586180002018,0.875381999798188
2013-09-18,94.206,93.3361779404988,0.869822059501202
2013-09-23,94.35,93.3137420039694,1.03625799603064
2013-09-24,94.34,93.291311767227,1.04868823277298
2013-09-25,94.42,93.2688892352316,1.15111076476837
2013-09-26,94.572,93.2464768464291,1.3255231535709
2013-09-27,94.346,93.2240775150883,1.12192248491172
2013-09-30,94.462,93.201694703396,1.26030529660403
2013-10-08,94.412,93.1793323372966,1.2326676627034
2013-10-09,94.362,93.1569948636942,1.20500513630584
2013-10-10,94.35,93.1346872390278,1.21531276097216
2013-10-11,94.29,93.1124149178375,1.17758508216247
2013-10-14,94.118,93.0901838570246,1.02781614297542
2013-10-15,93.948,93.0680005002566,0.879999499743368
2013-10-16,94.012,93.0458717160591,0.966128283940874
2013-10-17,93.926,93.0238047367139,0.90219526328607
2013-10-18,93.886,93.0018071938616,0.88419280613836
2013-10-21,93.858,92.9798870920739,0.878112907926135
2013-10-22,93.772,92.9580528014123,0.813947198587749
2013-10-23,93.812,92.9363130549148,0.875686945085226
2013-10-24,93.6,92.9146769220725,0.685323077927455
2013-10-25,93.688,92.8931538343504,0.794846165649554
2013-10-28,93.67,92.8717535064984,0.798246493501576
2013-10-29,93.504,92.8504859818237,0.653514018176351
2013-10-30,93.54,92.8293616335964,0.710638366403627
2013-10-31,93.74,92.8083911052232,0.931608894776812
2013-11-01,93.836,92.7875853338602,1.04841466613981
2013-11-04,93.632,92.7669556417532,0.865044358246775
2013-11-05,93.474,92.7465137845203,0.727486215479673
2013-11-06,93.362,92.7262718753545,0.63572812464549
2013-11-07,92.828,92.7062423281618,0.121757671838185
2013-11-08,92.292,92.686437819633,-0.394437819633006
2013-11-11,91.73,92.6668710767884,-0.936871076788375
2013-11-12,92.096,92.6475546636037,-0.551554663603722
2013-11-13,91.82,92.6285007567899,-0.808500756789869
2013-11-14,91.63,92.6097213050672,-0.979721305067238
2013-11-15,91.318,92.5912279229548,-1.27322792295479
2013-11-18,91.342,92.5730318199933,-1.23103181999333
2013-11-19,90.94,92.5551436794229,-1.61514367942285
2013-11-20,91.092,92.5375736756246,-1.4455736756246
2013-11-21,91.396,92.5203313153442,-1.12433131534417
2013-11-22,91.604,92.5034255077844,-0.899425507784352
2013-11-25,91.308,92.486864697396,-1.17886469739602
2013-11-26,91.374,92.470656956843,-1.09665695684303
2013-11-27,91.766,92.4548098714939,-0.688809871493878
2013-11-28,91.888,92.4393305734031,-0.551330573403133
2013-11-29,91.782,92.4242259098989,-0.642225909898928
2013-12-02,91.282,92.4095025004119,-1.12750250041188
2013-12-03,91.722,92.3951666989021,-0.673166698902082
2013-12-04,91.622,92.3812243932655,-0.759224393265501
2013-12-05,91.368,92.367681193138,-0.999681193137959
2013-12-06,91.4,92.3545423943222,-0.954542394322148
2013-12-09,91.378,92.3418128793935,-0.963812879393467
2013-12-10,90.996,92.3294971363574,-1.33349713635736
2013-12-11,90.8,92.3175992548179,-1.51759925481791
2013-12-12,90.9,92.3061227731652,-1.40612277316524
2013-12-13,90.31,92.2950706024752,-1.98507060247521
2013-12-16,91.452,92.2844450725879,-0.832445072587915
2013-12-17,91.59,92.274247692796,-0.684247692795977
2013-12-18,91.436,92.2644796282933,-0.828479628293254
2013-12-19,91.374,92.2551417614328,-0.8811417614328
2013-12-20,91.386,92.2462346321063,-0.860234632106283
2013-12-23,91.702,92.2377584159777,-0.535758415977734
2013-12-24,91.65,92.2297129331247,-0.579712933124682
2013-12-25,91.792,92.2220977821639,-0.43009778216386
2013-12-26,91.67,92.2149123220823,-0.54491232208231
2013-12-27,91.56,92.2081557340805,-0.648155734080492
2013-12-30,91.798,92.2018269741155,-0.403826974115485
2013-12-31,91.802,92.1959247302226,-0.393924730222616
2014-01-02,91.35,92.1904475235114,-0.840447523511394
2014-01-03,91.306,92.1853937122576,-0.879393712257647
2014-01-06,91.22,92.1807613073307,-0.960761307330727
2014-01-07,91.44,92.1765479560949,-0.736547956094918
2014-01-08,91.696,92.172750908773,-0.476750908772964
2014-01-09,91.502,92.1693671111289,-0.667367111128907
2014-01-10,91.542,92.1663933118571,-0.624393311857131
2014-01-13,91.466,92.1638259837898,-0.697825983789785
2014-01-14,91.482,92.1616613416586,-0.679661341658595
2014-01-15,91.816,92.1598953117437,-0.343895311743648
2014-01-16,91.64,92.1585235393789,-0.518523539378864
2014-01-17,91.63,92.1575415277465,-0.527541527746531
2014-01-20,91.782,92.1569445656922,-0.374944565692171
2014-01-21,92.09,92.1567277239971,-0.0667277239971141
2014-01-22,92.222,92.1568859184548,0.0651140815452179
2014-01-23,92.076,92.1574140372768,-0.0814140372768446
2014-01-24,92.198,92.1583069955902,0.039693004409757
2014-01-27,92.512,92.1595596748683,0.352440325131702
2014-01-28,92.334,92.1611669729925,0.172833027007496
2014-01-29,92.402,92.1631239335285,0.238876066471509
2014-01-30,92.254,92.1654256714841,0.0885743285158912
2014-02-07,92.514,92.168067400609,0.345932599391024
2014-02-10,92.33,92.1710443712659,0.158955628734068
2014-02-11,92.526,92.1743519768123,0.351648023187718
2014-02-12,92.448,92.1779856763115,0.270014323688543
2014-02-13,92.584,92.1819410741842,0.402058925815794
2014-02-14,92.536,92.1862138864639,0.349786113536098
2014-02-17,92.264,92.190799995379,0.0732000046209685
2014-02-18,91.918,92.1956954277459,-0.277695427745918
2014-02-19,91.832,92.2008962406385,-0.368896240638467
2014-02-20,91.892,92.2063983763425,-0.314398376342479
2014-02-21,91.95,92.2121976246569,-0.262197624656894
2014-02-24,92.08,92.2182896454213,-0.138289645421284
2014-02-25,92.45,92.2246699900924,0.225330009907657
2014-02-26,92.266,92.2313341529647,0.0346658470352874
2014-02-27,92.61,92.2382777214747,0.371722278525322
2014-02-28,92.59,92.2454962973879,0.344503702612088
2014-03-03,92.478,92.2529856361254,0.225014363874627
2014-03-04,92,92.2607416355118,-0.260741635511826
2014-03-05,91.948,92.268760286384,-0.320760286383985
2014-03-06,92.134,92.2770374717988,-0.143037471798795
2014-03-07,92.078,92.2855689422233,-0.207568942223303
2014-03-10,92.2,92.2943503889989,-0.094350388998863
2014-03-11,92.206,92.3033774176658,-0.0973774176658278
2014-03-12,92.288,92.3126455947642,-0.0246455947642398
2014-03-13,92.38,92.3221504465824,0.0578495534176101
2014-03-14,92.98,92.3318874892211,0.648112510778851
2014-03-17,92.83,92.3418522626932,0.488147737306797
2014-03-18,92.6,92.3520405749156,0.247959425084374
2014-03-19,92.62,92.362448435586,0.257551564413964
2014-03-20,92.628,92.3730719568986,0.254928043101382
2014-03-21,92.654,92.3839073575088,0.270092642491233
2014-03-24,92.616,92.3949509614489,0.221049038551059
2014-03-25,92.648,92.4061992043968,0.241800795603152
2014-03-26,92.566,92.4176486134033,0.148351386596684
2014-03-27,92.536,92.4292958154696,0.10670418453036
2014-03-28,92.53,92.4411374989199,0.0888625010800618
2014-03-31,92.546,92.4531703961853,0.0928296038147387
2014-04-01,92.408,92.4653912764288,-0.0573912764288247
2014-04-02,92.164,92.477796947186,-0.313796947186021
2014-04-03,91.978,92.490384192269,-0.512384192268993
2014-04-04,92.02,92.5031496657788,-0.483149665778849
2014-04-08,92.03,92.5160898100174,-0.486089810017453
2014-04-09,92.1,92.5292008675723,-0.429200867572291
2014-04-10,92.258,92.5424788801007,-0.284478880100751
2014-04-11,92.384,92.555919711846,-0.171919711845971
2014-04-14,92.566,92.5695191094587,-0.00351910945872898
2014-04-15,92.52,92.5832727485253,-0.0632727485252657
2014-04-16,92.47,92.5971763031771,-0.127176303177065
2014-04-17,92.646,92.6112254213913,0.0347745786086668
2014-04-18,92.746,92.6254156985756,0.120584301424356
2014-04-21,92.698,92.639742744512,0.0582572554879798
2014-04-22,92.518,92.6542022188272,-0.136202218827162
2014-04-23,92.566,92.6687898052292,-0.102789805229171
2014-04-24,92.512,92.683501131125,-0.171501131125009
2014-04-25,92.552,92.6983317814331,-0.146331781433056
2014-04-28,92.558,92.7132772701799,-0.155277270179884
2014-04-29,92.716,92.7283330509044,-0.012333050904373
2014-04-30,92.824,92.7434945129599,0.0805054870400813
2014-05-05,92.81,92.758757040602,0.0512429593980361
2014-05-06,92.964,92.7741160513637,0.189883948636263
2014-05-07,92.992,92.7895669839602,0.202433016039821
2014-05-08,93.05,92.8051053555967,0.24489464440332
2014-05-09,93.326,92.8207267671563,0.505273232843713
2014-05-12,93.282,92.8364269207517,0.445573079248253
2014-05-13,93.15,92.8522017273553,0.297798272644743
2014-05-14,93.014,92.8680472821212,0.145952717878766
2014-05-15,92.9,92.8839598033016,0.0160401966983872
2014-05-16,92.948,92.8999355694797,0.0480644305202916
2014-05-19,92.952,92.9159708658689,0.0360291341311311
2014-05-20,92.972,92.9320619975504,0.0399380024495571
2014-05-21,93.062,92.9482052844989,0.113794715501143
2014-05-22,93.1,92.9643970631972,0.135602936802818
2014-05-23,93.1,92.9806337171668,0.119366282833202
2014-05-26,93.12,92.9969116859818,0.123088314018237
2014-05-27,93.26,93.0132274585574,0.246772541442635
2014-05-28,93.694,93.0295775746887,0.664422425311319
2014-05-29,93.788,93.0459586761766,0.742041323823383
2014-05-30,94.168,93.0623676794676,1.10563232053244
2014-06-03,94.198,93.0788018077381,1.11919819226192
2014-06-04,94.636,93.0952587411886,1.54074125881144
2014-06-05,94.078,93.1117366226509,0.966263377349069
2014-06-06,94,93.1282342318376,0.871765768162371
2014-06-09,94.08,93.1447507478755,0.935249252124492
2014-06-10,94.118,93.1612857102443,0.956714289755647
2014-06-11,94.066,93.1778390450183,0.888160954981656
2014-06-12,94.1,93.1944110737389,0.905588926261082
2014-06-13,94.724,93.2110024850775,1.51299751492251
2014-06-16,94.69,93.2276143420396,1.46238565796042
2014-06-17,94.52,93.244248333043,1.27575166695703
2014-06-18,94.52,93.2609067509969,1.25909324900309
2014-06-19,94.5,93.2775924161551,1.22240758384492
2014-06-20,94.544,93.2943086692297,1.24969133077032
2014-06-23,94.524,93.3110593562271,1.21294064377292
2014-06-24,94.518,93.3278488397258,1.19015116027423
2014-06-25,94.468,93.3446819836851,1.1233180163149
2014-06-26,94.49,93.361564144025,1.12843585597497
2014-06-27,94.506,93.3785011410001,1.12749885899986
2014-06-30,94.428,93.3954992613149,1.03250073868512
2014-07-01,93.98,93.4125652577365,0.56743474226355
2014-07-02,93.816,93.4297063098264,0.386293690173646
2014-07-03,93.562,93.4469298317008,0.115070168299195
2014-07-04,93.766,93.4642433971542,0.301756602845838
2014-07-07,93.67,93.4816546275464,0.188345372453561
2014-07-08,93.692,93.4991712689714,0.192828731028582
2014-07-09,93.65,93.5168011453773,0.133198854622662
2014-07-10,93.706,93.5345521604202,0.171447839579757
2014-07-11,93.786,93.552432272815,0.233567727184966
2014-07-14,93.596,93.5704495121466,0.0255504878534152
2014-07-15,93.402,93.588612004547,-0.186612004547022
2014-07-16,93.18,93.6069278867097,-0.42692788670967
2014-07-17,92.904,93.6254052181909,-0.721405218190932
2014-07-18,93,93.6440518820715,-0.644051882071499
2014-07-21,93.058,93.6628754632322,-0.604875463232165
2014-07-22,93.036,93.6818832803289,-0.645883280328892
2014-07-23,92.94,93.7010824019863,-0.761082401986277
2014-07-24,92.984,93.7204796298469,-0.736479629846955
2014-07-25,93.27,93.7400814509528,-0.470081450952817
2014-07-28,93.072,93.7598940479146,-0.687894047914553
2014-07-29,93.04,93.77992340903,-0.739923409030004
2014-07-30,93.032,93.800175238249,-0.768175238249044
2014-07-31,93.158,93.8206549336672,-0.662654933667236
2014-08-01,93.312,93.8413675758474,-0.529367575847391
2014-08-04,93.266,93.8623179714375,-0.596317971437457
2014-08-05,93.2,93.883510708266,-0.683510708265949
2014-08-06,93.06,93.9049501276677,-0.844950127667664
2014-08-07,93.036,93.9266402884416,-0.890640288441621
2014-08-08,92.99,93.9485849001182,-0.958584900118164
2014-08-11,92.97,93.9707873040729,-1.00078730407291
2014-08-12,92.696,93.9932504454406,-1.29725044544056
2014-08-13,93.008,94.0159768556714,-1.00797685567136
2014-08-14,93.17,94.0389685299843,-0.86896852998426
2014-08-15,93.33,94.0622270469406,-0.732227046940642
2014-08-18,93.2,94.0857536259054,-0.885753625905439
2014-08-19,93.064,94.1095491835705,-1.04554918357053
2014-08-20,93.168,94.133614270493,-0.965614270492998
2014-08-21,93.172,94.1579490050415,-0.98594900504149
2014-08-22,93.238,94.1825531064388,-0.944553106438845
2014-08-25,93.168,94.2074258863558,-1.03942588635578
2014-08-26,93.342,94.2325662660234,-0.890566266023382
2014-08-27,93.464,94.2579727370154,-0.793972737015386
2014-08-28,93.4,94.2836434227819,-0.883643422781931
2014-08-29,93.386,94.3095761185762,-0.92357611857616
2014-09-01,93.332,94.3357682543884,-1.00376825438841
2014-09-02,93.244,94.3622168784402,-1.11821687844021
2014-09-03,93.046,94.3889186240354,-1.34291862403543
2014-09-04,92.968,94.4158696622519,-1.44786966225194
2014-09-05,92.9,94.4430656090599,-1.54306560905985
2014-09-09,92.928,94.4705014819372,-1.54250148193725
2014-09-10,92.81,94.4981716605212,-1.68817166052123
2014-09-11,93.114,94.5260698868408,-1.41206988684083
2014-09-12,93.066,94.5541892051025,-1.48818920510246
2014-09-15,93.58,94.5825220758205,-1.00252207582051
2014-09-16,93.58,94.6110603443511,-1.03106034435107
2014-09-17,93.694,94.6397954416479,-0.945795441647939
2014-09-18,94.306,94.6687183724662,-0.362718372466196
2014-09-19,94.702,94.697819750607,0.00418024939296581
2014-09-22,94.714,94.7270900399387,-0.0130900399387401
2014-09-23,94.426,94.7565197060573,-0.330519706057293
2014-09-24,94.406,94.7860992091478,-0.380099209147838
2014-09-25,94.594,94.815818872772,-0.221818872771994
2014-09-26,94.448,94.8456688633734,-0.39766886337344
2014-09-29,94.698,94.875639255705,-0.177639255705028
2014-09-30,94.752,94.9057199601394,-0.153719960139372
2014-10-08,94.544,94.93590081362,-0.391900813620031
2014-10-09,94.5,94.9661715895489,-0.466171589548898
2014-10-10,94.488,94.996521899332,-0.508521899331978
2014-10-13,94.65,95.0269411616785,-0.376941161678537
2014-10-14,95.222,95.0574185850953,0.164581414904657
2014-10-15,95.29,95.087943222277,0.202056777723029
2014-10-16,95.438,95.1185041939492,0.319495806050788
2014-10-17,95.656,95.1490907043601,0.50690929563994
2014-10-20,95.996,95.1796920898242,0.816307910175778
2014-10-21,95.7,95.2102978961923,0.489702103807698
2014-10-22,95.444,95.2408980067438,0.203101993256192
2014-10-23,95.492,95.2714825071814,0.220517492818649
2014-10-24,95.632,95.3020415671618,0.329958432838215
2014-10-27,95.53,95.332565447495,0.197434552504956
2014-10-28,95.828,95.3630445453825,0.464955454617461
2014-10-29,95.76,95.3934693396372,0.366530660362805
2014-10-30,95.432,95.423830501266,0.00816949873399305
2014-10-31,95.534,95.4541188527847,0.0798811472152949
2014-11-03,95.91,95.4843252200861,0.425674779913888
2014-11-04,96.334,95.5144404620828,0.819559537917238
2014-11-05,96.6,95.5444556136439,1.05554438635607
2014-11-06,96.508,95.5743620484118,0.933637951588208
2014-11-07,96.98,95.6041515763484,1.37584842365157
2014-11-10,97.114,95.6338163933439,1.48018360665605
2014-11-11,96.798,95.6633492640092,1.13465073599081
2014-11-12,96.654,95.6927435648032,0.961256435196803
2014-11-13,96.48,95.7219931412039,0.758006858796104
2014-11-14,96.23,95.7510922360341,0.478907763965896
2014-11-17,95.806,95.780035405446,0.0259645945540267
2014-11-18,96.404,95.8088174035533,0.595182596446652
2014-11-19,96.222,95.8374329952023,0.384567004797641
2014-11-20,96.026,95.8658771912639,0.160122808736086
2014-11-21,96.274,95.8941451615733,0.379854838426649
2014-11-24,96.98,95.9222321421543,1.05776785784567
2014-11-25,96.672,95.9501335260475,0.721866473952549
2014-11-26,97.138,95.9778451435318,1.16015485646824
2014-11-27,97.02,96.0053631232769,1.01463687672306
2014-11-28,96.9,96.0326840735142,0.867315926485778
2014-12-01,97.05,96.0598050218846,0.990194978115422
2014-12-02,96.76,96.0867233545427,0.673276645457323
2014-12-03,95.888,96.1134368669501,-0.2254368669501
2014-12-04,95.366,96.1399436328737,-0.773943632873692
2014-12-05,95.1,96.1662416328938,-1.06624163289385
2014-12-08,94.684,96.1923285276739,-1.50832852767393
2014-12-09,95.088,96.2182015371357,-1.1302015371357
2014-12-10,95.05,96.2438572577188,-1.19385725771885
2014-12-11,94.6,96.2692918186824,-1.66929181868239
2014-12-12,95.12,96.2945008557935,-1.17450085579349
2014-12-15,95.756,96.3194793148014,-0.563479314801394
2014-12-16,96.006,96.344221655963,-0.338221655963019
2014-12-17,96.396,96.3687221066167,0.0272778933833318
2014-12-18,96.438,96.3929747542925,0.0450252457075133
2014-12-19,96.522,96.4169736977969,0.105026302203066
2014-12-22,96.406,96.4407130545475,-0.0347130545475305
2014-12-23,96.726,96.4641869853758,0.261813014624191
2014-12-24,96.876,96.4873896367643,0.388610363235654
2014-12-25,96.68,96.5103152634181,0.169684736581856
2014-12-26,96.878,96.5329582806788,0.345041719321191
2014-12-29,96.838,96.5553131740282,0.282686825971783
2014-12-30,96.472,96.5773745715751,-0.105374571575127
2014-12-31,96.772,96.5991372182792,0.17286278172082
2015-01-05,96.718,96.6205958155429,0.0974041844571144
2015-01-06,96.536,96.6417451362231,-0.105745136223125
2015-01-07,96.588,96.6625799934395,-0.0745799934395108
2015-01-08,96.68,96.6830951566011,-0.00309515660111837
2015-01-09,96.684,96.7032853642885,-0.019285364288555
2015-01-12,96.7,96.7231453538029,-0.0231453538029447
2015-01-13,97.084,96.7426698544737,0.341330145526328
2015-01-14,97.178,96.7618535860628,0.416146413937183
2015-01-15,97.11,96.7806914094243,0.329308590575706
2015-01-16,97.45,96.7991783574305,0.650821642569525
2015-01-19,97.342,96.8173095990772,0.524690400922798
2015-01-20,97.51,96.835080572383,0.674919427616966
2015-01-21,97.448,96.8524869322527,0.595513067747282
2015-01-22,97.688,96.8695246125758,0.818475387424208
2015-01-23,97.608,96.8861897934023,0.721810206597689
2015-01-26,97.8,96.9024789931078,0.897521006892154
2015-01-27,97.564,96.9183890284349,0.645610971565082
2015-01-28,97.598,96.9339170871254,0.664082912874632
2015-01-29,97.246,96.94906062379,0.296939376210003
2015-01-30,97.298,96.9638173675458,0.334182632454181
2015-02-02,97.692,96.9781851702514,0.713814829748555
2015-02-03,97.716,96.9921620219048,0.723837978095223
2015-02-04,97.63,97.0057462075641,0.624253792435927
2015-02-05,97.556,97.018936311494,0.537063688505996
2015-02-06,97.692,97.0317311760012,0.660268823998764
2015-02-09,97.754,97.0441298653918,0.709870134608246
2015-02-10,97.924,97.056131716902,0.867868283097962
2015-02-11,98.326,97.0677363611985,1.25826363880145
2015-02-12,98.446,97.0789437876902,1.36705621230975
2015-02-13,98.432,97.0897545059015,1.34224549409848
2015-02-16,98.552,97.100169590443,1.45183040955697
2015-02-17,98.786,97.1101906707562,1.67580932924384
2015-02-25,98.8,97.1198199764096,1.68018002359041
2015-02-26,98.62,97.129060429685,1.49093957031504
2015-02-27,98.394,97.1379156473823,1.25608435261767
2015-03-02,97.984,97.1463898625963,0.837610137403688
2015-03-03,97.818,97.1544878276368,0.663512172363193
2015-03-04,97.832,97.1622146410474,0.669785358952607
2015-03-05,97.476,97.1695756756411,0.306424324358925
2015-03-06,97.83,97.1765765810931,0.653423418906855
2015-03-09,97.596,97.1832231337423,0.412776866257718
2015-03-10,97.842,97.189521380027,0.652478619972979
2015-03-11,98.718,97.1954775370102,1.5225224629898
2015-03-12,97.554,97.2010980914635,0.352901908536519
2015-03-13,97.538,97.2063901595082,0.331609840491757
2015-03-16,98.106,97.211361003141,0.894638996859031
2015-03-17,98.32,97.2160180214327,1.10398197856732
2015-03-18,97.825,97.220368983262,0.604631016738028
2015-03-19,98.035,97.2244221138495,0.810577886150487
2015-03-20,98.17,97.2281858883452,0.941814111654835
2015-03-23,97.99,97.2316691169601,0.758330883039875
2015-03-24,97.94,97.234880999213,0.705119000786984
2015-03-25,97.935,97.2378310480865,0.697168951913545
2015-03-26,97.405,97.240529068031,0.164470931968978
2015-03-27,97.655,97.2429851516784,0.41201484832158
2015-03-30,97.15,97.2452094596462,-0.0952094596462224
2015-03-31,96.9,97.2472123228625,-0.347212322862467
2015-04-01,97.305,97.249004032899,0.0559959671009681
2015-04-02,97.39,97.2505947378044,0.139405262195582
2015-04-03,97,97.2519946087736,-0.251994608773621
2015-04-07,96.805,97.2532138746264,-0.448213874626399
2015-04-08,96.32,97.2542626600179,-0.934262660017922
2015-04-09,96.55,97.2551509043294,-0.705150904329408
2015-04-10,96.45,97.2558881607559,-0.805888160755863
2015-04-13,96.905,97.2564836910114,-0.351483691011436
2015-04-14,96.75,97.2569464236879,-0.506946423687859
2015-04-15,97.175,97.2572851420882,-0.0822851420881943
2015-04-16,97.25,97.2575084199639,-0.00750841996392682
2015-04-17,97.295,97.2576247970534,0.0373752029465671
2015-04-20,98.075,97.2576428099913,0.817357190008734
2015-04-21,98.09,97.2575710108613,0.832428989138667
2015-04-22,98.2,97.2574182896103,0.942581710389696
2015-04-23,98.15,97.2571938802775,0.892806119722551
2015-04-24,97.845,97.2569074065273,0.588092593472676
2015-04-27,98.405,97.2565688610747,1.14843113892532
2015-04-28,98.38,97.2561884797282,1.12381152027184
2015-04-29,98.39,97.2557769730116,1.13422302698841
2015-04-30,98.46,97.2553455159873,1.20465448401268
2015-05-04,98.145,97.2549057525599,0.89009424744011
2015-05-05,98.015,97.2544698245896,0.760530175410439
2015-05-06,97.29,97.2540502418657,0.0359497581342753
2015-05-07,97.245,97.2536598285504,-0.00865982855041744
2015-05-08,97.63,97.2533114236659,0.376688576334129
2015-05-11,97.665,97.2530178626546,0.411982137345397
2015-05-12,97.42,97.2527921366673,0.167207863332755
2015-05-13,97.445,97.2526474071511,0.192352592848922
2015-05-14,97.48,97.2525969046705,0.227403095329541
2015-05-15,97.83,97.2526539393004,0.577346060699548
2015-05-18,97.71,97.2528319151157,0.457168084884286
2015-05-19,97.28,97.2531444748422,0.0268555251578029
2015-05-20,97.55,97.253605450181,0.296394549819001
2015-05-21,97.455,97.2542286839342,0.200771316065832
2015-05-22,97.475,97.2550281414212,0.21997185857883
2015-05-25,97.18,97.2560178709524,-0.0760178709523756
2015-05-26,96.3,97.2572120117658,-0.957212011765802
2015-05-27,96.325,97.2586246716765,-0.933624671676503
2015-05-28,95.79,97.260269562827,-1.47026956282695
2015-05-29,95.655,97.2621600114362,-1.60716001143624
2015-06-01,95.51,97.2643087359734,-1.75430873597339
2015-06-02,96.16,97.2667277905722,-1.10672779057224
2015-06-03,96.48,97.2694285042056,-0.789428504205567
2015-06-04,96.68,97.2724217483699,-0.592421748369934
2015-06-05,96.69,97.2757180682434,-0.585718068243402
2015-06-08,96.775,97.279327764121,-0.504327764120986
2015-06-09,96.83,97.2832608941849,-0.453260894184945
2015-06-10,96.625,97.2875273081492,-0.662527308149229
2015-06-11,96.655,97.2921366683679,-0.637136668367868
2015-06-12,97.1,97.2970983633324,-0.197098363332421
2015-06-15,95.595,97.3024215181686,-1.70742151816861
2015-06-16,96.27,97.3081151765284,-1.03811517652841
2015-06-17,96.16,97.3141876762857,-1.1541876762857
2015-06-18,96.515,97.3206469261981,-0.805646926198077
2015-06-19,96.245,97.3275003579289,-1.0825003579289
2015-06-23,96.105,97.3347550701193,-1.22975507011927
2015-06-24,96.12,97.342417713949,-1.22241771394899
2015-06-25,96,97.3504944322663,-1.35049443226629
2015-06-26,95.95,97.35899086262,-1.40899086261999
2015-06-29,95.725,97.3679120843203,-1.64291208432034
2015-06-30,95.96,97.3772625942555,-1.41726259425549
2015-07-01,95.725,97.3870462102019,-1.66204621020195
2015-07-02,95.72,97.397266164095,-1.67726616409497
2015-07-03,96.295,97.4079250008486,-1.11292500084858
2015-07-06,97.015,97.4190245720611,-0.40402457206111
2015-07-07,97.17,97.4305662692929,-0.260566269292899
2015-07-08,96.47,97.4425513170964,-0.972551317096405
2015-07-09,97.075,97.4549808323172,-0.379980832317188
2015-07-10,96.905,97.4678555297868,-0.562855529786849
2015-07-13,96.945,97.4811759672677,-0.536175967267734
2015-07-14,96.695,97.4949424698616,-0.799942469861598
2015-07-15,96.72,97.5091551410346,-0.789155141034604
2015-07-16,97.03,97.52381375359,-0.493813753589988
2015-07-17,97.08,97.5389177541266,-0.458917754126598
2015-07-20,97.03,97.5544663851199,-0.524466385119903
2015-07-21,96.815,97.5704586993473,-0.755458699347268
2015-07-22,96.93,97.5868935327923,-0.656893532792333
2015-07-23,97.305,97.6037694091635,-0.298769409163485
2015-07-24,97.2,97.6210845806349,-0.421084580634906
2015-07-27,97.3,97.6388371758821,-0.33883717588209
2015-07-28,97.39,97.6570251495203,-0.267025149520279
2015-07-29,97.4,97.6756463161038,-0.275646316103745
2015-07-30,97.115,97.694698379809,-0.579698379808992
2015-07-31,96.605,97.7141789308713,-1.10917893087133
2015-08-03,96.68,97.734085319902,-1.054085319902
2015-08-04,96.83,97.754414439023,-0.924414439022958
2015-08-05,96.8,97.7751627446395,-0.975162744639551
2015-08-06,97.11,97.7963263110406,-0.686326311040561
2015-08-07,97.14,97.817900809422,-0.677900809421988
2015-08-10,96.95,97.8398816272809,-0.889881627280902
2015-08-11,96.43,97.8622638718963,-1.43226387189625
2015-08-12,96.615,97.8850422827067,-1.27004228270674
2015-08-13,96.575,97.9082110071109,-1.33321100711095
2015-08-14,96.65,97.9317636675222,-1.28176366752216
2015-08-17,96.39,97.955693335258,-1.56569333525804
2015-08-18,96.7,97.979992551807,-1.27999255180702
2015-08-19,96.66,98.0046532114622,-1.34465321146221
2015-08-20,96.725,98.0296666794201,-1.3046666794201
2015-08-21,96.825,98.0550237650513,-1.23002376505128
2015-08-24,97,98.0807147384294,-1.08071473842935
2015-08-25,97.04,98.106729361186,-1.06672936118602
2015-08-26,97.2,98.1330569482284,-0.933056948228394
2015-08-27,97.7,98.1596863735211,-0.45968637352111
2015-08-28,97.455,98.1866061253403,-0.731606125340293
2015-08-31,97.65,98.213804501946,-0.563804501945965
2015-09-01,97.98,98.2412694991823,-0.261269499182244
2015-09-02,98.01,98.2689888798387,-0.258988879838691
2015-09-07,98.1,98.2969502987069,-0.19695029870687
2015-09-08,97.85,98.3251413035223,-0.475141303522354
2015-09-09,97.8,98.3535493606094,-0.553549360609395
2015-09-10,97.9,98.3821617398883,-0.48216173988829
2015-09-11,97.8,98.4109654824642,-0.610965482464164
2015-09-14,98.75,98.4399474301359,0.310052569864144
2015-09-15,98.945,98.4690941721534,0.475905827846627
2015-09-16,98.84,98.4983924259304,0.341607574069591
2015-09-17,98.655,98.5278291056008,0.127170894399166
2015-09-18,98.7,98.5573912665052,0.142608733494774
2015-09-21,98.745,98.5870660165517,0.157933983448333
2015-09-22,98.59,98.6168405225968,-0.0268405225968204
2015-09-23,98.65,98.6467020167811,0.0032979832189195
2015-09-24,98.82,98.6766377201498,0.143362279850192
2015-09-25,98.9,98.7066348551118,0.193365144888205
2015-09-28,99,98.736680703336,0.263319296664026
2015-09-29,99.16,98.7667626264207,0.39323737357932
2015-09-30,99.215,98.7968680948099,0.418131905190146
2015-10-08,99.155,98.826984741496,0.32801525850403
2015-10-09,99.9,98.8571003723104,1.04289962768965
2015-10-12,99.955,98.8872029286727,1.06779707132733
2015-10-13,100.28,98.9172807830954,1.36271921690459
2015-10-14,100.18,98.9473227494753,1.23267725052469
2015-10-15,100.005,98.9773182050026,1.02768179499734
2015-10-16,99.625,99.0072570364067,0.617742963593327
2015-10-19,99.74,99.0371295552192,0.702870444780841
2015-10-20,100.3,99.0669263283218,1.23307367167817
2015-10-21,100.05,99.0966382131348,0.953361786865179
2015-10-22,100.245,99.1262565767814,1.11874342321864
2015-10-23,100.055,99.1557731804662,0.899226819533818
2015-10-26,100.29,99.1851802478373,1.10481975216268
2015-10-27,100.595,99.2144703742473,1.38052962575265
2015-10-28,100.215,99.2436366117368,0.971363388263178
2015-10-29,99.86,99.2726725830014,0.5873274169986
2015-10-30,99.915,99.3015723122597,0.613427687740336
2015-11-02,99.945,99.3303300665076,0.61466993349241
2015-11-03,99.75,99.3589403663078,0.391059633692242
2015-11-04,99.625,99.3873979863022,0.237602013697834
2015-11-05,99.89,99.4156978627812,0.474302137218808
2015-11-06,99.655,99.4438350302506,0.211164969749407
2015-11-09,99.085,99.4718047192735,-0.386804719273482
2015-11-10,99.32,99.4996022477,-0.179602247700049
2015-11-11,99.65,99.5272227734911,0.122777226508949
2015-11-12,99.645,99.5546613803667,0.0903386196332703
2015-11-13,99.51,99.5819132027984,-0.0719132027984085
2015-11-16,99.71,99.6089734126001,0.101026587399903
2015-11-17,99.795,99.6358371518592,0.159162848140752
2015-11-18,99.485,99.6624996044244,-0.177499604424382
2015-11-19,99.675,99.6889560199348,-0.0139560199347959
2015-11-20,99.92,99.7152015746592,0.204798425340836
2015-11-23,99.98,99.7412314390972,0.238768560902802
2015-11-24,100.255,99.7670408684037,0.487959131596263
2015-11-25,100.205,99.7926252164309,0.41237478356909
2015-11-26,100.365,99.8179800387342,0.547019961265774
2015-11-27,100.3,99.8431010613276,0.456898938672437
2015-11-30,100.595,99.8679842363414,0.72701576365857
2015-12-04,100.55,99.8926257047695,0.657374295230492
2015-12-07,100.5,99.9170219081247,0.582978091875339
2015-12-14,100.09,99.941169559652,0.148830440348027
2015-12-15,100.2,99.9650656135762,0.234934386423812
2015-12-16,100.245,99.9887070856427,0.256292914357317
2015-12-17,100.24,100.012091088709,0.227908911290682
2015-12-18,100.62,100.035214841575,0.584785158425205
2015-12-21,100.78,100.058075657246,0.721924342753604
2015-12-22,100.775,100.080671090458,0.69432890954214
2015-12-23,100.81,100.102998994358,0.707001005642005
2015-12-24,100.96,100.125057509103,0.83494249089737
2015-12-25,100.86,100.146845067094,0.713154932906279
2015-12-28,100.955,100.168360445865,0.786639554135254
2015-12-29,100.83,100.189602717739,0.640397282261266
2015-12-30,100.785,100.210571280204,0.574428719795734
2015-12-31,100.68,100.231265795464,0.448734204535899
2016-01-04,100.595,100.251686163167,0.343313836833351
2016-01-05,100.33,100.271832468449,0.0581675315510746
2016-01-06,100.62,100.29170493836,0.328295061639628
2016-01-07,100.58,100.311303823994,0.268696176006075
2016-01-08,100.765,100.330629512147,0.434370487852667
2016-01-11,100.79,100.349682500686,0.440317499313513
2016-01-12,100.98,100.368463467028,0.611536532972182
2016-01-13,101.13,100.386973270598,0.743026729402126
2016-01-14,100.92,100.405213023608,0.51478697639241
2016-01-15,101.05,100.423184145405,0.626815854594818
2016-01-18,100.84,100.440888268132,0.399111731868423
2016-01-19,100.72,100.458327283028,0.261672716972258
2016-01-20,100.82,100.475503246312,0.344496753688327
2016-01-21,100.86,100.492418322366,0.36758167763366
2016-01-22,100.875,100.509074817976,0.365925182024497
2016-01-25,100.51,100.525475191866,-0.015475191866323
2016-01-26,100.56,100.541622054025,0.0183779459746784
2016-01-27,100.49,100.557518008042,-0.0675180080419502
2016-01-28,100.58,100.573165665102,0.00683433489800309
2016-01-29,100.79,100.588567608482,0.201432391517534
2016-02-01,100.76,100.603726424285,0.156273575715027
2016-02-02,100.54,100.618644781876,-0.0786447818758966
2016-02-03,100.62,100.633325415218,-0.0133254152178824
2016-02-04,100.735,100.647771025766,0.0872289742342092
2016-02-05,100.775,100.661984309466,0.113015690534132
2016-02-15,101.015,100.675967998322,0.339032001678374
2016-02-16,100.815,100.689724871052,0.125275128947734
2016-02-17,100.815,100.703257846519,0.111742153480739
2016-02-18,100.855,100.716569895368,0.138430104631581
2016-02-19,100.87,100.729664034435,0.140335965565361
2016-02-22,100.85,100.742543337774,0.107456662225564
2016-02-23,100.865,100.755210937453,0.109789062546676
2016-02-24,100.86,100.767670009955,0.0923299900445991
2016-02-25,100.89,100.779923777147,0.110076222852941
2016-02-26,101.35,100.79197549906,0.558024500939839
2016-02-29,101.35,100.803828481228,0.546171518772302
2016-03-01,101.4,100.815486259847,0.584513740152523
2016-03-02,101.35,100.826952596883,0.523047403117079
2016-03-03,101.15,100.838231495911,0.311768504088687
2016-03-07,101.3,100.849327176717,0.45067282328266
2016-03-14,100.69,100.860243987958,-0.170243987957893
2016-03-15,100.685,100.87098646458,-0.185986464580228
2016-03-16,100.8,100.88155907116,-0.081559071159517
2016-03-17,100.63,100.891966195391,-0.261966195391165
2016-03-18,100.655,100.902212191258,-0.247212191257784
2016-03-21,100.54,100.912301304455,-0.372301304455331
2016-03-22,100.63,100.922237678492,-0.292237678492268
2016-03-23,100.62,100.932025302983,-0.312025302982845
2016-03-24,100.72,100.941668046742,-0.221668046742115
2016-03-25,100.775,100.951169649606,-0.176169649606214
2016-03-28,100.71,100.960533759783,-0.250533759782612
2016-03-29,101,100.969763952657,0.030236047342597
2016-03-30,101.075,100.978863700056,0.096136299943992
2016-03-31,101.01,100.987836486302,0.0221635136977214
2016-04-01,101.055,100.996685835459,0.0583141645411981
2016-04-05,100.875,101.00541528075,-0.13041528075007
2016-04-06,100.86,101.014028379505,-0.154028379505067
2016-04-07,100.85,101.022528635144,-0.17252863514412
2016-04-08,100.975,101.030919487419,-0.0559194874187277
2016-04-11,101.04,101.039204304764,0.000795695236067116
2016-04-12,101,101.0473864325,-0.0473864324998465
2016-04-13,100.74,101.055469216275,-0.315469216275491
2016-04-14,100.42,101.063455982152,-0.643455982152201
2016-04-15,100.635,101.071349925789,-0.436349925789125
2016-04-18,100.71,101.079153976867,-0.369153976866584
2016-04-19,100.715,101.086870884695,-0.371870884695296
2016-04-20,100.535,101.094503245993,-0.559503245992581
2016-04-21,100.52,101.102053503759,-0.582053503759298
2016-04-22,100.58,101.10952386972,-0.529523869720166
2016-04-25,100.375,101.116916315002,-0.741916315002396
2016-04-26,100.585,101.124232591849,-0.539232591849379
2016-04-27,100.54,101.131474145826,-0.591474145826058
2016-04-28,100.67,101.1386421996,-0.468642199600332
2016-04-29,100.6,101.145737731349,-0.545737731348591
2016-05-03,100.83,101.152761525529,-0.322761525529203
2016-05-04,100.88,101.159714141015,-0.279714141014575
2016-05-05,100.905,101.16659600326,-0.261596003260448
2016-05-06,100.92,101.1734074221,-0.253407422100097
2016-05-09,101.13,101.180148599233,-0.0501485992334101
2016-05-10,101.18,101.186819631612,-0.00681963161186447
2016-05-11,101.095,101.193420595457,-0.0984205954574671
2016-05-12,101.205,101.199951564173,0.00504843582655422
2016-05-13,101.165,101.20641257048,-0.0414125704797361
2016-05-16,101.03,101.212803649183,-0.182803649183029
2016-05-17,101.02,101.219124817972,-0.199124817972058
2016-05-18,100.88,101.225376018971,-0.345376018971495
2016-05-19,100.89,101.231557111996,-0.341557111995956
2016-05-20,101,101.237667814096,-0.237667814095664
2016-05-23,100.96,101.243707701135,-0.283707701134703
2016-05-24,101.07,101.249676250735,-0.179676250734813
2016-05-25,101.045,101.255572823245,-0.210572823244524
2016-05-26,100.91,101.261396704741,-0.351396704741335
2016-05-27,100.9,101.26714709426,-0.367147094260369
2016-05-30,101.03,101.272823045583,-0.242823045583478
2016-05-31,101.04,101.278423460729,-0.238423460728808
2016-06-01,101,101.283947141341,-0.283947141341139
2016-06-02,101,101.28939279051,-0.289392790510492
2016-06-07,100.9,101.294758993955,-0.394758993954722
2016-06-14,100.475,101.300044217768,-0.825044217768173
2016-06-15,100.48,101.305246764868,-0.825246764867811
2016-06-16,100.675,101.31036459713,-0.635364597130494
2016-06-17,100.64,101.315395335309,-0.675395335309188
2016-06-20,100.635,101.320336337523,-0.685336337522719
2016-06-21,100.725,101.325184682709,-0.600184682708697
2016-06-22,100.715,101.329937166514,-0.614937166514109
2016-06-23,100.72,101.334590336494,-0.614590336493955
2016-06-24,100.885,101.339140486013,-0.454140486012842
2016-06-27,101.055,101.343583654388,-0.288583654388247
2016-06-28,100.86,101.347915693214,-0.487915693214372
2016-06-29,100.865,101.352132334797,-0.487132334796551
2016-06-30,101.01,101.356229109756,-0.346229109755542
2016-07-01,101.155,101.360201347351,-0.205201347350793
2016-07-04,101.035,101.364044233725,-0.329044233724884
2016-07-05,100.99,101.367752870198,-0.37775287019839
2016-07-06,101.055,101.371322222078,-0.316322222078042
2016-07-07,101.215,101.374747098523,-0.159747098522951
2016-07-08,101.26,101.378022177937,-0.118022177937232
2016-07-11,101.115,101.381142072692,-0.266142072692042
2016-07-12,101.01,101.384101346373,-0.374101346372946
2016-07-13,100.965,101.386894452553,-0.421894452552869
2016-07-14,100.985,101.389515690166,-0.404515690166371
2016-07-15,101.13,101.391959183754,-0.26195918375395
2016-07-18,101.115,101.394218890645,-0.279218890645473
2016-07-19,101.16,101.396288659887,-0.236288659887456
2016-07-20,101.34,101.398162225108,-0.0581622251084799
2016-07-21,101.395,101.399833222265,-0.00483322226485124
2016-07-22,101.4,101.401295263271,-0.00129526327115811
2016-07-25,101.315,101.402541958044,-0.0875419580436507
2016-07-26,101.435,101.403566915964,0.0314330840361022
2016-07-27,101.385,101.404363710226,-0.019363710226411
2016-07-28,101.525,101.404925927019,0.120074072980667
2016-07-29,101.475,101.405247144527,0.0697528554731715
2016-08-01,101.41,101.405320990566,0.00467900943371818
2016-08-02,101.515,101.405141121789,0.109858878211447
2016-08-03,101.565,101.404701196779,0.160298803221327
2016-08-04,101.58,101.403994919532,0.176005080467925
2016-08-05,101.725,101.403016060306,0.321983939693807
2016-08-08,101.73,101.401758462112,0.328241537888347
2016-08-09,101.795,101.400216101054,0.394783898946244
2016-08-10,101.8,101.398383088921,0.401616911079281
2016-08-11,101.875,101.396253700687,0.47874629931252
2016-08-12,102.045,101.393822377342,0.651177622658219
2016-08-15,102.155,101.391083757766,0.763916242234155
2016-08-16,102.04,101.388032750013,0.651967249987435
2016-08-17,101.985,101.384664577907,0.600335422093472
2016-08-18,102.01,101.38097473477,0.629025265229814
2016-08-19,101.935,101.37695896208,0.558041037919577
2016-08-22,101.995,101.372613261327,0.622386738672521
2016-08-23,101.895,101.367933864673,0.527066135326764
2016-08-24,101.855,101.362917261549,0.49208273845081
2016-08-25,101.85,101.357560159255,0.492439840744802
2016-08-26,102,101.351859468498,0.648140531501765
2016-08-29,101.96,101.34581230354,0.61418769646005
2016-08-30,101.785,101.339416046557,0.445583953442569
2016-08-31,101.81,101.332668333608,0.477331666391722
2016-09-01,101.75,101.325566984936,0.424433015064123
2016-09-02,101.7,101.318110018094,0.381889981905888
2016-09-07,101.455,101.31029562608,0.144704373919685
2016-09-12,101.29,101.30212215975,-0.0121221597494885
2016-09-13,101.405,101.293588029772,0.111411970228309
2016-09-14,101.435,101.284691641807,0.150308358193444
2016-09-19,101.44,101.275431447567,0.164568552433346
2016-09-20,101.46,101.265805960896,0.194194039104238
2016-09-21,101.465,101.255813763664,0.209186236335873
2016-09-22,101.47,101.245453518014,0.224546481986376
2016-09-23,101.54,101.234723972555,0.305276027444951
2016-09-26,101.575,101.223623968718,0.351376031281539
2016-09-27,101.6,101.212152474122,0.387847525878078
2016-09-28,101.615,101.200308601629,0.414691398371201
2016-09-29,101.62,101.188091624424,0.431908375576465
2016-09-30,101.625,101.175500987106,0.449499012893563
2016-10-10,101.795,101.162536312811,0.632463687188658
2016-10-11,101.77,101.149197410478,0.620802589522432
2016-10-12,101.71,101.135484350479,0.574515649520627
2016-10-13,101.785,101.121397459805,0.663602540195366
2016-10-14,101.81,101.106937302924,0.703062697075815
2016-10-17,101.88,101.092104718616,0.787895281384388
2016-10-18,101.84,101.076900836274,0.763099163726483
2016-10-19,101.965,101.061327110977,0.903672889023165
2016-10-20,102.115,101.045385313239,1.06961468676084
2016-10-21,102.12,101.029077587117,1.0909224128835
2016-10-24,101.92,101.0124065188,0.907593481199943
2016-10-25,101.84,100.995375145425,0.844624854575253
2016-10-26,101.69,100.977986879288,0.712013120711873
2016-10-27,101.88,100.960245481822,0.919754518178499
2016-10-28,101.885,100.942155008774,0.942844991225835
2016-10-31,101.705,100.923719896084,0.781280103915508
2016-11-01,101.755,100.904944969425,0.850055030574795
2016-11-02,101.825,100.885835377419,0.939164622580849
2016-11-03,101.91,100.866396620067,1.04360337993267
2016-11-04,101.905,100.846634585584,1.05836541441627
2016-11-07,101.77,100.826555593566,0.943444406433892
2016-11-08,101.77,100.806166401098,0.963833598901814
2016-11-09,101.76,100.785474155245,0.974525844755075
2016-11-10,101.585,100.764486401482,0.820513598518491
2016-11-11,101.585,100.743211088113,0.841788911886657
2016-11-14,101.505,100.721656502613,0.783343497387155
2016-11-15,101.57,100.699831280415,0.870168719585251
2016-11-16,101.5,100.677744380756,0.822255619244255
2016-11-17,101.305,100.655405122566,0.649594877434271
2016-11-18,101.225,100.632823164662,0.592176835338466
2016-11-21,101.28,100.610008434377,0.66999156562323
2016-11-22,101.26,100.586971103827,0.673028896172661
2016-11-23,101.47,100.563721622076,0.906278377923968
2016-11-24,101.36,100.540270716389,0.819729283610839
2016-11-25,101.32,100.516629488652,0.803370511347836
2016-11-28,101.34,100.492809379593,0.847190620406569
2016-11-29,100.9,100.468822162023,0.431177837977464
2016-11-30,100.71,100.444679958943,0.265320041056759
2016-12-01,100.92,100.420395071591,0.499604928408841
2016-12-02,100.94,100.395979910875,0.544020089125318
2016-12-12,99.01,100.371447094219,-1.36144709421854
2016-12-13,98.9,100.346809463924,-1.44680946392365
2016-12-14,98.74,100.322079299523,-1.58207929952325
2016-12-15,97.595,100.297268282498,-2.70226828249799
2016-12-16,98.55,100.27238744036,-1.72238744036036
2016-12-19,97.835,100.247446683614,-2.4124466836139
2016-12-20,97.775,100.222455210796,-2.44745521079632
2016-12-21,98.85,100.197421223237,-1.34742122323703
2016-12-22,99.15,100.172351910586,-1.02235191058577
2016-12-23,98.84,100.147253905523,-1.30725390552264
2016-12-26,98.945,100.122133418128,-1.17713341812849
2016-12-27,98.73,100.096996118118,-1.3669961181179
2016-12-28,99.01,100.071847188626,-1.06184718862596
2016-12-29,99.585,100.046691247726,-0.461691247726491
2016-12-30,99.4,100.021532474568,-0.621532474568335
2017-01-03,99.39,99.9963748574558,-0.606374857455824
2017-01-04,99.345,99.9712221277767,-0.626222127776687
2017-01-05,99.58,99.9460777662677,-0.3660777662677
2017-01-06,99.435,99.9209449948106,-0.485944994810579
2017-01-09,99.57,99.8958268839652,-0.32582688396525
2017-01-10,99.55,99.8707263034214,-0.320726303421447
2017-01-11,99.41,99.8456459881853,-0.435645988185259
2017-01-12,99.46,99.8205885406874,-0.360588540687354
2017-01-13,99.58,99.7955563832799,-0.215556383279887
2017-01-16,99.14,99.7705517892622,-0.630551789262205
2017-01-17,99.075,99.7455769428314,-0.670576942831362
2017-01-18,99.1,99.7206337675396,-0.620633767539568
2017-01-19,99.355,99.6957239097495,-0.340723909749526
2017-01-20,99.47,99.670848759279,-0.200848759278952
2017-01-23,99.425,99.6460095651039,-0.221009565103916
2017-01-24,99.095,99.6212074931777,-0.526207493177723
2017-01-25,98.97,99.5964436180972,-0.626443618097201
2017-01-26,99.075,99.5717187969463,-0.49671879694625
2017-02-03,98.745,99.547033627862,-0.802033627862037
2017-02-06,98.83,99.5223885036582,-0.692388503658238
2017-02-07,99.105,99.49778348562,-0.392783485619967
2017-02-08,99.25,99.4732183488269,-0.223218348826917
2017-02-09,99.275,99.4486927059978,-0.173692705997836
2017-02-10,99.355,99.424206077582,-0.0692060775819631
2017-02-13,99.6,99.3997579122309,0.200242087769081
2017-02-14,99.31,99.3753476299894,-0.0653476299893699
2017-02-15,99.33,99.350974733674,-0.0209747336739782
2017-02-16,99.72,99.3266386990893,0.393361300910672
2017-02-17,99.67,99.30233899337,0.367661006630048
2017-02-20,99.965,99.2780752462501,0.686924753749905
2017-02-21,99.92,99.2538472394402,0.66615276055981
2017-02-22,100.01,99.2296550385978,0.78034496140217
2017-02-23,100.13,99.2054989847414,0.924501015258609
2017-02-24,99.875,99.1813797414524,0.693620258547617
2017-02-27,100.085,99.157298354464,0.927701645536023
2017-02-28,100.295,99.1332561562239,1.16174384377607
2017-03-02,100,99.1092548626547,0.890745137345324
2017-03-13,98.505,99.0852966698968,-0.580296669896838
2017-03-14,98.61,99.0613841422891,-0.451384142289123
2017-03-15,98.605,99.0375196042991,-0.43251960429912
2017-03-16,98.89,99.0137051938102,-0.123705193810238
2017-03-17,98.82,98.9899428699197,-0.169942869919665
2017-03-20,98.815,98.9662345405899,-0.151234540589895
2017-03-21,98.955,98.9425820435358,0.0124179564641864
2017-03-22,98.865,98.9189871539581,-0.0539871539581394
2017-03-23,98.945,98.8954516521904,0.0495483478096069
2017-03-24,99.26,98.8719772962505,0.388022703749535
2017-03-27,99.375,98.8485658646371,0.526434135362859
2017-03-28,99.22,98.8252192962424,0.394780703757581
2017-03-29,99.205,98.8019397475648,0.403060252435182
2017-03-30,99.21,98.7787295382893,0.431270461710674
2017-03-31,99.24,98.75559115471,0.484408845290015
2017-04-05,99.055,98.7325272613905,0.322472738609476
2017-04-06,99.145,98.70954072313,0.435459276869964
2017-04-07,99.265,98.6866345380247,0.578365461975305
2017-04-10,99.11,98.6638118841721,0.446188115827849
2017-04-11,99.15,98.641076178743,0.508923821257031
2017-04-12,99,98.6184310233439,0.381568976656068
2017-04-13,99.05,98.5958802299505,0.454119770049478
2017-04-14,98.815,98.5734277682635,0.241572231736468
2017-04-17,98.555,98.5510777956985,0.00392220430152738
2017-04-18,98.57,98.5288345695272,0.0411654304727581
2017-04-19,98.67,98.5067023486432,0.163297651356818
2017-04-20,98.655,98.4846854089553,0.170314591044698
2017-04-21,98.41,98.4627880938735,-0.0527880938735233
2017-04-24,98.14,98.4410148172091,-0.301014817209068
2017-04-25,98.385,98.4193699709527,-0.0343699709527093
2017-04-26,98.42,98.3978578226676,0.022142177332389
2017-04-27,98.405,98.3764826257099,0.0285173742900591
2017-04-28,98.305,98.3552486425885,-0.0502486425884869
2017-05-02,98.26,98.3341601475997,-0.0741601475997198
2017-05-03,98.155,98.3132213942697,-0.158221394269728
2017-05-04,97.765,98.2924366054695,-0.527436605469508
2017-05-05,97.715,98.271809938668,-0.556809938667985
2017-05-08,97.465,98.2513453333128,-0.786345333312752
2017-05-09,97.375,98.2310464986886,-0.856046498688637
2017-05-10,96.97,98.2109168190368,-1.24091681903684
2017-05-11,97.2,98.1909593247435,-0.990959324743534
2017-05-12,96.965,98.1711765332493,-1.20617653324925
2017-05-15,97.185,98.1515705523729,-0.966570552372884
2017-05-16,96.995,98.1321429913478,-1.13714299134778
2017-05-17,97.01,98.1128950598658,-1.1028950598658
2017-05-18,97.05,98.0938274975697,-1.04382749756967
2017-05-19,96.995,98.0749405882099,-1.07994058820987
2017-05-22,96.755,98.0562341840602,-1.30123418406022
2017-05-23,96.825,98.0377076909907,-1.21270769099069
2017-05-24,96.98,98.0193599769934,-1.03935997699343
2017-05-25,96.985,98.0011894087759,-1.01618940877588
2017-05-26,96.95,97.9831939234159,-1.03319392341586
2017-05-31,96.905,97.9653710379394,-1.06037103793938
2017-06-01,97.35,97.9477178422918,-0.597717842291835
2017-06-05,97.5,97.9302309881037,-0.430230988103745
2017-06-06,97.4,97.9129068799329,-0.51290687993294
2017-06-07,97.3,97.8957417444973,-0.595741744497271
2017-06-08,97.2,97.8787315964994,-0.678731596499402
2017-06-09,97.25,97.8618722043863,-0.611872204386309
2017-06-12,97.81,97.8451590560447,-0.0351590560446959
2017-06-13,97.83,97.8285873864378,0.00141261356220203
2017-06-14,97.94,97.8121524159955,0.127847584004508
2017-06-15,97.92,97.7958493657317,0.124150634268344
2017-06-16,97.88,97.7796735095074,0.100326490492546
2017-06-19,98.235,97.7636201725025,0.471379827497511
2017-06-20,98.22,97.7476847213675,0.472315278632502
2017-06-21,98.035,97.7318627176028,0.303137282397234
2017-06-22,97.845,97.7161499179447,0.128850082055292
2017-06-23,97.99,97.7005422044343,0.289457795565682
2017-06-26,98.19,97.6850355123741,0.504964487625899
2017-06-27,98.175,97.6696258967169,0.505374103283133
2017-06-28,98.135,97.6543096211474,0.480690378852603
2017-06-29,98.09,97.6390831582518,0.450916841748191
2017-06-30,97.99,97.6239431793144,0.366056820685648
2017-07-03,97.78,97.6088865420099,0.171113457990063
2017-07-04,97.84,97.593910255327,0.246089744673043
2017-07-05,97.95,97.5790113989851,0.37098860101492
2017-07-06,98.07,97.5641871544276,0.505812845572423
2017-07-07,97.965,97.5494348564494,0.415565143550645
2017-07-10,97.9,97.5347520489282,0.365247951071777
2017-07-11,97.9,97.5201364475199,0.379863552480141
2017-07-12,97.89,97.5055859188588,0.384414081141248
2017-07-13,97.94,97.4910984865996,0.448901513400413
2017-07-14,97.87,97.4766723332986,0.393327666701416
2017-07-17,97.795,97.4623058270697,0.332694172930344
2017-07-18,97.665,97.4479974986126,0.217002501387436
2017-07-19,97.645,97.4337460161494,0.211253983850552
2017-07-20,97.8,97.4195501376026,0.380449862397384
2017-07-21,97.73,97.4054087082182,0.324591291781841
2017-07-24,97.79,97.391320730505,0.39867926949498
2017-07-25,97.64,97.3772853411451,0.262714658854901
2017-07-26,97.525,97.3633018416182,0.161698158381833
2017-07-27,97.53,97.3493696419998,0.180630358000245
2017-07-28,97.455,97.3354882192049,0.119511780795136
2017-07-31,97.34,97.3216571248138,0.0183428751861848
2017-08-01,97.215,97.3078759598084,-0.0928759598084057
2017-08-02,97.255,97.2941443327525,-0.0391443327524625
2017-08-03,97.29,97.2804618138187,0.00953818618128635
2017-08-04,97.34,97.2668279569993,0.0731720430007392
2017-08-07,97.15,97.2532423202288,-0.10324232022881
2017-08-08,97.15,97.2397044916885,-0.0897044916884677
2017-08-09,97.05,97.2262140168831,-0.17621401688314
2017-08-10,97.16,97.2127704042375,-0.0527704042374978
2017-08-11,97.295,97.1993730893364,0.095626910663552
2017-08-14,97.425,97.1860214859517,0.23897851404833
2017-08-15,97.395,97.1727150473832,0.222284952616793
2017-08-16,97.31,97.1594533257151,0.150546674284847
2017-08-17,97.33,97.1462359649154,0.183764035084626
2017-08-18,97.335,97.1330626711816,0.201937328818408
2017-08-21,97.245,97.1199332266722,0.125066773327785
2017-08-22,97.255,97.1068474970184,0.148152502981598
2017-08-23,97.29,97.0938053995489,0.196194600451082
2017-08-24,97.29,97.0808069128328,0.209193087167202
2017-08-25,97.25,97.0678520965381,0.182147903461913
2017-08-28,97.205,97.0549410968047,0.150058903195286
2017-08-29,97.19,97.0420741350653,0.147925864934696
2017-08-30,97.21,97.0292514947809,0.180748505219096
2017-08-31,97.385,97.016473520559,0.368526479440974
2017-09-01,97.32,97.0037406317214,0.316259368278626
2017-09-04,97.21,96.9910533999236,0.218946600076376
2017-09-11,97.625,96.9784125275505,0.646587472449519
2017-09-12,97.665,96.9658188074904,0.699181192509656
2017-09-13,97.54,96.9532732999048,0.5867267000952
2017-09-14,97.73,96.9407773539689,0.789222646031115
2017-09-15,97.69,96.9283325613868,0.761667438613188
2017-09-18,97.495,96.9159408400958,0.57905915990425
2017-09-19,97.6,96.9036044228755,0.696395577124487
2017-09-20,97.52,96.8913257818657,0.628674218134287
2017-09-21,97.45,96.8791076770679,0.570892322932083
2017-09-22,97.555,96.8669531283523,0.688046871647662
2017-09-25,97.64,96.8548653915731,0.785134608426928
2017-09-26,97.645,96.8428480069951,0.802151993004889
2017-09-27,97.625,96.8309048394265,0.794095160573505
2017-09-28,97.72,96.8190400852528,0.900959914747214
2017-09-29,97.695,96.8072582691064,0.887741730893644
2017-10-09,97.47,96.7955642880405,0.674435711959498
2017-10-10,97.44,96.7839634060648,0.656036593935177
2017-10-11,97.41,96.7724611659739,0.637538834026096
2017-10-12,97.255,96.7610633817413,0.493936618258666
2017-10-13,97.25,96.7497761308734,0.50022386912663
2017-10-16,97.02,96.7386056950501,0.281394304949868
2017-10-17,96.79,96.7275585627241,0.062441437275924
2017-10-18,96.84,96.7166413386647,0.123358661335338
2017-10-19,96.985,96.7058606534523,0.279139346547736
2017-10-20,96.99,96.6952231886588,0.294776811341211
2017-10-23,97.02,96.684735741241,0.33526425875895
2017-10-24,96.98,96.6744052300047,0.305594769995304
2017-10-25,96.65,96.6642387123403,-0.0142387123402678
2017-10-26,96.71,96.6542433719585,0.0557566280414656
2017-10-27,96.355,96.6444263866849,-0.289426386684851
2017-10-30,95.955,96.6347949573923,-0.679794957392278
2017-10-31,96.065,96.6253561653166,-0.56035616531658
2017-11-01,96.155,96.6161168106933,-0.461116810693347
2017-11-02,96.07,96.6070834621294,-0.537083462129428
2017-11-03,96.105,96.5982624976251,-0.493262497625078
2017-11-06,96.17,96.5896600731716,-0.419660073171606
2017-11-07,95.93,96.581282140865,-0.651282140865008
2017-11-08,96.05,96.5731344793312,-0.52313447933124
2017-11-09,96.02,96.5652225979817,-0.54522259798167
2017-11-10,95.99,96.5575517899859,-0.567551789985877
2017-11-13,95.67,96.5501271231394,-0.880127123139447
2017-11-14,95.89,96.5429534306356,-0.652953430635598
2017-11-15,96.02,96.5360351818584,-0.516035181858435
2017-11-16,96.125,96.5293765762864,-0.40437657628639
2017-11-17,96.025,96.5229816000904,-0.497981600090432
2017-11-20,95.955,96.5168540722888,-0.56185407228882
2017-11-21,95.94,96.5109976060535,-0.57099760605349
2017-11-22,95.615,96.505415582309,-0.890415582309045
2017-11-23,95.635,96.5001111459523,-0.865111145952288
2017-11-24,95.785,96.4950870738185,-0.710087073818548
2017-11-27,95.835,96.4903457851403,-0.655345785140309
2017-11-28,95.76,96.4858894056288,-0.725889405628755
2017-11-29,96.115,96.4817197901025,-0.366719790102515
2017-11-30,96.365,96.4778384933254,-0.112838493325357
2017-12-11,96.2,96.474246918474,-0.274246918473983
2017-12-12,96.11,96.4709464220826,-0.360946422082633
2017-12-13,96.165,96.4679382473231,-0.302938247323071
2017-12-14,96.29,96.465223488166,-0.175223488166015
2017-12-15,96.435,96.46280311336,-0.0278031133599796
2017-12-18,96.415,96.4606780192227,-0.0456780192227238
2017-12-19,96.395,96.4588490905793,-0.0638490905793036
2017-12-20,96.425,96.4573171933739,-0.0323171933739326
2017-12-21,96.45,96.4560831671575,-0.00608316715751261
2017-12-22,96.64,96.4551478381222,0.18485216187775
2017-12-25,96.57,96.4545120299465,0.115487970053475
2017-12-26,96.47,96.454176642719,0.0158233572809779
2017-12-27,96.49,96.454142624266,0.0358573757339574
2017-12-28,96.505,96.4544109289548,0.0505890710452268
2017-12-29,96.605,96.4549825259745,0.150017474025491
2018-01-02,96.26,96.4558584054259,-0.195858405425869
2018-01-03,96.29,96.4570396194207,-0.167039619420683
2018-01-04,96.25,96.4585271391111,-0.208527139111075
2018-01-05,96.26,96.4603218666014,-0.200321866601439
2018-01-08,96.4,96.4624246177997,-0.0624246177996841
2018-01-09,96.41,96.4648361258086,-0.0548361258085564
2018-01-10,96.2,96.4675570979267,-0.267557097926703
2018-01-11,96.045,96.4705882187859,-0.425588218785922
2018-01-12,96.145,96.4739300624212,-0.328930062421166
2018-01-15,96.005,96.4775830269458,-0.472583026945835
2018-01-16,95.985,96.481547374507,-0.496547374507023
2018-01-17,95.84,96.485823171905,-0.645823171904957
2018-01-18,95.66,96.4904102806868,-0.830410280686773
2018-01-19,95.635,96.4953082954428,-0.860308295442826
2018-01-22,95.795,96.500516467505,-0.705516467504991
2018-01-23,95.81,96.5060336925881,-0.696033692588058
2018-01-24,95.865,96.5118585747753,-0.646858574775323
2018-01-25,95.955,96.5179894304374,-0.562989430437447
2018-01-26,95.96,96.5244243085594,-0.564424308559373
2018-01-29,95.945,96.5311610254091,-0.586161025409155
2018-01-30,95.875,96.5381971639449,-0.663197163944892
2018-01-31,95.915,96.5455300648292,-0.63053006482916
2018-02-01,96.045,96.5531567945849,-0.508156794584909
2018-02-02,95.95,96.5610741590996,-0.611074159099617
2018-02-05,95.88,96.5692787542095,-0.689278754209495
2018-02-06,96.03,96.577766923157,-0.547766923157042
2018-02-07,96.035,96.5865347242642,-0.551534724264167
2018-02-08,95.885,96.595577989429,-0.710577989429029
2018-02-09,96.075,96.6048923225665,-0.529892322566505
2018-02-12,96.185,96.6144730338673,-0.429473033867283
2018-02-13,96.08,96.6243152144866,-0.544315214486554
2018-02-14,96.05,96.6344137780517,-0.584413778051701
2018-02-22,95.905,96.6447634131929,-0.739763413192903
2018-02-23,96.085,96.6553585669665,-0.57035856696649
2018-02-26,96.35,96.666193380641,-0.31619338064101
2018-02-27,96.695,96.6772617597216,0.0177382402784074
2018-02-28,96.7,96.6885574790113,0.0114425209886967
2018-03-01,96.675,96.7000743206453,-0.02507432064528
2018-03-02,96.69,96.7118060714894,-0.0218060714893817
2018-03-06,96.695,96.7237465080442,-0.0287465080442452
2018-03-07,96.6,96.7358893977966,-0.135889397796652
2018-03-08,96.35,96.7482284963508,-0.398228496350819
2018-03-09,96.735,96.7607575031403,-0.0257575031402998
2018-03-12,96.605,96.7734699529863,-0.168469952986328
2018-03-13,96.445,96.7863593700633,-0.341359370063312
2018-03-14,96.445,96.7994192089069,-0.35441920890689
2018-03-15,96.495,96.8126427829485,-0.317642782948481
2018-03-16,96.5,96.8260232591167,-0.326023259116733
2018-03-19,96.54,96.8395536730398,-0.299553673039761
2018-03-20,96.675,96.8532269255806,-0.178226925580625
2018-03-21,96.66,96.8670357937791,-0.207035793779067
2018-03-22,96.765,96.8809729810028,-0.115972981002847
2018-03-23,97.05,96.8950311050394,0.154968894960644
2018-03-26,96.975,96.9092027357377,0.0657972642623319
2018-03-27,96.96,96.9234805070046,0.0365194929953743
2018-03-28,96.975,96.937857079945,0.0371429200549568
2018-03-29,96.96,96.9523251307595,0.00767486924052301
2018-03-30,96.935,96.9668773510018,-0.0318773510017523
2018-04-02,96.91,96.9815064353984,-0.0715064353983752
2018-04-03,96.83,96.9962050654989,-0.166205065498875
2018-04-04,96.845,97.0109658932949,-0.16596589329485
2018-04-09,96.97,97.0257815020756,-0.055781502075598
2018-04-10,96.795,97.0406444065267,-0.245644406526669
2018-04-11,96.935,97.0555470982758,-0.120547098275743
2018-04-12,97.035,97.0704819674111,-0.0354819674110689
2018-04-13,97.065,97.0854413541915,-0.0204413541915183
2018-04-16,97.35,97.1004175842092,0.249582415790784
2018-04-17,97.44,97.1154029746066,0.324597025393422
2018-04-18,98.04,97.1303899456934,0.909610054306623
2018-04-19,97.94,97.1453710519548,0.794628948045224
2018-04-20,97.95,97.1603392238721,0.789660776127906
2018-04-23,97.79,97.1752877203944,0.614712279605609
2018-04-24,97.93,97.1902101268846,0.739789873115373
2018-04-25,97.84,97.2051002828032,0.634899717196821
2018-04-26,97.92,97.2199523334098,0.700047666590217
2018-04-27,97.69,97.2347606864062,0.455239313593811
2018-05-02,97.565,97.2495200388657,0.315479961134252
2018-05-03,97.83,97.2642252760394,0.565774723960619
2018-05-04,97.975,97.2788714135847,0.696128586415285
2018-05-07,97.875,97.293453701028,0.58154629897203
2018-05-08,97.77,97.3079676756469,0.462032324353044
2018-05-09,97.67,97.3224091151072,0.347590884892801
2018-05-10,97.83,97.3367739880599,0.493226011940124
2018-05-11,97.775,97.3510584068363,0.423941593163675
2018-05-14,97.77,97.3652586876477,0.404741312352287
2018-05-15,97.68,97.3793713219454,0.300628678054559
2018-05-16,97.69,97.3933929684848,0.296607031515234
2018-05-17,97.45,97.4073204102888,0.042679589711195
2018-05-18,97.36,97.421150552986,-0.0611505529860045
2018-05-21,97.465,97.4348803198468,0.0301196801531829
2018-05-22,97.62,97.4485066088647,0.171493391135281
2018-05-23,97.58,97.4620263304834,0.117973669516632
2018-05-24,97.515,97.4754364660348,0.0395635339652447
2018-05-25,97.72,97.4887340456165,0.231265954383521
2018-05-28,97.65,97.5019161156803,0.148083884319712
2018-05-29,97.66,97.5149798182737,0.145020181726288
2018-05-30,97.785,97.5279223566567,0.257077643343343
2018-05-31,97.74,97.5407409940339,0.199259005966051
2018-06-01,97.7,97.5534330998764,0.146566900123608
2018-06-11,97.55,97.5659961260204,-0.0159961260203553
2018-06-12,97.38,97.5784275848869,-0.198427584886889
2018-06-13,97.54,97.5907249822852,-0.0507249822852079
2018-06-14,97.695,97.6028857420022,0.0921142579977476
2018-06-15,97.795,97.6149072668573,0.180092733142686
2018-06-19,98.02,97.6267869977462,0.393213002253815
2018-06-20,97.785,97.6385224500077,0.146477549992255
2018-06-21,98,97.6501113015191,0.349888698480915
2018-06-22,98.125,97.6615512907054,0.463448709294572
2018-06-25,98.06,97.6728403006219,0.38715969937814
2018-06-26,98.065,97.6839764058946,0.381023594105374
2018-06-27,98.185,97.6949578411862,0.490042158813821
2018-06-28,98.275,97.7057829986589,0.569217001341058
2018-06-29,98.39,97.7164504730389,0.673549526961139
2018-07-02,98.555,97.7269590943432,0.828040905656778
2018-07-03,98.35,97.7373079710077,0.612692028992333
2018-07-04,98.315,97.7474965537466,0.567503446253385
2018-07-05,98.355,97.757524546537,0.597475453462989
2018-07-06,98.19,97.7673918879385,0.422608112061511
2018-07-09,98.115,97.7770987634832,0.337901236516796
2018-07-10,98.125,97.7866455333926,0.338354466607392
2018-07-11,98.32,97.7960326975628,0.523967302437169
2018-07-12,98.25,97.8052608957521,0.444739104247909
2018-07-13,98.425,97.814330984306,0.610669015693981
2018-07-16,98.495,97.8232440034069,0.671755996593148
2018-07-17,98.495,97.8320012456632,0.662998754336834
2018-07-18,98.495,97.8406042813605,0.654395718639507
2018-07-19,98.705,97.8490549548413,0.85594504515865
2018-07-20,98.185,97.8573553809491,0.327644619050907
2018-07-23,98.26,97.8655080283404,0.394491971659585
2018-07-24,98.095,97.873515501107,0.221484498892976
2018-07-25,98.16,97.8813805664079,0.278619433592098
2018-07-26,98.235,97.8891060829547,0.345893917045273
2018-07-27,98.365,97.8966950246291,0.468304975370907
2018-07-30,98.39,97.9041505082915,0.485849491708544
2018-07-31,98.51,97.9114758443806,0.598524155619388
2018-08-01,98.63,97.9186745441663,0.71132545583374
2018-08-02,98.555,97.9257503663235,0.629249633676557
2018-08-03,98.67,97.9327073635609,0.737292636439104
2018-08-06,98.565,97.9395498486938,0.625450151306174
2018-08-07,98.515,97.9462824393044,0.568717560695591
2018-08-08,98.23,97.9529100115108,0.277089988489242
2018-08-09,98.12,97.9594376765161,0.160562323483853
2018-08-10,97.985,97.9658706600615,0.019129339938523
2018-08-13,97.825,97.9722142542578,-0.147214254257805
2018-08-14,97.96,97.9784737591234,-0.0184737591234137
2018-08-15,97.875,97.9846544138242,-0.109654413824162
2018-08-16,97.65,97.9907614498897,-0.340761449889697
2018-08-17,97.58,97.9968000535229,-0.416800053522878
2018-08-20,97.575,98.0027752700695,-0.42777527006947
2018-08-21,97.5,98.0086919725867,-0.508691972586731
2018-08-22,97.53,98.014554857307,-0.484554857306984
2018-08-23,97.61,98.0203684101897,-0.410368410189688
2018-08-24,97.595,98.0261369168989,-0.43113691689888
2018-08-27,97.58,98.0318644934687,-0.451864493468708
2018-08-28,97.735,98.0375550777187,-0.302555077718664
2018-08-29,97.715,98.0432124206857,-0.328212420685664
2018-08-30,97.805,98.0488401483425,-0.243840148342543
2018-08-31,97.9,98.0544417509923,-0.154441750992277
2018-09-03,97.8,98.0600206181442,-0.260020618144165
2018-09-04,97.7,98.0655800754674,-0.365580075467438
2018-09-05,97.66,98.0711233411493,-0.411123341149312
2018-09-06,97.685,98.0766534822609,-0.391653482260846
2018-09-07,97.6,98.0821733959313,-0.482173395931318
2018-09-17,97.665,98.0876858173961,-0.422685817396123
2018-09-18,97.57,98.0931932825796,-0.52319328257965
2018-09-19,97.41,98.0986981526849,-0.688698152684883
2018-09-20,97.235,98.1042025726478,-0.869202572647801
2018-09-21,97.41,98.1097084027242,-0.69970840272424
2018-09-25,97.425,98.1152171438766,-0.690217143876638
2018-09-26,97.605,98.1207300078361,-0.515730007836117
2018-09-27,97.735,98.1262479210258,-0.39124792102581
2018-09-28,97.76,98.1317715966868,-0.371771596686769
2018-10-08,97.735,98.1373015863339,-0.402301586333926
2018-10-09,97.81,98.1428382878067,-0.332838287806736
2018-10-10,97.85,98.1483819326494,-0.298381932649411
2018-10-11,98.06,98.1539326148241,-0.093932614824139
2018-10-12,98.05,98.1594903049541,-0.109490304954069
2018-10-15,98,98.1650549348343,-0.165054934834349
2018-10-16,98.07,98.1706263910013,-0.100626391001267
2018-10-17,98.01,98.176204491764,-0.166204491763982
2018-10-18,98.125,98.1817890138368,-0.0567890138368321
2018-10-19,98.08,98.1873796652318,-0.107379665231833
2018-10-22,97.975,98.1929761304867,-0.217976130486739
2018-10-23,98.085,98.1985780497529,-0.113578049752857
2018-10-24,98.155,98.2041849730789,-0.0491849730789284
2018-10-25,98.19,98.2097964035651,-0.0197964035651148
2018-10-26,98.2,98.2154118239805,-0.0154118239804529
2018-10-29,98.375,98.221030708911,0.153969291089029
2018-10-30,98.35,98.2266525265721,0.123347473427942
2018-10-31,98.365,98.2322768088238,0.132723191176193
2018-11-01,98.39,98.2379031385132,0.152096861486792
2018-11-02,98.13,98.2435311533497,-0.113531153349694
2018-11-05,98.19,98.2491605539134,-0.0591605539133927
2018-11-06,98.375,98.2547909938552,0.120209006144756
2018-11-07,98.465,98.2604221023716,0.204577897628416
2018-11-08,98.57,98.2660535583483,0.303946441651666
2018-11-09,98.54,98.2716851252356,0.268314874764359
