"UR0Date","UR0Close","UR0_hpft","UR0_hpfc"
2019-08-12,1716,1764.34209124275,-48.3420912427518
2019-08-13,1767,1763.60155285948,3.39844714051574
2019-08-14,1732,1762.86099449354,-30.8609944935401
2019-08-15,1738,1762.12039756702,-24.1203975670242
2019-08-16,1739,1761.37973074535,-22.3797307453474
2019-08-19,1741,1760.63895272352,-19.6389527235178
2019-08-20,1741,1759.89801294566,-18.8980129456623
2019-08-21,1718,1759.15685273796,-41.1568527379552
2019-08-22,1723,1758.41540561489,-35.4154056148928
2019-08-23,1720,1757.67358807836,-37.6735880783628
2019-08-26,1736,1756.93130199099,-20.9313019909878
2019-08-27,1738,1756.18843364262,-18.188433642623
2019-08-28,1750,1755.44486067097,-5.44486067096741
2019-08-29,1786,1754.70045319535,31.299546804648
2019-08-30,1789,1753.95507908442,35.0449209155803
2019-09-02,1796,1753.20861914479,42.7913808552092
2019-09-03,1791,1752.46096866924,38.5390313307567
2019-09-04,1813,1751.7120406388,61.2879593612038
2019-09-05,1812,1750.96176396495,61.0382360350514
2019-09-06,1820,1750.21009289318,69.789907106821
2019-09-09,1823,1749.45700689972,73.5429931002771
2019-09-10,1811,1748.70251430915,62.2974856908486
2019-09-11,1817,1747.94665384575,69.0533461542476
2019-09-12,1815,1747.18948998509,67.8105100149067
2019-09-16,1790,1746.43111574661,43.5688842533886
2019-09-17,1781,1745.67165217989,35.3283478201107
2019-09-18,1785,1744.91123834413,40.0887616558706
2019-09-19,1778,1744.15002790185,33.8499720981461
2019-09-20,1760,1743.38819108667,16.6118089133322
2019-09-23,1763,1742.62591212439,20.374087875608
2019-09-24,1772,1741.8633821075,30.1366178924975
2019-09-25,1756,1741.1008005503,14.8991994496966
2019-09-26,1758,1740.33837942436,17.6616205756354
2019-09-27,1749,1739.57633685999,9.4236631400145
2019-09-30,1755,1738.81489828807,16.1851017119281
2019-10-08,1753,1738.05429303489,14.9457069651102
2019-10-09,1769,1737.29475711698,31.705242883022
2019-10-10,1758,1736.53653272882,21.4634672711753
2019-10-11,1752,1735.7798751706,16.220124829403
2019-10-14,1739,1735.02504861459,3.97495138540526
2019-10-15,1737,1734.27232393786,2.72767606213945
2019-10-16,1730,1733.52197366053,-3.52197366053348
2019-10-17,1715,1732.77427143024,-17.7742714302428
2019-10-18,1714,1732.0294894388,-18.0294894387966
2019-10-21,1700,1731.28789253083,-31.287892530825
2019-10-22,1683,1730.54973809829,-47.5497380982949
2019-10-23,1679,1729.81527060001,-50.8152706000094
2019-10-24,1683,1729.08471483963,-46.0847148396341
2019-10-25,1680,1728.35827461584,-48.3582746158386
2019-10-28,1685,1727.63613467772,-42.6361346777203
2019-10-29,1686,1726.91845978501,-40.9184597850108
2019-10-30,1690,1726.20539707339,-36.2053970733896
2019-10-31,1686,1725.49707676447,-39.4970767644737
2019-11-01,1687,1724.79361411404,-37.7936141140355
2019-11-04,1682,1724.09510805135,-42.0951080513456
2019-11-05,1702,1723.40164188331,-21.4016418833117
2019-11-06,1683,1722.71328151641,-39.7132815164145
2019-11-07,1668,1722.03008401056,-54.0300840105597
2019-11-08,1643,1721.35209000978,-78.352090009777
2019-11-11,1636,1720.67931782422,-84.6793178242249
2019-11-12,1646,1720.01175337647,-74.0117533764726
2019-11-13,1649,1719.34934758606,-70.3493475860607
2019-11-14,1635,1718.69202077904,-83.6920207790365
2019-11-15,1647,1718.03966420187,-71.0396642018669
2019-11-18,1605,1717.3921345061,-112.392134506104
2019-11-19,1604,1716.74925897835,-112.749258978346
2019-11-20,1601,1716.11081844681,-115.110818446812
2019-11-21,1600,1715.47654713372,-115.476547133724
2019-11-22,1624,1714.8461316791,-90.846131679099
2019-11-25,1660,1714.2192109896,-54.2192109895999
2019-11-26,1655,1713.59538641975,-58.5953864197535
2019-11-27,1673,1712.97423691204,-39.9742369120426
2019-11-28,1672,1712.35531718797,-40.3553171879742
2019-11-29,1675,1711.73816544532,-36.7381654453157
2019-12-02,1661,1711.12230320057,-50.1223032005697
2019-12-03,1661,1710.50723678415,-49.5072367841537
2019-12-04,1682,1709.89245180795,-27.8924518079451
2019-12-05,1720,1709.27741341952,10.7225865804828
2019-12-06,1726,1708.66157523683,17.3384247631727
2019-12-09,1742,1708.04439531012,33.9556046898825
2019-12-10,1741,1707.42533885664,33.5746611433643
2019-12-11,1732,1706.80388512952,25.1961148704821
2019-12-12,1717,1706.17952726031,10.8204727396917
2019-12-13,1710,1705.55176879561,4.4482312043903
2019-12-16,1703,1704.92011775479,-1.92011775478551
2019-12-17,1702,1704.28408399591,-2.28408399590651
2019-12-18,1706,1703.64317658335,2.35682341665221
2019-12-19,1714,1702.99690363735,11.0030963626532
2019-12-20,1715,1702.34477425234,12.6552257476594
2019-12-23,1716,1701.68630207103,14.3136979289747
2019-12-24,1700,1701.02100596722,-1.02100596721791
2019-12-25,1705,1700.34841073148,4.65158926851568
2019-12-26,1714,1699.66804073232,14.3319592676793
2019-12-27,1711,1698.97942226102,12.0205777389761
2019-12-30,1715,1698.28208753313,16.7179124668727
2019-12-31,1723,1697.57557373302,25.4244262669812
2020-01-02,1716,1696.85942495556,19.1405750444356
2020-01-03,1714,1696.13319580507,17.8668041949312
2020-01-06,1728,1695.39644879781,32.6035512021938
2020-01-07,1742,1694.64875383543,47.3512461645728
2020-01-08,1745,1693.88969429664,51.1103057033625
2020-01-09,1731,1693.11887313319,37.8811268668096
2020-01-10,1738,1692.33591442381,45.6640855761929
2020-01-13,1762,1691.54045790576,70.4595420942409
2020-01-14,1755,1690.73216219198,64.2678378080215
2020-01-15,1758,1689.91071502057,68.0892849794295
2020-01-16,1757,1689.07583069535,67.9241693046466
2020-01-17,1746,1688.22725166557,57.772748334435
2020-01-20,1749,1687.3647484575,61.6352515424995
2020-01-21,1720,1686.48811547843,33.5118845215721
2020-01-22,1716,1685.59717261315,30.4028273868528
2020-01-23,1710,1684.69175359887,25.3082464011274
2020-02-03,1650,1683.77170474019,-33.7717047401872
2020-02-04,1692,1682.83688280309,9.16311719691505
2020-02-05,1702,1681.88713059367,20.1128694063326
2020-02-06,1708,1680.92229470572,27.0777052942813
2020-02-07,1713,1679.94223004684,33.0577699531616
2020-02-10,1719,1678.9468027175,40.0531972824981
2020-02-11,1736,1677.93589248292,58.0641075170763
2020-02-12,1735,1676.9093956647,58.0906043352987
2020-02-13,1732,1675.86723258578,56.132767414219
2020-02-14,1737,1674.80934758145,62.1906524185525
2020-02-17,1753,1673.73570819001,79.2642918099895
2020-02-18,1753,1672.64630765689,80.3536923431125
2020-02-19,1756,1671.54117199217,84.4588280078269
2020-02-20,1747,1670.42036042095,76.5796395790456
2020-02-21,1793,1669.28396708019,123.716032919812
2020-02-24,1807,1668.1321177618,138.8678822382
2020-02-25,1809,1666.96498939695,142.035010603053
2020-02-26,1789,1665.78281631912,123.217183680878
2020-02-27,1754,1664.58589157343,89.4141084265672
2020-02-28,1749,1663.37455913801,85.6254408619925
2020-03-02,1767,1662.14919995119,104.85080004881
2020-03-03,1777,1660.91023034543,116.089769654574
2020-03-04,1816,1659.65810999424,156.341890005763
2020-03-05,1810,1658.39334655802,151.606653441978
2020-03-06,1827,1657.11651232262,169.883487677384
2020-03-09,1761,1655.82824224197,105.17175775803
2020-03-10,1767,1654.52924149301,112.47075850699
2020-03-11,1752,1653.22025872645,98.7797412735472
2020-03-12,1724,1651.90208908387,72.097910916128
2020-03-13,1727,1650.57556853847,76.4244314615346
2020-03-16,1697,1649.24156286577,47.7584371342285
2020-03-17,1699,1647.90096943212,51.0990305678751
2020-03-18,1681,1646.55470534529,34.4452946547097
2020-03-19,1646,1645.2037088353,0.796291164700469
2020-03-20,1654,1643.84893237049,10.1510676295079
2020-03-23,1647,1642.49132874836,4.50867125164113
2020-03-24,1655,1641.13185496244,13.8681450375599
2020-03-25,1651,1639.77146986997,11.2285301300268
2020-03-26,1651,1638.41113806073,12.5888619392684
2020-03-27,1649,1637.05182876591,11.9481712340917
2020-03-30,1621,1635.69451642044,-14.6945164204385
2020-03-31,1607,1634.34018039813,-27.3401803981263
2020-04-01,1625,1632.98979399868,-7.98979399868158
2020-04-02,1629,1631.64431922045,-2.64431922045261
2020-04-03,1636,1630.30471475916,5.69528524084179
2020-04-07,1695,1628.97193821744,66.0280617825582
2020-04-08,1674,1627.64694955216,46.3530504478372
2020-04-09,1676,1626.33073601351,49.6692639864947
2020-04-10,1681,1625.02430401218,55.9756959878224
2020-04-13,1703,1623.72868049014,79.2713195098647
2020-04-14,1712,1622.44491552744,89.5550844725595
2020-04-15,1703,1621.17409197171,81.8259080282892
2020-04-16,1696,1619.91732968911,76.0826703108872
2020-04-17,1547,1618.67578236924,-71.6757823692441
2020-04-20,1566,1617.45063515129,-51.4506351512901
2020-04-21,1534,1616.24304354651,-82.24304354651
2020-04-22,1522,1615.05414179861,-93.054141798607
2020-04-23,1543,1613.88503015524,-70.8850301552427
2020-04-24,1526,1612.73677039928,-86.7367703992819
2020-04-27,1535,1611.61039501253,-76.6103950125274
2020-04-28,1503,1610.50690062336,-107.506900623356
2020-04-29,1509,1609.42725219239,-100.427252192395
2020-04-30,1520,1608.37237024129,-88.372370241293
2020-05-06,1519,1607.34313377909,-88.3431337790934
2020-05-07,1522,1606.34038528535,-84.3403852853506
2020-05-08,1511,1605.36493072196,-94.3649307219614
2020-05-11,1514,1604.417541188,-90.4175411879992
2020-05-12,1539,1603.49894877586,-64.4989487758596
2020-05-13,1536,1602.60984820295,-66.6098482029526
2020-05-14,1539,1601.75090752544,-62.7509075254358
2020-05-15,1552,1600.92276726562,-48.922767265619
2020-05-18,1546,1600.1260420071,-54.1260420071015
2020-05-19,1526,1599.36132611081,-73.3613261108061
2020-05-20,1538,1598.62919156403,-60.6291915640281
2020-05-21,1539,1597.93018002953,-58.9301800295305
2020-05-22,1532,1597.26480810847,-65.2648081084704
2020-05-25,1545,1596.63356804248,-51.6335680424848
2020-05-26,1533,1596.03692509553,-63.0369250955255
2020-05-27,1540,1595.47532318813,-55.4753231881324
2020-05-28,1537,1594.94918018395,-57.9491801839545
2020-05-29,1533,1594.45889101554,-61.4588910155411
2020-06-01,1537,1594.00482666139,-57.0048266613891
2020-06-02,1539,1593.5873326955,-54.5873326955014
2020-06-03,1562,1593.20673112824,-31.2067311282409
2020-06-04,1555,1592.86332140579,-37.8633214057866
2020-06-05,1559,1592.55739007479,-33.5573900747929
2020-06-08,1563,1592.2892080307,-29.2892080306971
2020-06-09,1536,1592.0590322977,-56.0590322976997
2020-06-10,1536,1591.86710779295,-55.8671077929469
2020-06-11,1522,1591.71365626108,-69.7136562610781
2020-06-12,1524,1591.59887635343,-67.5988763534314
2020-06-15,1525,1591.52293790473,-66.5229379047268
2020-06-16,1536,1591.48598280679,-55.4859828067913
2020-06-17,1525,1591.48812545369,-66.4881254536858
2020-06-18,1524,1591.52945730403,-67.5294573040258
2020-06-19,1525,1591.61004233238,-66.6100423323823
2020-06-22,1517,1591.72991659962,-74.729916599617
2020-06-23,1513,1591.88908863274,-78.8890886327388
2020-06-24,1506,1592.08753606835,-86.0875360683529
2020-06-29,1526,1592.32520393346,-66.3252039334574
2020-06-30,1506,1592.60200167003,-86.6020016700303
2020-07-01,1507,1592.91781130378,-85.9178113037799
2020-07-02,1513,1593.27247906265,-80.2724790626471
2020-07-03,1531,1593.66581565969,-62.6658156596879
2020-07-06,1539,1594.09759862645,-55.0975986264525
2020-07-07,1530,1594.56757959098,-64.5675795909805
2020-07-08,1545,1595.07548740619,-50.0754874061873
2020-07-09,1547,1595.62102423536,-48.6210242353553
2020-07-10,1544,1596.20387154265,-52.2038715426479
2020-07-13,1547,1596.82369069401,-49.8236906940082
2020-07-14,1542,1597.4801214766,-55.4801214765989
2020-07-15,1537,1598.17278308246,-61.1727830824607
2020-07-16,1540,1598.90127177036,-58.9012717703568
2020-07-17,1528,1599.66515851264,-71.6651585126397
2020-07-20,1538,1600.4639899343,-62.4639899343005
2020-07-21,1545,1601.29728303688,-56.2972830368826
2020-07-22,1611,1602.16452900169,8.83547099830908
2020-07-23,1631,1603.06519573916,27.9348042608419
2020-07-24,1640,1603.99875481178,36.0012451882238
2020-07-27,1624,1604.96468932924,19.0353106707631
2020-07-28,1565,1605.96249728281,-40.9624972828071
2020-07-29,1629,1606.99168453199,22.008315468012
2020-07-30,1626,1608.05174000417,17.9482599958345
2020-07-31,1660,1609.14216172403,50.8578382759721
2020-08-03,1718,1610.26245513541,107.737544864585
2020-08-04,1769,1611.41214670467,157.58785329533
2020-08-05,1770,1612.59080743252,157.40919256748
2020-08-06,1732,1613.79807346021,118.201926539789
2020-08-07,1725,1615.0336459956,109.966354004398
2020-08-10,1668,1616.29727510643,51.7027248935654
2020-08-11,1704,1617.58875631624,86.4112436837565
2020-08-12,1680,1618.90790652021,61.0920934797857
2020-08-13,1683,1620.25457833264,62.7454216673596
2020-08-14,1656,1621.62864962073,34.3713503792674
2020-08-17,1632,1623.03002418811,8.96997581189369
2020-08-18,1674,1624.45862004617,49.5413799538296
2020-08-19,1640,1625.91435891411,14.0856410858851
2020-08-20,1660,1627.39718298968,32.6028170103184
2020-08-21,1641,1628.90704029283,12.0929597071682
2020-08-24,1649,1630.44389232039,18.5561076796137
2020-08-25,1655,1632.00770556782,22.9922944321762
2020-08-26,1688,1633.59845420107,54.4015457989279
2020-08-27,1681,1635.21612189,45.7838781100021
2020-08-28,1700,1636.86071479199,63.1392852080116
2020-08-31,1634,1638.53225798966,-4.53225798966015
2020-09-01,1635,1640.2308026648,-5.23080266480092
2020-09-02,1638,1641.95639812569,-3.95639812569435
2020-09-03,1607,1643.70909151859,-36.7090915185898
2020-09-04,1613,1645.4889283542,-32.4889283542033
2020-09-07,1634,1647.29593896923,-13.2959389692319
2020-09-08,1626,1649.13014027072,-23.1301402707159
2020-09-09,1637,1650.99154366972,-13.9915436697206
2020-09-10,1644,1652.88015101624,-8.88015101623973
2020-09-11,1635,1654.79595837672,-19.7959583767246
2020-09-14,1662,1656.73895814694,5.26104185306191
2020-09-15,1664,1658.70913453974,5.29086546026094
2020-09-16,1633,1660.70647394272,-27.7064739427243
2020-09-17,1645,1662.73096493057,-17.7309649305749
2020-09-18,1674,1664.78258462513,9.21741537487053
2020-09-21,1638,1666.86130281904,-28.8613028190391
2020-09-22,1631,1668.96709311504,-37.9670931150394
2020-09-23,1631,1671.09991718574,-40.0999171857391
2020-09-24,1627,1673.25972100969,-46.2597210096888
2020-09-25,1627,1675.44643398975,-48.446433989755
2020-09-28,1606,1677.65996640692,-71.6599664069187
2020-09-29,1601,1679.90020851631,-78.9002085163087
2020-09-30,1634,1682.16702095173,-48.1670209517286
2020-10-09,1642,1684.46023173281,-42.4602317328093
2020-10-12,1639,1686.77964896891,-47.7796489689051
2020-10-13,1649,1689.12506321788,-40.1250632178784
2020-10-14,1648,1691.49624528755,-43.4962452875534
2020-10-15,1638,1693.89294939965,-55.8929493996498
2020-10-16,1647,1696.31491179625,-49.314911796245
2020-10-19,1711,1698.76184561552,12.2381543844838
2020-10-20,1675,1701.23344361088,-26.23344361088
2020-10-21,1700,1703.72940359446,-3.7294035944631
2020-10-22,1703,1706.24941253458,-3.2494125345782
2020-10-23,1703,1708.79315585794,-5.79315585793694
2020-10-26,1705,1711.36031764811,-6.36031764810632
2020-10-27,1724,1713.95057959399,10.0494204060071
2020-10-28,1724,1716.56362075532,7.43637924468201
2020-10-29,1717,1719.19912434593,-2.19912434593237
2020-10-30,1761,1721.85677665351,39.1432233464907
2020-11-02,1759,1724.53626305678,34.4637369432184
2020-11-03,1706,1727.23728511464,-21.2372851146387
2020-11-04,1709,1729.95955863186,-20.9595586318574
2020-11-05,1718,1732.70279063473,-14.7027906347301
2020-11-06,1738,1735.46667948555,2.53332051445079
2020-11-09,1756,1738.2509174692,17.7490825308018
2020-11-10,1725,1741.0551979176,-16.0551979176
2020-11-11,1747,1743.87922149955,3.12077850044816
2020-11-12,1793,1746.7226822472,46.2773177527983
2020-11-13,1801,1749.58527548271,51.4147245172865
2020-11-16,1789,1752.46671565748,36.5332843425207
2020-11-17,1804,1755.36673847561,48.633261524393
2020-11-18,1816,1758.28509474265,57.7149052573511
2020-11-19,1808,1761.22155536717,46.7784446328301
2020-11-20,1803,1764.17591511475,38.824084885253
2020-11-23,1775,1767.14798808731,7.85201191268912
2020-11-24,1780,1770.1376044351,9.86239556490429
2020-11-25,1806,1773.14459755402,32.8554024459848
2020-11-26,1761,1776.16880491674,-15.1688049167391
2020-11-27,1781,1779.21007757701,1.78992242298852
2020-11-30,1788,1782.26826031845,5.73173968155078
2020-12-01,1753,1785.34319866444,-32.343198664443
2020-12-02,1729,1788.43474050781,-59.4347405078127
2020-12-03,1742,1791.54272037186,-49.5427203718626
2020-12-04,1780,1794.66694821201,-14.6669482120139
2020-12-07,1784,1797.80721350473,-13.8072135047298
2020-12-08,1807,1800.96329966373,6.03670033626895
2020-12-09,1841,1804.13498439545,36.8650156045533
2020-12-10,1811,1807.32204790155,3.67795209845478
2020-12-11,1817,1810.5242856223,6.47571437770285
2020-12-14,1810,1813.74149451821,-3.74149451820991
2020-12-15,1790,1816.97347422667,-26.973474226668
2020-12-16,1817,1820.2200228384,-3.22002283840008
2020-12-17,1812,1823.48092729441,-11.4809272944073
2020-12-18,1867,1826.7559732047,40.2440267953024
2020-12-21,1877,1830.04494143348,46.9550585665157
2020-12-22,1820,1833.34762948029,-13.3476294802894
2020-12-23,1834,1836.6638542539,-2.66385425390228
2020-12-24,1835,1839.99342714578,-4.99342714578328
2020-12-25,1829,1843.33615844625,-14.3361584462485
2020-12-28,1842,1846.69185638155,-4.69185638155123
2020-12-29,1808,1850.06032325193,-42.060323251933
2020-12-30,1814,1853.44135941818,-39.4413594181766
2020-12-31,1831,1856.83474785511,-25.834747855113
2021-01-04,1841,1860.24025523405,-19.2402552340536
2021-01-05,1850,1863.65763754724,-13.6576375472417
2021-01-06,1852,1867.08664283381,-15.0866428338061
2021-01-07,1895,1870.52701348734,24.4729865126634
2021-01-08,1888,1873.97848566518,14.0215143348203
2021-01-11,1913,1877.44080564091,35.5591943590914
2021-01-12,1951,1880.91372548395,70.0862745160484
2021-01-13,1953,1884.39701196253,68.6029880374706
2021-01-14,2008,1887.89046081567,120.109539184327
2021-01-15,2033,1891.39389614017,141.606103859828
2021-01-18,1967,1894.90719168125,72.0928083187514
2021-01-19,1948,1898.43027971838,49.5697202816205
2021-01-20,1930,1901.96312233131,28.0368776686891
2021-01-21,1962,1905.50570208995,56.4942979100488
2021-01-22,1942,1909.0580131535,32.9419868464971
2021-01-25,1991,1912.62007303363,78.3799269663701
2021-01-26,1967,1916.19191285891,50.8080871410901
2021-01-27,1997,1919.77359615701,77.226403842986
2021-01-28,1989,1923.36520745765,65.6347925423499
2021-01-29,2058,1926.96686321281,131.03313678719
2021-02-01,2035,1930.57870700524,104.421292994756
2021-02-02,2045,1934.20093658157,110.799063418428
2021-02-03,1981,1937.83379285192,43.1662071480757
2021-02-04,2009,1941.47756252637,67.5224374736284
2021-02-05,1984,1945.13255015812,38.8674498418848
2021-02-08,1962,1948.79908821145,13.2009117885492
2021-02-09,2016,1952.47752521688,63.5224747831173
2021-02-10,1970,1956.16821516164,13.8317848383576
2021-02-18,2028,1959.87153829065,68.1284617093538
2021-02-19,2026,1963.58788056628,62.4121194337221
2021-02-22,2044,1967.31765611247,76.682343887532
2021-02-23,2045,1971.06130485182,73.938695148181
2021-02-24,2024,1974.81929840436,49.1807015956422
2021-02-25,2029,1978.59213895336,50.4078610466401
2021-02-26,1964,1982.38034901143,-18.3803490114251
2021-03-01,1943,1986.18447192782,-43.184471927822
2021-03-02,1939,1990.00504345401,-51.005043454014
2021-03-03,1907,1993.84258149078,-86.8425814907849
2021-03-04,1895,1997.69758285547,-102.697582855469
2021-03-05,1842,2001.57050846819,-159.570508468192
2021-03-08,1899,2005.46177679798,-106.461776797985
2021-03-09,1895,2009.37174035394,-114.371740353935
2021-03-10,1939,2013.300707638,-74.3007076380021
2021-03-11,1927,2017.24893987551,-90.2489398755095
2021-03-12,1906,2021.21666757893,-115.216667578935
2021-03-15,1969,2025.20408395536,-56.2040839553596
2021-03-16,1950,2029.21133458599,-79.2113345859867
2021-03-17,1981,2033.23854181948,-52.2385418194806
2021-03-18,1969,2037.28579526176,-68.2857952617589
2021-03-19,1939,2041.35316292543,-102.353162925426
2021-03-22,1912,2045.44068459644,-133.440684596443
2021-03-23,1939,2049.54835775214,-110.548357752145
2021-03-24,1969,2053.67612471079,-84.6761247107929
2021-03-25,1979,2057.82388209441,-78.8238820944107
2021-03-26,2020,2061.99149152338,-41.9914915233829
2021-03-29,2012,2066.17878203537,-54.1787820353717
2021-03-30,2003,2070.38556531056,-67.3855653105602
2021-03-31,1947,2074.61163063371,-127.611630633706
2021-04-01,1928,2078.85673943517,-150.856739435166
2021-04-02,1923,2083.12060039571,-160.12060039571
2021-04-06,1937,2087.402859838,-150.402859837999
2021-04-07,1975,2091.7030978973,-116.703097897303
2021-04-08,1976,2096.02083253842,-120.020832538424
2021-04-09,2012,2100.35553348574,-88.3555334857369
2021-04-12,1991,2104.70662085184,-113.706620851839
2021-04-13,2009,2109.07347822678,-100.073478226777
2021-04-14,2036,2113.45544219877,-77.4554421987694
2021-04-15,2040,2117.85180798976,-77.8518079897561
2021-04-16,2056,2122.26183880463,-66.2618388046348
2021-04-19,2061,2126.68476566753,-65.6847656675284
2021-04-20,2040,2131.11979221259,-91.1197922125858
2021-04-21,2052,2135.56609492253,-83.5660949225319
2021-04-22,2097,2140.02281261479,-43.0228126147921
2021-04-23,2092,2144.48904956395,-52.4890495639499
2021-04-26,2063,2148.96389226069,-85.9638922606909
2021-04-27,2106,2153.44640549883,-47.446405498833
2021-04-28,2103,2157.93561853819,-54.9356185381883
2021-04-29,2115,2162.43054102612,-47.4305410261206
2021-04-30,2129,2166.93015990183,-37.930159901826
2021-05-06,2146,2171.43344249861,-25.4334424986071
2021-05-07,2122,2175.93934047098,-53.9393404709791
2021-05-10,2180,2180.44679496029,-0.446794960289658
2021-05-11,2245,2184.95472481154,60.0452751884651
2021-05-12,2279,2189.46204868502,89.5379513149779
2021-05-13,2294,2193.96771006136,100.032289938639
2021-05-14,2216,2198.47068943255,17.529310567449
2021-05-17,2267,2202.97000863991,64.0299913600872
2021-05-18,2340,2207.46469677068,132.535303229316
2021-05-19,2282,2211.95380937953,70.0461906204741
2021-05-20,2294,2216.43645680586,77.5635431941418
2021-05-21,2282,2220.91177834339,61.0882216566086
2021-05-24,2267,2225.37894534748,41.6210546525152
2021-05-25,2238,2229.83715442488,8.16284557511564
2021-05-26,2262,2234.28561938685,27.7143806131537
2021-05-27,2199,2238.72355741878,-39.7235574187842
2021-05-28,2292,2243.15019716213,48.8498028378661
2021-05-31,2346,2247.56475083823,98.4352491617728
2021-06-01,2345,2251.96645086093,93.0335491390734
2021-06-02,2374,2256.35457033328,117.645429666716
2021-06-03,2497,2260.72842081466,236.271579185343
2021-06-04,2439,2265.0873624943,173.912637505703
2021-06-07,2417,2269.43085322663,147.569146773373
2021-06-08,2383,2273.75842275457,109.241577245425
2021-06-09,2354,2278.06966182019,75.9303381798144
2021-06-10,2292,2282.36420632162,9.63579367837699
2021-06-11,2316,2286.64172354358,29.358276456419
2021-06-15,2261,2290.90188475379,-29.9018847537859
2021-06-16,2172,2295.14437335554,-123.14437335554
2021-06-17,2161,2299.36886039184,-138.368860391837
2021-06-18,2129,2303.57496600279,-174.574966002791
2021-06-21,2207,2307.76225313235,-100.762253132355
2021-06-22,2201,2311.93021256232,-110.930212562322
2021-06-23,2257,2316.07829342324,-59.0782934232434
2021-06-24,2318,2320.20589899176,-2.20589899175789
2021-06-25,2301,2324.31240812375,-23.31240812375
2021-06-28,2227,2328.39719876342,-101.397198763418
2021-06-29,2254,2332.45963921846,-78.4596392184602
2021-06-30,2315,2336.49905588305,-21.4990558830459
2021-07-01,2316,2340.51474271937,-24.5147427193671
2021-07-02,2303,2344.5059848027,-41.5059848027011
2021-07-05,2245,2348.47205707497,-103.472057074969
2021-07-06,2314,2352.41221732106,-38.4122173210622
2021-07-07,2293,2356.32568055482,-63.3256805548165
2021-07-08,2305,2360.21164591197,-55.2116459119727
2021-07-09,2343,2364.06928635197,-21.0692863519675
2021-07-12,2395,2367.89775201198,27.1022479880194
2021-07-13,2407,2371.69618431995,35.303815680053
2021-07-14,2434,2375.46373590681,58.5362640931943
2021-07-15,2410,2379.19957399672,30.8004260032826
2021-07-16,2458,2382.90289001034,75.0971099896606
2021-07-19,2525,2386.57288809988,138.427111900116
2021-07-20,2504,2390.20880345988,113.791196540125
2021-07-21,2517,2393.80992850496,123.190071495043
2021-07-22,2498,2397.37560268656,100.624397313443
2021-07-23,2550,2400.90521637767,149.094783622334
2021-07-26,2546,2404.39820154576,141.601798454244
2021-07-27,2548,2407.85405178772,140.145948212281
2021-07-28,2577,2411.27231923314,165.727680766858
2021-07-29,2561,2414.6526139423,146.347386057702
2021-07-30,2528,2417.99461448045,110.00538551955
2021-08-02,2503,2421.29805990716,81.7019400928396
2021-08-03,2494,2424.5627347538,69.4372652462047
2021-08-04,2556,2427.78845732392,128.21154267608
2021-08-05,2507,2430.97507462376,76.0249253762413
2021-08-06,2554,2434.12248665704,119.877513342961
2021-08-09,2549,2437.23062485291,111.769375147088
2021-08-10,2555,2440.29947019339,114.700529806611
2021-08-11,2562,2443.32904986124,118.670950138758
2021-08-12,2465,2446.31943845193,18.6805615480657
2021-08-13,2337,2449.27075961477,-112.27075961477
2021-08-16,2339,2452.18314472071,-113.183144720709
2021-08-17,2347,2455.05667873245,-108.056678732455
2021-08-18,2364,2457.89139982743,-93.8913998274288
2021-08-19,2348,2460.68730151696,-112.687301516956
2021-08-20,2264,2463.44433850109,-199.44433850109
2021-08-23,2272,2466.16241889976,-194.162418899765
2021-08-24,2257,2468.84136839053,-211.841368390527
2021-08-25,2180,2471.48093239193,-291.480932391932
2021-08-26,2198,2474.08076875596,-276.080768755956
2021-08-27,2220,2476.64041484799,-256.640414847989
2021-08-30,2346,2479.15929391273,-133.15929391273
2021-08-31,2351,2481.63672311018,-130.636723110177
2021-09-01,2371,2484.07196455752,-113.07196455752
2021-09-02,2372,2486.46422637192,-114.464226371922
2021-09-03,2412,2488.81266993128,-76.8126699312757
2021-09-06,2436,2491.11640929844,-55.1164092984405
2021-09-07,2464,2493.37452678516,-29.3745267851641
2021-09-08,2476,2495.58608192011,-19.5860819201111
2021-09-09,2608,2497.75012208988,110.24987791012
2021-09-10,2551,2499.86568658483,51.1343134151739
2021-09-13,2528,2501.93186026813,26.0681397318658
2021-09-14,2509,2503.94774914003,5.05225085996512
2021-09-15,2568,2505.91246997617,62.0875300238307
2021-09-16,2667,2507.82514164068,159.174858359325
2021-09-17,2693,2509.68490866197,183.315091338025
2021-09-22,2848,2511.49098136507,336.509018634927
2021-09-23,2915,2513.24264585017,401.757354149828
2021-09-24,2759,2514.93932731669,244.060672683312
2021-09-27,2843,2516.58061703434,326.419382965661
2021-09-28,2891,2518.16620715779,372.83379284221
2021-09-29,2920,2519.69592477026,400.304075229744
2021-09-30,2961,2521.16975106936,439.830248930643
2021-10-08,3098,2522.5878327226,575.4121672774
2021-10-11,3271,2523.95049820545,747.049501794551
2021-10-12,3313,2525.25831384572,787.741686154283
2021-10-13,3036,2526.51215477139,509.487845228608
2021-10-14,2970,2527.71322173112,442.286778268876
2021-10-15,3078,2528.86292607558,549.137073924415
2021-10-18,3230,2529.96286197872,700.037138021285
2021-10-19,3208,2531.01485060576,676.98514939424
2021-10-20,2978,2532.02100248924,445.978997510757
2021-10-21,2893,2532.98370800007,360.016291999932
2021-10-22,2786,2533.90554185896,252.09445814104
2021-10-25,2755,2534.78922760281,220.210772397192
2021-10-26,2783,2535.63759297424,247.362407025762
2021-10-27,2532,2536.45355674223,-4.45355674222752
2021-10-28,2590,2537.24013992538,52.7598600746206
2021-10-29,2468,2538.00036170137,-70.0003617013746
2021-11-01,2345,2538.7372630567,-193.737263056705
2021-11-02,2299,2539.4538560425,-240.4538560425
2021-11-03,2455,2540.15307262678,-85.1530726267815
2021-11-04,2408,2540.83774538352,-132.837745383519
2021-11-05,2389,2541.51067168787,-152.510671687872
2021-11-08,2381,2542.17459400519,-161.174594005195
2021-11-09,2322,2542.83219175908,-220.832191759079
2021-11-10,2323,2543.48607775003,-220.48607775003
2021-11-11,2338,2544.13877349539,-206.138773495385
2021-11-12,2263,2544.79270937241,-281.792709372408
2021-11-15,2264,2545.4502305489,-281.450230548896
2021-11-16,2276,2546.11356571086,-270.113565710861
2021-11-17,2287,2546.7848272041,-259.784827204104
2021-11-18,2217,2547.46601572032,-330.466015720323
2021-11-19,2186,2548.15902456667,-362.159024566671
2021-11-22,2189,2548.86561044889,-359.865610448894
2021-11-23,2234,2549.58738037075,-315.587380370745
2021-11-24,2323,2550.32579258204,-227.325792582044
2021-11-25,2398,2551.08217488145,-153.082174881449
2021-11-26,2366,2551.85776110031,-185.857761100311
2021-11-29,2415,2552.65372179193,-137.653721791933
2021-11-30,2358,2553.4711506835,-195.471150683496
2021-12-01,2357,2554.3110846017,-197.3110846017
2021-12-02,2307,2555.17447957333,-248.174479573329
2021-12-03,2267,2556.06221006462,-289.062210064616
2021-12-06,2269,2556.97504795659,-287.975047956586
2021-12-07,2358,2557.91364564345,-199.913645643451
2021-12-08,2282,2558.87853648211,-276.87853648211
2021-12-09,2340,2559.87017119327,-219.87017119327
2021-12-10,2349,2560.88888604718,-211.888886047181
2021-12-13,2390,2561.93492642859,-171.934926428592
2021-12-14,2393,2563.00845013589,-170.008450135893
2021-12-15,2441,2564.10954389646,-123.109543896462
2021-12-16,2504,2565.23822416311,-61.2382241631104
2021-12-17,2439,2566.39445650005,-127.394456500053
2021-12-20,2324,2567.57818115814,-243.578181158138
2021-12-21,2304,2568.78928572832,-264.789285728321
2021-12-22,2280,2570.02755711631,-290.027557116311
2021-12-23,2335,2571.29267277442,-236.292672774415
2021-12-24,2428,2572.58419026935,-144.58419026935
2021-12-27,2391,2573.90156949385,-182.901569493854
2021-12-28,2402,2575.24421057542,-173.244210575419
2021-12-29,2392,2576.61143803739,-184.611438037392
2021-12-30,2414,2578.00250479087,-164.002504790868
2021-12-31,2428,2579.41658743606,-151.416587436057
2022-01-04,2472,2580.85279478109,-108.852794781093
2022-01-05,2482,2582.3101730446,-100.3101730446
2022-01-06,2431,2583.78772344986,-152.787723449857
2022-01-07,2549,2585.2844057559,-36.284405755902
2022-01-10,2547,2586.79911656549,-39.7991165654862
2022-01-11,2533,2588.33073748288,-55.3307374828755
2022-01-12,2541,2589.87813366094,-48.8781336609404
2022-01-13,2523,2591.44014738108,-68.4401473810769
2022-01-14,2538,2593.01560072041,-55.0156007204125
2022-01-17,2494,2594.60328746569,-100.603287465686
2022-01-18,2510,2596.2019786624,-86.2019786623963
2022-01-19,2577,2597.81040377068,-20.8104037706784
2022-01-20,2589,2599.42725661824,-10.4272566182418
2022-01-21,2611,2601.05122243058,9.94877756942057
2022-01-24,2594,2602.68098212303,-8.68098212302557
2022-01-25,2574,2604.31522072331,-30.3152207233115
2022-01-26,2614,2605.95261967081,8.04738032918794
2022-01-27,2602,2607.59184787385,-5.59184787384996
2022-01-28,2562,2609.23157756712,-47.2315775671157
2022-02-07,2684,2610.8704786739,73.1295213260951
2022-02-08,2700,2612.50720159387,87.4927984061254
2022-02-09,2644,2614.14042695549,29.8595730445068
2022-02-10,2689,2615.76887155322,73.2311284467772
2022-02-11,2568,2617.39126452429,-49.3912645242879
2022-02-14,2512,2619.00636527669,-107.006365276694
2022-02-15,2471,2620.6129128021,-149.612912802098
2022-02-16,2503,2622.20960186005,-119.209601860048
2022-02-17,2477,2623.79506536609,-146.795065366086
2022-02-18,2476,2625.36788695932,-149.36788695932
2022-02-21,2471,2626.92658959969,-155.926589599687
2022-02-22,2408,2628.46963450446,-220.46963450446
2022-02-23,2398,2629.99541843705,-231.995418437052
2022-02-24,2443,2631.50224702773,-188.502247027733
2022-02-25,2349,2632.98833000909,-283.988330009087
2022-02-28,2464,2634.45179919446,-170.451799194462
2022-03-01,2467,2635.8906690079,-168.890669007896
2022-03-02,2580,2637.30288341546,-57.3028834154557
2022-03-03,2687,2638.68631657063,48.3136834293695
2022-03-04,2658,2640.03881894021,17.9611810597933
2022-03-07,2757,2641.35826096187,115.641739038129
2022-03-08,2783,2642.64252049771,140.357479502294
2022-03-09,2746,2643.88952321155,102.110476788449
2022-03-10,2777,2645.0972527853,131.902747214698
2022-03-11,2770,2646.26373510921,123.736264890794
2022-03-14,2786,2647.38705059688,138.612949403119
2022-03-15,2745,2648.46533080948,96.5346691905223
2022-03-16,2715,2649.49676460511,65.5032353948862
2022-03-17,2718,2650.47958074563,67.5204192543691
2022-03-18,2800,2651.41203506918,148.587964930822
2022-03-21,2923,2652.29241132403,270.707588675972
2022-03-22,2880,2653.11905467886,226.88094532114
2022-03-23,2814,2653.89042220204,160.109577797964
2022-03-24,2819,2654.60506474523,164.394935254773
2022-03-25,2766,2655.26159934311,110.738400656893
2022-03-28,2781,2655.8587109845,125.141289015504
2022-03-29,2759,2656.3951304332,102.604869566802
2022-03-30,2796,2656.86964018108,139.130359818924
2022-03-31,2784,2657.2810651329,126.718934867097
2022-04-01,2727,2657.62828770437,69.3717122956249
2022-04-06,2755,2657.91024269185,97.0897573081484
2022-04-07,2744,2658.12589356671,85.8741064332932
2022-04-08,2612,2658.27424393388,-46.2742439338797
2022-04-11,2622,2658.35433289478,-36.3543328947765
2022-04-12,2647,2658.36518042307,-11.3651804230738
2022-04-13,2697,2658.30579146504,38.694208534959
2022-04-14,2708,2658.17516626895,49.8248337310525
2022-04-15,2796,2657.97232107785,138.027678922153
2022-04-18,2815,2657.69629273003,157.30370726997
2022-04-19,2789,2657.34617511929,131.653824880711
2022-04-20,2797,2656.9211271623,140.078872837702
2022-04-21,2822,2656.42036219607,165.579637803928
2022-04-22,2818,2655.8431514607,162.1568485393
2022-04-25,2790,2655.18883464012,134.811165359879
2022-04-26,2934,2654.45681844742,279.543181552584
2022-04-27,2944,2653.64656532127,290.353434678731
2022-04-28,2997,2652.75765325227,344.24234674773
2022-04-29,2912,2651.78978025115,260.210219748848
2022-05-05,2970,2650.74278662499,319.257213375007
2022-05-06,2956,2649.61662024124,306.383379758762
2022-05-09,2982,2648.41136093519,333.588639064814
2022-05-10,2907,2647.12721518886,259.872784811139
2022-05-11,2908,2645.76452737638,262.235472623617
2022-05-12,2910,2644.32374929285,265.676250707152
2022-05-13,2928,2642.80544113096,285.194558869039
2022-05-16,2935,2641.21027290337,293.789727096629
2022-05-17,2961,2639.53903251071,321.460967489294
2022-05-18,2926,2637.79262929418,288.207370705822
2022-05-19,2870,2635.97210547432,234.027894525683
2022-05-20,2823,2634.07862240484,188.921377595165
2022-05-23,2840,2632.11343817737,207.886561822634
2022-05-24,2845,2630.07788897587,214.922111024134
2022-05-25,2870,2627.97339691627,242.026603083729
2022-05-26,2838,2625.80147295472,212.198527045283
2022-05-27,2772,2623.56372809128,148.436271908724
2022-05-30,2755,2621.26186104058,133.738138959425
2022-05-31,2764,2618.89763187466,145.102368125343
2022-06-01,2833,2616.47285594763,216.527144052367
2022-06-02,2933,2613.98940859295,319.010591407045
2022-06-06,2955,2611.44925464797,343.550745352029
2022-06-07,2969,2608.85449081582,360.145509184185
2022-06-08,3059,2606.20735580987,452.79264419013
2022-06-09,2981,2603.5102372132,377.489762786804
2022-06-10,2981,2600.76570977514,380.234290224863
2022-06-13,2846,2597.97650428409,248.023495715909
2022-06-14,2842,2595.14550870201,246.854491297986
2022-06-15,2814,2592.27571351387,221.724286486131
2022-06-16,2753,2589.37021124424,163.629788755756
2022-06-17,2750,2586.43218606969,163.567813930307
2022-06-20,2692,2583.46488980474,108.535110195257
2022-06-21,2737,2580.47164187626,156.528358123739
2022-06-22,2645,2577.45580657515,67.5441934248506
2022-06-23,2717,2574.42081289486,142.579187105138
2022-06-24,2642,2571.37011774888,70.6298822511196
2022-06-27,2706,2568.30723698723,137.692763012774
2022-06-28,2679,2565.23571565546,113.764284344541
2022-06-29,2573,2562.1591557158,10.8408442842037
2022-06-30,2572,2559.08120615602,12.9187938439833
2022-07-01,2579,2556.00552044507,22.9944795549253
2022-07-04,2491,2552.93575739205,-61.9357573920482
2022-07-05,2486,2549.875585311,-63.8755853109981
2022-07-06,2380,2546.82864691422,-166.82864691422
2022-07-07,2376,2543.79855851042,-167.79855851042
2022-07-08,2275,2540.78886744809,-265.788867448088
2022-07-11,2216,2537.80305171449,-321.803051714489
2022-07-12,2173,2534.84447943048,-361.84447943048
2022-07-13,2083,2531.91638569653,-448.916385696529
2022-07-14,2166,2529.021856041,-363.021856040999
2022-07-15,2188,2526.16379042837,-338.163790428373
2022-07-18,2280,2523.34493876458,-243.344938764581
2022-07-19,2177,2520.56791117201,-343.567911172006
2022-07-20,2190,2517.83521718416,-327.835217184164
2022-07-21,2142,2515.14922431745,-373.149224317455
2022-07-22,2183,2512.51216457435,-329.512164574352
2022-07-25,2095,2509.92611571237,-414.926115712373
2022-07-26,2167,2507.39301928203,-340.393019282027
2022-07-27,2145,2504.91464531992,-359.914645319917
2022-07-28,2157,2502.49262315808,-345.492623158078
2022-07-29,2228,2500.1284333542,-272.128433354202
2022-08-01,2187,2497.82341365334,-310.823413653343
2022-08-02,2231,2495.57878931331,-264.578789313307
2022-08-03,2254,2493.39565711023,-239.395657110226
2022-08-04,2241,2491.27500445394,-250.275004453941
2022-08-05,2136,2489.21771979775,-353.217719797751
2022-08-08,2170,2487.22458814136,-317.22458814136
2022-08-09,2192,2485.29624847845,-293.29624847845
2022-08-10,2240,2483.43320867484,-243.433208674841
2022-08-11,2238,2481.63585535951,-243.635855359507
2022-08-12,2336,2479.90447453575,-143.904474535754
2022-08-15,2301,2478.23925149775,-177.239251497747
2022-08-16,2272,2476.64031205535,-204.640312055352
2022-08-17,2267,2475.10770875488,-208.107708754879
2022-08-18,2193,2473.64140955238,-280.641409552382
2022-08-19,2140,2472.24129638075,-332.241296380749
2022-08-22,2184,2470.9071351669,-286.907135166902
2022-08-23,2286,2469.63855450262,-183.638554502623
2022-08-24,2286,2468.43506438387,-182.435064383866
2022-08-25,2282,2467.29609889764,-185.296098897644
2022-08-26,2311,2466.22101671976,-155.221016719756
2022-08-29,2275,2465.20909993203,-190.209099932025
2022-08-30,2273,2464.25956645405,-191.259566454054
2022-08-31,2290,2463.37155558081,-173.371555580811
2022-09-01,2280,2462.54412754819,-182.544127548194
2022-09-02,2337,2461.77627092718,-124.776270927176
2022-09-05,2416,2461.0668988324,-45.0668988323984
2022-09-06,2396,2460.414872801,-64.4148728010002
2022-09-07,2384,2459.81903574131,-75.8190357413114
2022-09-08,2378,2459.27820393509,-81.2782039350889
2022-09-09,2419,2458.79116232353,-39.7911623235271
2022-09-13,2467,2458.35666225076,8.64333774924164
2022-09-14,2465,2457.97343861286,7.02656138713804
2022-09-15,2442,2457.64022987874,-15.6402298787402
2022-09-16,2407,2457.35577742169,-50.3557774216856
2022-09-19,2407,2457.11881615002,-50.1188161500242
2022-09-20,2413,2456.92806015703,-43.9280601570266
2022-09-21,2459,2456.78220281887,2.21779718112725
2022-09-22,2475,2456.67991935361,18.3200806463857
2022-09-23,2449,2456.61988589599,-7.61988589598532
2022-09-26,2414,2456.60078615361,-42.6007861536127
2022-09-27,2432,2456.62130068437,-24.6213006843672
2022-09-28,2448,2456.68009243664,-8.68009243664245
2022-09-29,2505,2456.77581418125,48.2241858187534
2022-09-30,2543,2456.90711510123,86.0928848987739
2022-10-10,2506,2457.07266431334,48.9273356866565
2022-10-11,2478,2457.27116652183,20.7288334781664
2022-10-12,2498,2457.5013466555,40.498653344498
2022-10-13,2424,2457.76193821168,-33.7619382116753
2022-10-14,2422,2458.05169142806,-36.0516914280608
2022-10-17,2328,2458.3693425866,-130.369342586604
2022-10-18,2313,2458.71361306693,-145.713613066929
2022-10-19,2265,2459.0831703592,-194.0831703592
2022-10-20,2262,2459.47662172151,-197.476621721514
2022-10-21,2225,2459.89249418569,-234.892494185691
2022-10-24,2249,2460.3292331547,-211.329233154704
2022-10-25,2224,2460.7851869364,-236.7851869364
2022-10-26,2229,2461.25861648362,-232.258616483621
2022-10-27,2232,2461.74768487174,-229.747684871742
2022-10-28,2243,2462.25045916978,-219.250459169782
2022-10-31,2246,2462.76491147826,-216.76491147826
2022-11-01,2315,2463.28892326841,-148.288923268411
2022-11-02,2324,2463.82028640954,-139.820286409541
2022-11-03,2341,2464.3567314743,-123.3567314743
2022-11-04,2381,2464.89593123924,-83.8959312392383
2022-11-07,2362,2465.43550749021,-103.43550749021
2022-11-08,2405,2465.97304733385,-60.9730473338506
2022-11-09,2433,2466.50609512073,-33.5060951207334
2022-11-10,2441,2467.0321699976,-26.0321699976043
2022-11-11,2473,2467.54877726114,5.4512227388587
2022-11-14,2423,2468.05341144739,-45.0534114473927
2022-11-15,2438,2468.5435693457,-30.5435693456956
2022-11-16,2424,2469.01672912211,-45.0167291221118
2022-11-17,2490,2469.47035631728,20.5296436827165
2022-11-18,2521,2469.90189786367,51.0981021363324
2022-11-21,2524,2470.30880917994,53.691190820063
2022-11-22,2518,2470.68856680659,47.3114331934117
2022-11-23,2509,2471.03866947788,37.9613305221214
2022-11-24,2633,2471.35663548481,161.643364515189
2022-11-25,2631,2471.63999881001,159.360001189991
2022-11-28,2580,2471.88636025293,108.113639747074
2022-11-29,2561,2472.09338648609,88.9066135139066
2022-11-30,2548,2472.25878887189,75.7412111281072
2022-12-01,2542,2472.3803155231,69.6196844768952
2022-12-02,2619,2472.45574586076,146.54425413924
2022-12-05,2622,2472.48288808412,149.51711191588
2022-12-06,2592,2472.45961096767,119.540389032326
2022-12-07,2568,2472.38384509046,95.6161549095409
2022-12-08,2608,2472.25357044457,135.746429555433
2022-12-09,2614,2472.06680654619,141.933193453808
2022-12-12,2687,2471.82162902335,215.178370976651
2022-12-13,2674,2471.51617217365,202.483827826353
2022-12-14,2641,2471.14865924092,169.851340759077
2022-12-15,2679,2470.71739716748,208.282602832525
2022-12-16,2583,2470.22076310564,112.779236894359
2022-12-19,2480,2469.65722030288,10.3427796971227
2022-12-20,2466,2469.02527862543,-3.02527862543016
2022-12-21,2525,2468.32345221478,56.6765477852224
2022-12-22,2480,2467.55025396181,12.4497460381876
2022-12-23,2435,2466.70422018543,-31.704220185425
2022-12-26,2483,2465.78389235028,17.2161076497236
2022-12-27,2497,2464.78779881631,32.2122011836905
2022-12-28,2488,2463.71447505947,24.2855249405299
2022-12-29,2516,2462.5624698713,53.4375301287021
2022-12-30,2544,2461.33034208175,82.6696579182519
2023-01-03,2571,2460.01667260994,110.983327390062
2023-01-04,2545,2458.62007654694,86.3799234530584
2023-01-05,2514,2457.13921486017,56.8607851398284
2023-01-06,2570,2455.57278422289,114.427215777107
2023-01-09,2563,2453.91950481241,109.08049518759
2023-01-10,2532,2452.17814410552,79.8218558944798
2023-01-11,2562,2450.34751466872,111.65248533128
2023-01-12,2591,2448.42646206344,142.573537936558
2023-01-13,2625,2446.41387800371,178.586121996286
2023-01-16,2571,2444.30871313809,126.691286861908
2023-01-17,2617,2442.10999193494,174.890008065058
2023-01-18,2618,2439.81679123245,178.183208767553
2023-01-19,2634,2437.42826016056,196.571739839439
2023-01-20,2633,2434.94362150329,198.056378496705
2023-01-30,2588,2432.36217929923,155.637820700772
2023-01-31,2533,2429.6833194562,103.316680543798
2023-02-01,2538,2426.9064922157,111.093507784296
2023-02-02,2532,2424.03119052685,107.968809473153
2023-02-03,2494,2421.05695325968,72.9430467403223
2023-02-06,2506,2417.98336391464,88.016636085363
2023-02-07,2473,2414.81003614379,58.189963856208
2023-02-08,2460,2411.53661998194,48.4633800180648
2023-02-09,2444,2408.16278951665,35.8372104833517
2023-02-10,2417,2404.68823886896,12.3117611310393
2023-02-13,2363,2401.11267697328,-38.1126769732841
2023-02-14,2401,2397.4358178532,3.56418214680101
2023-02-15,2444,2393.65735977819,50.3426402218144
2023-02-16,2493,2389.7770024908,103.222997509202
2023-02-17,2490,2385.79446654347,104.205533456527
2023-02-20,2508,2381.70951515675,126.290484843254
2023-02-21,2530,2377.52195462553,152.478045374473
2023-02-22,2540,2373.23164344802,166.768356551981
2023-02-23,2524,2368.83850315088,155.161496849116
2023-02-24,2550,2364.34252419612,185.65747580388
2023-02-27,2482,2359.74376118324,122.256238816763
2023-02-28,2450,2355.04234545515,94.9576545448453
2023-03-01,2483,2350.23845889038,132.761541109621
2023-03-02,2540,2345.33232261914,194.667677380855
2023-03-03,2506,2340.32421265007,165.675787349931
2023-03-06,2500,2335.21448545953,164.785514540466
2023-03-07,2520,2330.00356600759,189.996433992413
2023-03-08,2520,2324.69194737028,195.308052629716
2023-03-09,2499,2319.28020116008,179.719798839923
2023-03-10,2441,2313.7689797221,127.231020277899
2023-03-13,2480,2308.15900969054,171.840990309462
2023-03-14,2466,2302.45107029172,163.54892970828
2023-03-15,2493,2296.64601178399,196.353988216012
2023-03-16,2469,2290.7447520304,178.2552479696
2023-03-17,2557,2284.74829005865,272.251709941347
2023-03-20,2531,2278.65769858027,252.342301419733
2023-03-21,2471,2272.47416284463,198.525837155371
2023-03-22,2488,2266.19897240897,221.801027591034
2023-03-23,2523,2259.83349889352,263.166501106483
2023-03-24,2505,2253.37920560209,251.620794397911
2023-03-27,2464,2246.83766462066,217.162335379338
2023-03-28,2439,2240.21055204536,198.78944795464
2023-03-29,2410,2233.49963373841,176.500366261594
2023-03-30,2403,2226.7067577336,176.293242266404
2023-03-31,2417,2219.83384502275,197.166154977249
2023-04-03,2392,2212.88288947049,179.11711052951
2023-04-04,2404,2205.85596644168,198.144033558322
2023-04-06,2287,2198.75522534132,88.2447746586758
2023-04-07,2284,2191.58289747906,92.4171025209365
2023-04-10,2358,2184.34125064134,173.658749358665
2023-04-11,2397,2177.0325908162,219.9674091838
2023-04-12,2382,2169.65929577517,212.340704224828
2023-04-13,2071,2162.2238342154,-91.2238342154041
2023-04-14,2037,2154.7287626073,-117.728762607302
2023-04-17,2052,2147.17659971292,-95.1765997129225
2023-04-18,2093,2139.56981562993,-46.5698156299277
2023-04-19,2077,2131.91084111388,-54.9108411138778
2023-04-20,2088,2124.2020876702,-36.2020876701965
2023-04-21,2034,2116.44594410646,-82.4459441064588
2023-04-24,2016,2108.64478426567,-92.644784265667
2023-04-25,1982,2100.80094791107,-118.80094791107
2023-04-26,2001,2092.91673651013,-91.9167365101307
2023-04-27,1988,2084.99440242304,-96.9944024230428
2023-04-28,1994,2077.03616001495,-83.0361600149457
2023-05-04,1991,2069.04418355771,-78.0441835577135
2023-05-05,1946,2061.0206129993,-115.020612999299
2023-05-08,1954,2052.96755602738,-98.9675560273778
2023-05-09,1912,2044.88707278458,-132.887072784579
2023-05-10,1909,2036.78118250451,-127.781182504509
2023-05-11,1892,2028.65184949051,-136.651849490505
2023-05-12,1860,2020.50098522628,-160.500985226279
2023-05-15,1841,2012.33044470921,-171.330444709208
2023-05-16,1864,2004.142016592,-140.142016591997
2023-05-17,1872,1995.93741870628,-123.937418706278
2023-05-18,1838,1987.71831095457,-149.71831095457
2023-05-19,1791,1979.48630200865,-188.486302008646
2023-05-22,1711,1971.24293865276,-260.242938652759
2023-05-23,1663,1962.98968975849,-299.989689758491
2023-05-24,1658,1954.72791662348,-296.727916623481
2023-05-25,1673,1946.45885654167,-273.458856541674
2023-05-26,1662,1938.18362415164,-276.183624151639
2023-05-29,1673,1929.90322105504,-256.90322105504
2023-05-30,1681,1921.61853469034,-240.618534690343
2023-05-31,1718,1913.33034630255,-195.330346302547
2023-06-01,1744,1905.03933767463,-161.039337674626
2023-06-02,1754,1896.74610984785,-142.746109847847
2023-06-05,1716,1888.45119729629,-172.451197296289
2023-06-06,1682,1880.15507548853,-198.155075488528
2023-06-07,1664,1871.85814860875,-207.858148608749
2023-06-08,1672,1863.5607389318,-191.560738931798
2023-06-09,1691,1855.26308281232,-164.263082812321
2023-06-12,1631,1846.96533742146,-215.965337421458
