"USB05YUSDDate","USB05YUSDClose","USB05YUSD_hpft","USB05YUSD_hpfc"
2016-03-22,120.264,121.28368122151,-1.01968122150968
2016-03-23,120.559,121.289286474804,-0.730286474803745
2016-03-24,120.486,121.294891306603,-0.808891306602592
2016-03-28,120.524,121.30049499354,-0.77649499353996
2016-03-29,121.046,121.306096477886,-0.260096477886406
2016-03-30,121.192,121.311694380941,-0.119694380940743
2016-03-31,121.456,121.317287216488,0.138712783511727
2016-04-01,121.344,121.322873448838,0.0211265511624423
2016-04-04,121.423,121.328451599635,0.0945484003646328
2016-04-05,121.592,121.334020199261,0.257979800739046
2016-04-06,121.441,121.339577817177,0.101422182823102
2016-04-07,121.791,121.345123129484,0.445876870516131
2016-04-08,121.71,121.350654854206,0.359345145793666
2016-04-11,121.672,121.356171893676,0.315828106323628
2016-04-12,121.409,121.361673298765,0.0473267012351305
2016-04-13,121.364,121.367158250893,-0.00315825089339198
2016-04-14,121.211,121.372625951046,-0.161625951046411
2016-04-15,121.388,121.378075598903,0.00992440109707899
2016-04-18,121.326,121.383506327332,-0.0575063273322828
2016-04-19,121.175,121.388917273306,-0.213917273306133
2016-04-20,120.876,121.394307550025,-0.518307550025361
2016-04-21,120.781,121.399676182266,-0.61867618226605
2016-04-22,120.656,121.405021980557,-0.749021980556781
2016-04-25,120.572,121.41034349969,-0.838343499690297
2016-04-26,120.494,121.415638984844,-0.921638984843716
2016-04-27,120.859,121.420906334657,-0.561906334656695
2016-04-28,121.025,121.4261430668,-0.401143066800424
2016-04-29,121.003,121.431346466677,-0.428346466676534
2016-05-02,120.831,121.43651365387,-0.605513653870336
2016-05-03,121.205,121.441641570906,-0.236641570905872
2016-05-04,121.288,121.446726910012,-0.158726910012239
2016-05-05,121.464,121.4517662656,0.0122337343995583
2016-05-06,121.354,121.45675616647,-0.102756166470081
2016-05-09,121.519,121.461693146478,0.0573068535222053
2016-05-10,121.467,121.466573697005,0.000426302995217009
2016-05-11,121.465,121.471394333121,-0.0063943331207305
2016-05-12,121.269,121.476151570071,-0.20715157007147
2016-05-13,121.407,121.48084192046,-0.0738419204598507
2016-05-16,121.119,121.48546181126,-0.3664618112603
2016-05-17,120.936,121.490007638924,-0.554007638924122
2016-05-18,120.473,121.494475648422,-1.02147564842214
2016-05-19,120.533,121.498861855721,-0.965861855720557
2016-05-20,120.597,121.503161854549,-0.906161854548648
2016-05-23,120.555,121.507370839387,-0.952370839387209
2016-05-24,120.382,121.511483630146,-1.12948363014635
2016-05-25,120.378,121.515494653064,-1.13749465306404
2016-05-26,120.649,121.519397867495,-0.870397867495435
2016-05-27,120.336,121.523186762601,-1.18718676260106
2016-05-30,120.245,121.526854467754,-1.28185446775394
2016-05-31,120.483,121.530393621592,-1.04739362159152
2016-06-01,120.454,121.533796332885,-1.07979633288468
2016-06-02,120.644,121.537054277454,-0.893054277453677
2016-06-03,121.309,121.540158684774,-0.231158684774151
2016-06-06,121.181,121.54310041517,-0.362100415169506
2016-06-07,121.273,121.545870233411,-0.272870233411128
2016-06-08,121.299,121.548458754593,-0.249458754592506
2016-06-09,121.338,121.550856481014,-0.212856481014026
2016-06-10,121.642,121.55305381186,0.0889461881403902
2016-06-13,121.814,121.555041058327,0.258958941673378
2016-06-14,121.786,121.556808568379,0.229191431620775
2016-06-15,122.151,121.558346797025,0.592653202974797
2016-06-16,122.053,121.559646294011,0.49335370598918
2016-06-17,121.953,121.560697854061,0.392302145939213
2016-06-20,121.662,121.561492475833,0.100507524166842
2016-06-21,121.507,121.562021320147,-0.0550213201472458
2016-06-22,121.627,121.562275589368,0.0647244106315691
2016-06-23,121.298,121.562246463118,-0.264246463118195
2016-06-24,122.297,121.561925147773,0.735074852226986
2016-06-27,122.678,121.56130274048,1.11669725951978
2016-06-28,122.569,121.560370642238,1.00862935776173
2016-06-29,122.283,121.559120715642,0.723879284358064
2016-06-30,122.574,121.557545240213,1.01645475978671
2016-07-01,122.568,121.555636794698,1.01236320530178
2016-07-04,122.606,121.553388378002,1.05261162199768
2016-07-05,122.834,121.550793407502,1.28320659249766
2016-07-06,122.764,121.547845735683,1.21615426431736
2016-07-07,122.695,121.544539745453,1.15046025454696
2016-07-08,122.752,121.540870322433,1.21112967756734
2016-07-11,122.356,121.536832827795,0.819167172204936
2016-07-12,122.054,121.532423123346,0.521576876654318
2016-07-13,122.152,121.527637409501,0.62436259049941
2016-07-14,121.933,121.522472102275,0.410527897724647
2016-07-15,121.866,121.516923875771,0.349076124228703
2016-07-18,121.736,121.510989573786,0.22501042621378
2016-07-19,121.817,121.504666184411,0.312333815588736
2016-07-20,121.683,121.497950788748,0.185049211251968
2016-07-21,121.912,121.490840597005,0.421159402995339
2016-07-22,121.783,121.483332895881,0.299667104118925
2016-07-25,121.64,121.475425146167,0.164574853833054
2016-07-26,121.693,121.467114932523,0.225885067476739
2016-07-27,121.976,121.458399907639,0.517600092361342
2016-07-28,121.996,121.449277817574,0.546722182425834
2016-07-29,122.315,121.439746622346,0.87525337765387
2016-08-01,122.058,121.429804507963,0.628195492036963
2016-08-02,122.023,121.419450022229,0.603549977771222
2016-08-03,122.089,121.408681972618,0.680318027382275
2016-08-04,122.287,121.397499416087,0.889500583912819
2016-08-05,121.721,121.385901690812,0.335098309188443
2016-08-08,121.674,121.373888502648,0.300111497352187
2016-08-09,121.844,121.361459695969,0.482540304030551
2016-08-10,122.03,121.348615239204,0.681384760795851
2016-08-11,121.67,121.335355300242,0.334644699757775
2016-08-12,121.904,121.321680328631,0.582319671369066
2016-08-15,121.705,121.307590912247,0.397409087753101
2016-08-16,121.573,121.293087879673,0.279912120326791
2016-08-17,121.708,121.278172223767,0.429827776233228
2016-08-18,121.832,121.262845053088,0.56915494691152
2016-08-19,121.532,121.247107653873,0.284892346127346
2016-08-22,121.673,121.23096154762,0.442038452379784
2016-08-23,121.655,121.214408373594,0.440591626406094
2016-08-24,121.616,121.197449953778,0.418550046221829
2016-08-25,121.471,121.18008829228,0.290911707719983
2016-08-26,121.115,121.162325566219,-0.0473255662187359
2016-08-29,121.381,121.144164072964,0.236835927036145
2016-08-30,121.357,121.125606090323,0.231393909676623
2016-08-31,121.281,121.106653994003,0.174346005996701
2016-09-01,121.367,121.087310255358,0.279689744641894
2016-09-02,121.308,121.06757741781,0.240422582189527
2016-09-05,121.25,121.047458140396,0.202541859603636
2016-09-06,121.703,121.026955181531,0.676044818468756
2016-09-07,121.666,121.006071383354,0.659928616646162
2016-09-08,121.3725,120.984809867453,0.387690132547253
2016-09-09,121.173,120.963174028205,0.209825971795392
2016-09-12,121.306,120.941167420241,0.364832579758623
2016-09-13,121.064,120.918793684928,0.14520631507179
2016-09-14,121.282,120.896056614438,0.385943385561843
2016-09-15,121.43,120.872960060966,0.557039939033613
2016-09-16,121.313,120.849508036242,0.463491963758386
2016-09-19,121.205,120.82570478225,0.3792952177495
2016-09-20,121.305,120.801554732569,0.503445267431436
2016-09-21,121.353,120.777062477557,0.575937522443298
2016-09-22,121.454,120.752232815679,0.701767184320655
2016-09-23,121.529,120.727070783471,0.801929216528549
2016-09-26,121.751,120.701581707549,1.04941829245056
2016-09-27,121.775,120.675771246015,1.09922875398454
2016-09-28,121.732,120.649645490759,1.08235450924136
2016-09-29,121.826,120.623210988045,1.20278901195481
2016-09-30,121.64,120.596474731543,1.04352526845667
2016-10-03,121.427,120.569444212106,0.85755578789447
2016-10-04,121.2,120.542127351936,0.657872648063824
2016-10-05,121.111,120.514532427718,0.596467572281632
2016-10-06,120.901,120.486667988073,0.414332011926766
2016-10-07,120.997,120.458542828178,0.538457171822011
2016-10-10,120.75,120.430165914478,0.319834085522419
2016-10-11,120.833,120.401546435994,0.431453564006057
2016-10-12,120.822,120.372693713955,0.449306286044883
2016-10-13,120.962,120.343617247935,0.618382752065235
2016-10-14,120.865,120.314326723232,0.550673276768224
2016-10-17,121.052,120.28483208076,0.767167919240348
2016-10-18,121.192,120.255143489058,0.936856510941639
2016-10-19,121.163,120.225271433784,0.937728566216113
2016-10-20,121.053,120.195226787851,0.857773212148905
2016-10-21,121.126,120.165020811794,0.960979188205825
2016-10-24,121.002,120.134665120716,0.867334879283735
2016-10-25,121.013,120.104171726951,0.908828273049314
2016-10-26,120.885,120.073553001352,0.811446998647818
2016-10-27,120.669,120.042821690448,0.626178309551589
2016-10-28,120.801,120.011990876187,0.789009123813356
2016-10-31,120.901,119.981073899351,0.919926100648987
2016-11-01,120.939,119.95008442687,0.988915573129679
2016-11-02,121.105,119.919036505934,1.18596349406606
2016-11-03,121.129,119.887944592509,1.24105540749096
2016-11-04,121.272,119.856823632792,1.41517636720753
2016-11-07,121.014,119.825689085983,1.18831091401652
2016-11-08,120.708,119.794556996258,0.913443003741672
2016-11-09,120.011,119.763443898993,0.247556101006769
2016-11-10,119.758,119.732366707145,0.0256332928550488
2016-11-11,119.534,119.701342436,-0.167342435999999
2016-11-14,119.139,119.670388111441,-0.531388111440876
2016-11-15,119.048,119.639520690177,-0.591520690177195
2016-11-16,119.078,119.608756909264,-0.530756909264025
2016-11-17,118.858,119.578113261246,-0.720113261245709
2016-11-18,118.601,119.547606019273,-0.946606019273197
2016-11-21,118.612,119.517251158831,-0.905251158831247
2016-11-22,118.723,119.487064264116,-0.764064264115978
2016-11-23,118.331,119.457060545129,-1.12606054512904
2016-11-24,118.219,119.427254896039,-1.20825489603853
2016-11-25,118.386,119.397661745544,-1.01166174554421
2016-11-28,118.59,119.368295022903,-0.778295022902503
2016-11-29,118.625,119.339168239189,-0.714168239189068
2016-11-30,118.358,119.310294583764,-0.952294583764068
2016-12-01,118.036,119.281686950779,-1.24568695077876
2016-12-02,118.404,119.253357840744,-0.849357840744196
2016-12-05,118.315,119.225319239255,-0.910319239254985
2016-12-06,118.35,119.197582780815,-0.847582780814766
2016-12-07,118.563,119.170159723638,-0.607159723638164
2016-12-08,118.418,119.143060975583,-0.725060975583049
2016-12-09,118.147,119.116297193532,-0.96929719353165
2016-12-12,118.156,119.089878734656,-0.933878734655595
2016-12-13,118.085,119.063815555458,-0.978815555458104
2016-12-14,117.426,119.038117226414,-1.61211722641368
2016-12-15,117.087,119.012792913394,-1.92579291339437
2016-12-16,117.22,118.987851115888,-1.76785111588818
2016-12-19,117.48,118.963299537337,-1.48329953733683
2016-12-20,117.401,118.939145150424,-1.53814515042429
2016-12-21,117.46,118.915394314698,-1.45539431469798
2016-12-22,117.406,118.892052753898,-1.48605275389766
2016-12-23,117.508,118.869125590161,-1.36112559016143
2016-12-27,117.356,118.846617331354,-1.49061733135384
2016-12-28,117.636,118.824531922704,-1.18853192270394
2016-12-29,117.853,118.80287269328,-0.949872693279919
2016-12-30,117.967,118.781642480859,-0.814642480858814
2017-01-03,117.899,118.760843730578,-0.86184373057828
2017-01-04,117.962,118.740478550836,-0.778478550836209
2017-01-05,118.347,118.720548693778,-0.373548693777759
2017-01-06,117.971,118.701055589757,-0.730055589756534
2017-01-09,118.199,118.682000514717,-0.483000514717236
2017-01-10,118.189,118.663384442828,-0.474384442827593
2017-01-11,118.189,118.645208148603,-0.456208148603187
2017-01-12,118.265,118.627472210468,-0.362472210467533
2017-01-13,118.102,118.610177018267,-0.508177018266701
2017-01-16,118.184,118.593322812015,-0.40932281201472
2017-01-17,118.481,118.576909621667,-0.0959096216668245
2017-01-18,117.952,118.56093730798,-0.608937307979524
2017-01-19,117.801,118.545405692064,-0.744405692064202
2017-01-20,117.961,118.530314343322,-0.569314343322228
2017-01-23,118.318,118.515662523448,-0.197662523447651
2017-01-24,118.02,118.501449258803,-0.481449258803437
2017-01-25,117.775,118.487673494046,-0.712673494046113
2017-01-26,117.904,118.47433397482,-0.57033397482028
2017-01-27,117.955,118.46142915218,-0.50642915218046
2017-01-30,117.968,118.448957241428,-0.480957241427933
2017-01-31,118.122,118.436916248526,-0.314916248526347
2017-02-01,117.989,118.425303980631,-0.436303980631238
2017-02-02,118.026,118.414118114724,-0.388118114723608
2017-02-03,118.043,118.403356147435,-0.360356147434966
2017-02-06,118.398,118.393015414964,0.0049845850358339
2017-02-07,118.408,118.383093104553,0.0249068954469529
2017-02-08,118.593,118.373586405504,0.219413594496312
2017-02-09,118.28,118.364492517414,-0.0844925174143342
2017-02-10,118.207,118.35580873058,-0.148808730579725
2017-02-13,118.081,118.347532300368,-0.26653230036829
2017-02-14,117.789,118.339660420638,-0.550660420638058
2017-02-15,117.631,118.332190175072,-0.701190175071718
2017-02-16,117.928,118.325118419732,-0.39711841973246
2017-02-17,118.102,118.318441720839,-0.216441720838922
2017-02-20,118.08,118.312156480458,-0.232156480457925
2017-02-21,118.065,118.306259011187,-0.241259011186754
2017-02-22,118.12,118.300745529659,-0.180745529658975
2017-02-23,118.337,118.295612152781,0.0413878472186602
2017-02-24,118.639,118.290854922748,0.348145077251956
2017-02-27,118.315,118.286469898861,0.0285301011391619
2017-02-28,118.12,118.282453284331,-0.162453284331394
2017-03-01,117.638,118.278801294164,-0.64080129416368
2017-03-02,117.443,118.275510076211,-0.832510076210836
2017-03-03,117.522,118.272575513444,-0.750575513443943
2017-03-06,117.509,118.269993144708,-0.760993144707618
2017-03-07,117.38,118.26775819859,-0.887758198589659
2017-03-08,117.193,118.265865589113,-1.07286558911315
2017-03-09,117.025,118.264309863338,-1.23930986333786
2017-03-10,117.146,118.263085124844,-1.11708512484415
2017-03-13,116.977,118.262184964931,-1.28518496493143
2017-03-14,117.022,118.261602513141,-1.23960251314095
2017-03-15,117.633,118.261330367771,-0.62833036777062
2017-03-16,117.435,118.261360614716,-0.826360614716248
2017-03-17,117.565,118.261685080147,-0.696685080147087
2017-03-20,117.738,118.262295248648,-0.524295248647916
2017-03-21,117.968,118.263182316822,-0.29518231682193
2017-03-22,118.001,118.26433726455,-0.263337264550443
2017-03-23,117.934,118.265750949697,-0.331750949697405
2017-03-24,117.957,118.267414121274,-0.310414121274361
2017-03-27,118.119,118.26931739116,-0.150317391159775
2017-03-28,117.872,118.27145124292,-0.399451242919915
2017-03-29,118.08,118.273806097986,-0.193806097985668
2017-03-30,117.895,118.276372212671,-0.381372212670986
2017-03-31,118.115,118.279139763178,-0.164139763177947
2017-04-03,118.449,118.282098768065,0.166901231935153
2017-04-04,118.275,118.285239178041,-0.0102391780409508
2017-04-05,118.443,118.288551012806,0.154448987193893
2017-04-06,118.423,118.292024287827,0.130975712172588
2017-04-07,118.121,118.295649082415,-0.174649082415466
2017-04-10,118.219,118.299415530021,-0.0804155300205401
2017-04-11,118.587,118.3033136919,0.2836863081001
2017-04-12,118.888,118.307333596071,0.580666403929362
2017-04-13,118.913,118.311465387814,0.601534612185827
2017-04-17,118.877,118.315699452436,0.56130054756413
2017-04-18,119.224,118.320026423892,0.903973576108399
2017-04-19,119.049,118.324437168156,0.724562831843784
2017-04-20,118.918,118.328922924871,0.589077075129053
2017-04-21,118.923,118.333475233182,0.589524766817955
2017-04-24,118.738,118.338085875737,0.399914124263391
2017-04-25,118.48,118.342746878868,0.137253121132441
2017-04-26,118.617,118.347450434216,0.26954956578375
2017-04-27,118.628,118.352188790159,0.275811209841086
2017-04-28,118.642,118.356954306493,0.285045693507237
2017-05-01,118.537,118.361739457024,0.175260542975739
2017-05-02,118.692,118.366536833386,0.325463166613618
2017-05-03,118.469,118.371339099658,0.0976609003423747
2017-05-04,118.308,118.37613905445,-0.068139054449938
2017-05-05,118.357,118.380929536744,-0.0239295367443938
2017-05-08,118.194,118.385703357356,-0.191703357356046
2017-05-09,118.135,118.390453317208,-0.255453317208479
2017-05-10,118.082,118.395172137983,-0.313172137982842
2017-05-11,118.167,118.399852435766,-0.232852435766141
2017-05-12,118.539,118.404486697193,0.134513302807414
2017-05-15,118.452,118.409067312645,0.0429326873554408
2017-05-16,118.525,118.413586728107,0.111413271893079
2017-05-17,118.984,118.418037407311,0.565962592689031
2017-05-18,118.878,118.422411860042,0.455588139957973
2017-05-19,118.843,118.426702830031,0.416297169968598
2017-05-22,118.793,118.430903249332,0.362096750667662
2017-05-23,118.625,118.435006222079,0.189993777921462
2017-05-24,118.85,118.43900500208,0.410994997920135
2017-05-25,118.766,118.442892921682,0.323107078317771
2017-05-26,118.787,118.44666348312,0.340336516879975
2017-05-29,118.826,118.450310322187,0.375689677812959
2017-05-30,118.914,118.453827215359,0.460172784640989
2017-05-31,118.937,118.457208094406,0.479791905593747
2017-06-01,118.892,118.460447081316,0.431552918683848
2017-06-02,119.099,118.463538496403,0.63546150359736
2017-06-05,118.978,118.466476838366,0.511523161633537
2017-06-06,119.134,118.469256868583,0.664743131417334
2017-06-07,118.993,118.471873559869,0.521126440130959
2017-06-08,118.935,118.474322159822,0.460677840178281
2017-06-09,118.861,118.47659813145,0.384401868550192
2017-06-12,118.788,118.478697128187,0.309302871812568
2017-06-13,118.776,118.480614962366,0.295385037634426
2017-06-14,119.087,118.482347574168,0.604652425831938
2017-06-15,118.86,118.48389102588,0.376108974120443
2017-06-16,118.97,118.485241629724,0.484758370276425
2017-06-19,118.709,118.486395853392,0.222604146608153
2017-06-20,118.841,118.487350364956,0.353649635044214
2017-06-21,118.812,118.488101924502,0.323898075497764
2017-06-22,118.872,118.488647438303,0.383352561697204
2017-06-23,118.89,118.488983946516,0.401016053484424
2017-06-26,118.891,118.489108647761,0.401891352238988
2017-06-27,118.619,118.489018906423,0.129981093576832
2017-06-28,118.649,118.488712253013,0.160287746987489
2017-06-29,118.499,118.488186271768,0.0108137282321494
2017-06-30,118.309,118.487438613185,-0.178438613185014
2017-07-03,118.063,118.486466932229,-0.423466932229477
2017-07-04,118.026,118.485268810108,-0.459268810107729
2017-07-05,118.121,118.483841652981,-0.362841652981248
2017-07-06,118.034,118.482182677169,-0.448182677169297
2017-07-07,117.987,118.480288949006,-0.493288949006248
2017-07-10,118.036,118.478157349566,-0.442157349566106
2017-07-11,118.113,118.475784556017,-0.362784556016945
2017-07-12,118.321,118.473167062757,-0.15216706275665
2017-07-13,118.228,118.470301214223,-0.242301214222738
2017-07-14,118.355,118.467183291953,-0.112183291953006
2017-07-17,118.375,118.463809477328,-0.08880947732752
2017-07-18,118.553,118.460175905355,0.0928240946451712
2017-07-19,118.497,118.456278674332,0.040721325667821
2017-07-20,118.539,118.452113920927,0.0868860790729224
2017-07-21,118.628,118.44767779864,0.180322201360272
2017-07-24,118.516,118.442966496886,0.0730335031143302
2017-07-25,118.195,118.437976279618,-0.242976279618278
2017-07-26,118.468,118.43270344098,0.0352965590199705
2017-07-27,118.388,118.427144174677,-0.0391441746765094
2017-07-28,118.478,118.421294689003,0.0567053109965993
2017-07-31,118.449,118.415151176076,0.0338488239235657
2017-08-01,118.6,118.408709851451,0.191290148549408
2017-08-02,118.485,118.401966944673,0.0830330553272259
2017-08-03,118.668,118.394918764361,0.273081235638793
2017-08-04,118.525,118.387561653457,0.137438346543386
2017-08-07,118.529,118.379892067781,0.149107932219027
2017-08-08,118.506,118.371906519968,0.134093480032275
2017-08-09,118.573,118.363601584285,0.209398415714827
2017-08-10,118.724,118.354973890431,0.369026109569251
2017-08-11,118.883,118.346020154658,0.53697984534176
2017-08-14,118.728,118.336737245762,0.391262754237675
2017-08-15,118.482,118.327122254504,0.154877745496165
2017-08-16,118.665,118.317172433376,0.347827566624066
2017-08-17,118.825,118.306885098892,0.518114901108318
2017-08-18,118.756,118.296257711342,0.459742288657818
2017-08-21,118.814,118.285287945186,0.528712054813855
2017-08-22,118.648,118.273973664922,0.374026335078464
2017-08-23,118.827,118.262312953595,0.564687046404985
2017-08-24,118.677,118.25030404886,0.426695951140204
2017-08-25,118.74,118.237945421788,0.502054578211567
2017-08-28,118.841,118.225235719832,0.615764280167517
2017-08-29,118.953,118.212173797972,0.740826202027532
2017-08-30,118.871,118.198758765722,0.67224123427839
2017-08-31,118.929,118.184990038821,0.744009961179259
2017-09-01,118.759,118.170867310888,0.588132689112197
2017-09-04,118.892,118.156390583085,0.73560941691497
2017-09-05,119.219,118.141560099685,1.07743990031537
2017-09-06,119.021,118.12637640903,0.894623590969998
2017-09-07,119.306,118.110840504835,1.1951594951647
2017-09-08,119.252,118.094953750616,1.15704624938431
2017-09-11,118.863,118.078718003918,0.784281996081695
2017-09-12,118.718,118.062135600566,0.6558643994344
2017-09-13,118.601,118.045209200571,0.55579079942921
2017-09-14,118.533,118.027941735055,0.505058264944805
2017-09-15,118.391,118.010336364882,0.380663635118044
2017-09-18,118.286,117.992396459685,0.293603540315365
2017-09-19,118.238,117.974125546448,0.263874453552231
2017-09-20,118.026,117.95552727352,0.070472726480051
2017-09-21,117.959,117.936605398325,0.0223946016750298
2017-09-22,118.067,117.917363707417,0.149636292582737
2017-09-25,118.184,117.897805996608,0.286194003392157
2017-09-26,118.102,117.877936123562,0.22406387643807
2017-09-27,117.897,117.857758064246,0.0392419357543861
2017-09-28,117.985,117.837275887244,0.147724112755739
2017-09-29,117.743,117.816493677363,-0.0734936773632677
2017-10-02,117.75,117.795415580472,-0.0454155804721239
2017-10-03,117.821,117.774045712061,0.0469542879391965
2017-10-04,117.831,117.752388168846,0.0786118311537271
2017-10-05,117.695,117.730447066954,-0.0354470669545047
2017-10-06,117.627,117.708226555007,-0.0812265550066672
2017-10-09,117.62,117.685730766971,-0.0657307669714675
2017-10-10,117.63,117.662963803242,-0.0329638032416195
2017-10-11,117.598,117.639929737039,-0.041929737039257
2017-10-12,117.69,117.616632627961,0.0733673720393242
2017-10-13,117.871,117.59307651827,0.277923481729884
2017-10-16,117.627,117.569265480559,0.0577345194407379
2017-10-17,117.583,117.545203702302,0.0377962976978168
2017-10-18,117.429,117.520895394838,-0.0918953948375618
2017-10-19,117.627,117.496344785128,0.130655214871817
2017-10-20,117.33,117.47155606215,-0.141556062150247
2017-10-23,117.433,117.446533468888,-0.013533468888087
2017-10-24,117.246,117.421281189812,-0.175281189812351
2017-10-25,117.217,117.3958034038,-0.178803403799598
2017-10-26,117.078,117.370104217272,-0.292104217272095
2017-10-27,117.298,117.344187662742,-0.0461876627420445
2017-10-30,117.468,117.318057651977,0.149942348022788
2017-10-31,117.362,117.291718077653,0.0702819223465236
2017-11-01,117.347,117.265172894427,0.0818271055732185
2017-11-02,117.408,117.238426086005,0.16957391399502
2017-11-03,117.436,117.21148166992,0.224518330080466
2017-11-06,117.455,117.184343733797,0.270656266202633
2017-11-07,117.434,117.157016458072,0.276983541927864
2017-11-08,117.341,117.129504135056,0.211495864944033
2017-11-09,117.38,117.101811171554,0.278188828445587
2017-11-10,117.168,117.073942061798,0.0940579382022959
2017-11-13,117.06,117.045901415008,0.0140985849925019
2017-11-14,117.107,117.017693879286,0.0893061207143764
2017-11-15,117.227,116.989324108561,0.23767589143864
2017-11-16,117.079,116.96079679368,0.118203206320382
2017-11-17,117.085,116.932116723731,0.152883276268997
2017-11-20,116.918,116.903288736667,0.0147112633334286
2017-11-21,116.805,116.874317733633,-0.0693177336332687
2017-11-22,117.091,116.845208621859,0.245791378140919
2017-11-23,117.085,116.815966279919,0.269033720081075
2017-11-24,117.02,116.786595687988,0.233404312012465
2017-11-27,117.014,116.757101937448,0.25689806255234
2017-11-28,117.066,116.727490216162,0.338509783837859
2017-11-29,116.883,116.697765818185,0.185234181815126
2017-11-30,116.655,116.667934177497,-0.0129341774965078
2017-12-01,116.753,116.638000804646,0.114999195354338
2017-12-04,116.614,116.607971204835,0.0060287951653977
2017-12-05,116.594,116.577850930802,0.0161490691983839
2017-12-06,116.74,116.547645537777,0.192354462222906
2017-12-07,116.696,116.517360587667,0.178639412333256
2017-12-08,116.678,116.487001721888,0.190998278112048
2017-12-11,116.58,116.4565746557,0.123425344299542
2017-12-12,116.515,116.426085183315,0.0889148166850911
2017-12-13,116.822,116.395539149961,0.426460850038898
2017-12-14,116.684,116.364942437623,0.319057562377382
2017-12-15,116.592,116.334301104565,0.257698895435166
2017-12-18,116.549,116.303621340939,0.24537865906131
2017-12-19,116.319,116.272909443417,0.0460905565825421
2017-12-20,116.219,116.242171810104,-0.0231718101041047
2017-12-21,116.181,116.211414858154,-0.0304148581535526
2017-12-22,116.151,116.180644995142,-0.0296449951424731
2017-12-26,116.184,116.149868616075,0.034131383924788
2017-12-27,116.381,116.119092103702,0.261907896297907
2017-12-28,116.308,116.088321854882,0.219678145118037
2017-12-29,116.38,116.057564374736,0.322435625264073
2018-01-02,116.217,116.026826259191,0.190173740808912
2018-01-03,116.207,115.996114237457,0.210885762543435
2018-01-04,116.079,115.965435117352,0.113564882648407
2018-01-05,116.014,115.934795793867,0.0792042061328728
2018-01-08,115.99,115.904203208937,0.0857967910627366
2018-01-09,115.808,115.873664337236,-0.0656643372360316
2018-01-10,115.844,115.843186188902,0.000813811097732584
2018-01-11,115.818,115.812775746932,0.00522425306824937
2018-01-12,115.73,115.782439994657,-0.0524399946569451
2018-01-15,115.697,115.75218591757,-0.0551859175696298
2018-01-16,115.698,115.722020479485,-0.0240204794848684
2018-01-17,115.51,115.691950621406,-0.181950621406265
2018-01-18,115.409,115.661983274408,-0.252983274408317
2018-01-19,115.262,115.632125294354,-0.370125294354377
2018-01-22,115.235,115.602383432535,-0.367383432534795
2018-01-23,115.397,115.572764287245,-0.175764287244793
2018-01-24,115.308,115.543274304918,-0.235274304918327
2018-01-25,115.378,115.513919859335,-0.13591985933535
2018-01-26,115.131,115.484707227023,-0.353707227022825
2018-01-29,115.045,115.455642628324,-0.410642628323965
2018-01-30,114.964,115.426732137374,-0.462732137373565
2018-01-31,114.835,115.397981658563,-0.562981658563397
2018-02-01,114.651,115.36939690501,-0.718396905010219
2018-02-02,114.605,115.340983357117,-0.735983357116923
2018-02-05,115.176,115.31274619833,-0.136746198329962
2018-02-06,114.845,115.28469030787,-0.439690307869851
2018-02-07,114.655,115.256820508432,-0.601820508431932
2018-02-08,114.797,115.229141440961,-0.432141440960988
2018-02-09,114.822,115.201657497633,-0.379657497633342
2018-02-12,114.728,115.174372891996,-0.446372891995649
2018-02-13,114.783,115.147291680659,-0.364291680659284
2018-02-14,114.301,115.120417735724,-0.819417735723532
2018-02-15,114.287,115.093754778703,-0.806754778703297
2018-02-16,114.409,115.0673061924,-0.658306192399512
2018-02-19,114.267,115.041075026133,-0.774075026133093
2018-02-20,114.325,115.015064057108,-0.690064057107898
2018-02-21,114.153,114.989275742556,-0.836275742555945
2018-02-22,114.283,114.963712254465,-0.680712254464906
2018-02-23,114.437,114.938375419139,-0.501375419139467
2018-02-26,114.511,114.913266781505,-0.402266781504839
2018-02-27,114.232,114.888387679239,-0.656387679238581
2018-02-28,114.317,114.863739283737,-0.546739283736817
2018-03-01,114.661,114.839322495071,-0.178322495071315
2018-03-02,114.422,114.815137987315,-0.393137987314614
2018-03-05,114.35,114.791186360827,-0.441186360827034
2018-03-06,114.332,114.767468053462,-0.435468053461634
2018-03-07,114.326,114.743983320703,-0.417983320703106
2018-03-08,114.425,114.720732238031,-0.295732238030622
2018-03-09,114.305,114.697714708147,-0.392714708146601
2018-03-12,114.391,114.674930511509,-0.283930511508935
2018-03-13,114.474,114.652379266243,-0.1783792662434
2018-03-14,114.51,114.63006047311,-0.120060473110209
2018-03-15,114.437,114.607973559135,-0.170973559134724
2018-03-16,114.355,114.586117901714,-0.231117901714272
2018-03-19,114.283,114.564492807573,-0.281492807572601
2018-03-20,114.092,114.543097487898,-0.45109748789847
2018-03-21,114.206,114.521931037523,-0.315931037523118
2018-03-22,114.438,114.500992364812,-0.0629923648120093
2018-03-23,114.56,114.480280247537,0.0797197524630415
2018-03-26,114.363,114.459793437432,-0.0967934374320325
2018-03-27,114.72,114.439530719184,0.28046928081632
2018-03-28,114.623,114.419490837469,0.203509162531393
2018-03-29,114.698,114.399672652897,0.298327347103003
2018-04-02,114.827,114.380075110203,0.446924889797411
2018-04-03,114.612,114.360697277435,0.251302722564555
2018-04-04,114.491,114.341538407386,0.149461592613809
2018-04-05,114.41,114.322597856724,0.0874021432760871
2018-04-06,114.665,114.303875043899,0.361124956100833
2018-04-09,114.593,114.285369423491,0.307630576509128
2018-04-10,114.465,114.267080599353,0.197919400647234
2018-04-11,114.524,114.249008302501,0.274991697499279
2018-04-12,114.216,114.231152345762,-0.0151523457622163
2018-04-13,114.236,114.213512655636,0.0224873443643487
2018-04-16,114.156,114.196089152356,-0.040089152355707
2018-04-17,114.161,114.178881765453,-0.0178817654528277
2018-04-18,113.939,114.161890407885,-0.222890407885482
2018-04-19,113.834,114.145114985221,-0.311114985221215
2018-04-20,113.627,114.128555310893,-0.501555310893457
2018-04-23,113.516,114.112211069733,-0.596211069733027
2018-04-24,113.513,114.096081739248,-0.583081739248142
2018-04-25,113.471,114.080166550497,-0.609166550497255
2018-04-26,113.577,114.064464493516,-0.487464493516396
2018-04-27,113.629,114.048974306536,-0.419974306536363
2018-04-30,113.635,114.03369452629,-0.398694526290139
2018-05-01,113.57,114.01862351591,-0.448623515909909
2018-05-02,113.637,114.003759473724,-0.366759473723623
2018-05-03,113.712,113.989100412617,-0.277100412616575
2018-05-04,113.67,113.97464419387,-0.304644193869975
2018-05-07,113.653,113.960388564223,-0.307388564223357
2018-05-08,113.548,113.946331144488,-0.398331144488227
2018-05-09,113.412,113.932469428414,-0.520469428414016
2018-05-10,113.471,113.918800745096,-0.447800745096348
2018-05-11,113.437,113.90532220849,-0.468322208489661
2018-05-14,113.334,113.892030747445,-0.558030747445358
2018-05-15,113.072,113.878923097229,-0.806923097229421
2018-05-16,112.968,113.86599576244,-0.89799576244026
2018-05-17,113.004,113.853244914127,-0.849244914126771
2018-05-18,113.227,113.840666352142,-0.613666352142455
2018-05-21,113.179,113.828255525297,-0.649255525297258
2018-05-22,113.191,113.816007628736,-0.62500762873615
2018-05-23,113.493,113.803917589228,-0.310917589227954
2018-05-24,113.561,113.791980075188,-0.230980075188376
2018-05-25,113.855,113.780189626512,0.0748103734876961
2018-05-28,114.049,113.768540687617,0.280459312383373
2018-05-29,114.554,113.757027733842,0.796972266157846
2018-05-30,114.164,113.74564535646,0.418354643539815
2018-05-31,114.051,113.734388476178,0.316611523821937
2018-06-01,113.805,113.723252186635,0.0817478133654719
2018-06-04,113.593,113.712231712342,-0.119231712342442
2018-06-05,113.7,113.701322311606,-0.00132231160598004
2018-06-06,113.509,113.690519193444,-0.181519193443888
2018-06-07,113.718,113.679817566328,0.0381824336719261
2018-06-08,113.637,113.669212563698,-0.0322125636980749
2018-06-11,113.582,113.658699334776,-0.0766993347762399
2018-06-12,113.508,113.648273015469,-0.140273015469479
2018-06-13,113.38,113.63792870998,-0.25792870998049
2018-06-14,113.479,113.627661464529,-0.148661464528557
2018-06-15,113.539,113.617466218716,-0.0784662187157807
2018-06-18,113.546,113.607337850694,-0.0613378506935261
2018-06-19,113.661,113.597271206178,0.0637287938215961
2018-06-20,113.494,113.587261105532,-0.0932611055322646
2018-06-21,113.687,113.57730239546,0.109697604539936
2018-06-22,113.684,113.567389884116,0.11661011588371
2018-06-25,113.746,113.557518425,0.188481574999961
2018-06-26,113.782,113.547682919812,0.234317080187659
2018-06-27,114.014,113.537878348165,0.476121651835075
2018-06-28,113.941,113.528099786527,0.412900213473297
2018-06-29,113.79,113.518342508176,0.271657491823773
2018-07-02,113.734,113.508601957068,0.225398042931622
2018-07-03,113.888,113.49887368945,0.389126310549718
2018-07-04,113.823,113.48915335474,0.333846645260383
2018-07-05,113.843,113.479436763203,0.363563236796862
2018-07-06,113.903,113.469719863106,0.433280136893534
2018-07-09,113.738,113.459998752998,0.278001247002386
2018-07-10,113.72,113.450269710525,0.269730289474849
2018-07-11,113.732,113.440529128252,0.291470871747764
2018-07-12,113.745,113.430773510238,0.314226489762385
2018-07-13,113.844,113.420999481022,0.423000518977536
2018-07-16,113.711,113.411203795036,0.299796204963552
2018-07-17,113.661,113.401383381561,0.25961661843927
2018-07-18,113.65,113.3915352938,0.258464706199903
2018-07-19,113.812,113.381656692275,0.430343307725476
2018-07-20,113.676,113.371744844343,0.304255155657279
2018-07-23,113.409,113.36179719525,0.0472028047498542
2018-07-24,113.383,113.351811316009,0.0311886839909676
2018-07-25,113.263,113.341784797143,-0.0787847971434088
2018-07-26,113.244,113.331715242069,-0.0877152420694822
2018-07-27,113.312,113.321600221637,-0.00960022163694939
2018-07-30,113.288,113.311437270438,-0.0234372704375245
2018-07-31,113.277,113.301223919095,-0.0242239190946291
2018-08-01,113.153,113.290957688544,-0.137957688543625
2018-08-02,113.248,113.280636089707,-0.0326360897066637
2018-08-03,113.449,113.27025657648,0.178743423520289
2018-08-06,113.472,113.259816589268,0.2121834107316
2018-08-07,113.289,113.249313642364,0.0396863576363269
2018-08-08,113.341,113.238745337764,0.102254662235515
2018-08-09,113.456,113.228109293875,0.227890706125371
2018-08-10,113.75,113.217403171366,0.532596828634214
2018-08-13,113.726,113.206624725111,0.519375274889371
2018-08-14,113.622,113.195771930136,0.4262280698644
2018-08-15,113.783,113.184842976156,0.598157023843555
2018-08-16,113.733,113.173836229074,0.559163770925828
2018-08-17,113.746,113.162750302044,0.583249697956092
2018-08-20,113.933,113.151584039357,0.781415960643325
2018-08-21,113.852,113.140336526395,0.711663473604659
2018-08-22,113.904,113.129007171549,0.774992828451314
2018-08-23,113.8,113.117595677379,0.682404322621302
2018-08-24,113.84,113.106102066798,0.73389793320184
2018-08-27,113.71,113.094526644798,0.615473355201571
2018-08-28,113.551,113.082870019735,0.468129980265352
2018-08-29,113.452,113.071133054374,0.380866945626098
2018-08-30,113.61,113.05931680499,0.550683195010436
2018-08-31,113.674,113.04742248529,0.626577514710121
2018-09-03,113.667,113.035451536614,0.631548463386472
2018-09-04,113.515,113.023405659301,0.491594340698938
2018-09-05,113.521,113.01128681475,0.509713185250209
2018-09-06,113.644,112.999097167562,0.644902832437765
2018-09-07,113.273,112.986839093036,0.286160906963853
2018-09-10,113.258,112.974515233046,0.283484766954207
2018-09-11,113.036,112.962128347753,0.0738716522468159
2018-09-12,113.073,112.949681314501,0.123318685498631
2018-09-13,113.015,112.937177041169,0.0778229588311324
2018-09-14,112.88,112.924618486609,-0.0446184866094563
2018-09-17,112.943,112.912008641846,0.0309913581543821
2018-09-18,112.69,112.899350479456,-0.209350479456374
2018-09-19,112.679,112.886646984831,-0.207646984831358
2018-09-20,112.646,112.873901056823,-0.227901056823107
2018-09-21,112.675,112.861115508451,-0.186115508451222
2018-09-24,112.589,112.84829305853,-0.25929305853024
2018-09-25,112.532,112.835436348942,-0.303436348941949
2018-09-26,112.74,112.822547914387,-0.0825479143868514
2018-09-27,112.668,112.809630164137,-0.141630164137075
2018-09-28,112.681,112.796685473343,-0.115685473342807
2018-10-01,112.658,112.78371615861,-0.125716158609883
2018-10-02,112.702,112.770724488725,-0.0687244887245379
2018-10-03,112.277,112.757712680507,-0.480712680506947
2018-10-04,112.275,112.744682922369,-0.469682922369366
2018-10-05,112.162,112.731637204017,-0.569637204016742
2018-10-08,112.21,112.718577321006,-0.508577321006013
2018-10-09,112.207,112.705504833429,-0.49850483342898
2018-10-10,112.463,112.692421091152,-0.229421091152035
2018-10-11,112.461,112.67932723798,-0.218327237979729
2018-10-12,112.403,112.666224322883,-0.263224322883146
2018-10-15,112.427,112.653113304586,-0.226113304585685
2018-10-16,112.378,112.639995033004,-0.261995033004391
2018-10-17,112.211,112.62687026459,-0.415870264590139
2018-10-18,112.357,112.613739647496,-0.25673964749561
2018-10-19,112.261,112.600603657969,-0.339603657969442
2018-10-22,112.246,112.587462666134,-0.341462666134418
2018-10-23,112.416,112.574316901735,-0.158316901734831
2018-10-24,112.757,112.561166453368,0.195833546631967
2018-10-25,112.677,112.54801134419,0.128988655810446
2018-10-26,112.917,112.534851678305,0.382148321695379
2018-10-29,112.847,112.521687613137,0.325312386862816
2018-10-30,112.68,112.508519464076,0.171480535924078
2018-10-31,112.576,112.495347680981,0.0806523190193518
2018-11-01,112.652,112.482172784594,0.169827215405768
2018-11-02,112.321,112.468995328998,-0.14799532899805
2018-11-05,112.337,112.455815938473,-0.118815938473168
2018-11-06,112.217,112.442635176125,-0.225635176125375
2018-11-07,112.144,112.429453555947,-0.285453555946686
2018-11-08,112.009,112.416271498661,-0.407271498660655
2018-11-09,112.078,112.403089306996,-0.325089306995768
